{
    "ehi_mod_title" : "Extra Heist Info",
    "ehi_mod_desc" : "",

    "ehi_save_data_corrupted" : "Uložené nastavení modu EHI je poškozené",
    "ehi_save_data_corrupted_desc" : "Uložené nastavení je poškozené a nelze ho načíst\nEHI načte výchozí hodnoty, aby hra nespadla",

    "ehi_wrong_game_version": "Verze hry není kompatibilní s EHI",
    "ehi_wrong_game_version_desc" : "Tvoje verze hry není kompatibilní s touto verzí EHI\nAby se zabránilo nečekaným pádům hry, EHI se vypne a nebude se načítat se hrou\nProsím aktualizuj hru, aby jsi mohl dál používat EHI",

    "ehi_menu_reset_to_default" : "$BTN_RESET Nastavit výchozí hodnotu",
    "ehi_menu_large_steps" : "$BTN_STEP Větší posunutí",

    "ehi_level_restart_required" : "Aby se nastavení projevilo, je potřeba restartovat mapu",

    "ehi_item_depends_on" : "Funkce '$option;' musí být zapnutá aby tato možnost fungovala",

    "ehi_menu_next_page" : "Další stránka -->",
    "ehi_menu_previous_page" : "<-- Předchozí stránka",

    "ehi_language" : "Jazyk",
    "ehi_language_desc" : "Mění jazyk modifikace. Aby se nový jazyk načetl, je potřeba restartovat mapu.",
    "ehi_language_1" : "Automaticky",

    "ehi_menu_only" : "Pouze v menu",
    "ehi_show_preview_text" : "Zobrazit text 'Náhled'",
    "ehi_show_preview_text_desc" : "Zobrazuje nebo skrývá náhledový text",

    "ehi_mission_briefing_toggle_plan_text" : "PŘEPNOUT",
    "ehi_mission_briefing_next_plan_text" : "DALŠÍ",

    "ehi_popup_experience" : "ZKUŠENOSTI",
    "ehi_popup_experience_base_gained" : "Získán základ ZK: ",
    "ehi_popup_experience_gained" : "Získáno: ",
    "ehi_popup_experience_lost" : "Ztraceno: ",
    "ehi_popup_experience_total" : "Celkem: ",
    "ehi_popup_gage_packages" : "GAGE BALÍČKY",
    "ehi_popup_minion" : "PŘEVEDENEC",
    "ehi_popup_minion_killed" : "Tvůj převedenec byl zabit",
    "ehi_popup_achievement_failed" : "ACHIEVEMENT SELHAL!",
    "ehi_popup_achievement_started" : "LZE ZÍSKAT ACHIEVEMENT!",
    "ehi_popup_trophy_started" : "LZE ZÍSKAT TROFEJ!",
    "ehi_popup_trophy_failed" : "TROFEJ SELHALA!",
    "ehi_popup_daily_started" : "LZE DOKONČIT DENNÍ VÝZVU!",
    "ehi_popup_daily_failed" : "DENNÍ VÝZVA SELHALA!",
    "ehi_popup_loot_counter" : "POČET LUPU",
    "ehi_popup_all_loot_secured" : "Všechny pytle s lupem jsou zajištěny",
    "ehi_popup_all_xp_loot_secured" : "Všechny možné ZK ze zajištěných pytlů byly uděleny",
    "ehi_popup_sniper" : "ODSTŘELOVAČ!",
    "ehi_popup_sniper_spawned" : "Objevil se nepřátelský odstřelovač",
    "ehi_popup_snipers" : "ODSTŘELOVAČI!",
    "ehi_popup_snipers_spawned" : "Objevili se nepřátelští odstřelovači",
    "ehi_popup_sniper_logic_start" : "SPUŠTĚNA LOGIKA ODSTŘELOVAČŮ",
    "ehi_popup_sniper_logic_started" : "Logika nepřátelských odstřelovačů byla spuštěna",
    "ehi_popup_sniper_logic_end" : "UKONČENA LOGIKA ODSTŘELOVAČŮ",
    "ehi_popup_sniper_logic_ended" : "Logika nepřátelských odstřelovačů byla ukončena",
    "ehi_status_ok" : "OK",
    "ehi_status_done" : "HOTOVO",
    "ehi_status_pass" : "SPLNĚNO",
    "ehi_status_defend" : "BRÁNIT",
    "ehi_status_finish" : "DOKONČIT",
    "ehi_status_secure" : "ZAJISTIT",
    "ehi_status_no_down" : "BEZ PÁDU",
    "ehi_status_destroy" : "ZNIČIT",
    "ehi_status_alarm" : "ALARM",
    "ehi_status_ready" : "PŘIPRAVIT",
    "ehi_status_loud" : "HLASITĚ",
    "ehi_status_mark" : "OZNAČIT",
    "ehi_status_push" : "ZMÁČKNOUT",
    "ehi_status_hack" : "HACKNOUT",
    "ehi_status_land" : "PŘISTÁT",
    "ehi_status_find" : "NAJÍT",
    "ehi_status_bring" : "DONÉST",
    "ehi_status_objective" : "ÚKOL",
    "ehi_status_fail" : "SELHÁNÍ",
    "ehi_status_endless" : "NEKONEČNÝ",
    "ehi_status_break" : "PAUZA",
    "ehi_hint_drill" : "Vrták",
    "ehi_hint_hack" : "Hack",
    "ehi_hint_laser" : "Laser",
    "ehi_hint_pager" : "Pager",
    "ehi_hint_process" : "Proces",
    "ehi_hint_saw" : "Pila",
    "ehi_hint_timelock" : "Časový zámek",
    "ehi_hint_timer" : "Časovač",
    "ehi_hint_gained_xp" : "Získané ZK",
    "ehi_hint_total_xp" : "Celkem ZK",
    "ehi_hint_endless_assault" : "Nekonečný útok",
    "ehi_hint_fire" : "Oheň",
    "ehi_hint_fire_recharge" : "Obnovení ohně",
    "ehi_hint_escape" : "Únik",
    "ehi_hint_loot_escape" : "Únik se zajišťovací zónou",
    "ehi_hint_loot" : "Zajišťovací zóna",
    "ehi_hint_loot_timed" : "Časově omezená zajišťovací zóna",
    "ehi_hint_cooking_chance" : "Šance na vaření",
    "ehi_hint_scripted_bulldozer" : "Naskriptovaný Bulldozer",
    "ehi_hint_enemy_snipers" : "Odstřelovači",
    "ehi_hint_enemy_snipers_heli" : "Odstřelovač v helikoptéře",
    "ehi_hint_enemy_snipers_loop" : "Opakující se odstřelovači",
    "ehi_hint_van_crash_chance" : "Šance na vybourání auta",
    "ehi_hint_cutter" : "Fréza",
    "ehi_hint_wait" : "Čekat",
    "ehi_hint_teargas" : "Slzný plyn",
    "ehi_hint_drill_delivery" : "Dodání vrtáku",
    "ehi_hint_drill_parts_delivery" : "Dodání částí vrtáku",
    "ehi_hint_thermite" : "Termit",
    "ehi_hint_explosion" : "Exploze",
    "ehi_hint_pick_up_phone" : "Zvednout telefon",
    "ehi_hint_kills" : "Vyžadované zabití",
    "ehi_hint_winch" : "Naviják",
    "ehi_hint_c4_delivery" : "Dodání C4",
    "ehi_hint_code" : "Kód",
    "ehi_hint_color_codes" : "Barevné kódy",
    "ehi_hint_keypad_reset" : "Resetování klávesnice",
    "ehi_hint_fuel_transfer" : "Přesun paliva",
    "ehi_hint_charging" : "Nabíjení",
    "ehi_hint_alarm" : "Alarm",
    "ehi_hint_drama" : "Drama",
    "ehi_hint_assault" : "Útok",
    "ehi_hint_assault_delay" : "Pauza před útokem",
    "ehi_hint_assault_time" : "Délka útoku",
    "ehi_hint_pager_counter" : "Počet pagerů",
    "ehi_hint_pager_chance" : "Šance na pager",
    "ehi_hint_zipline_bag" : "Zipline (Pytel)",
    "ehi_hint_zipline_person" : "Zipline (Hráč)",
    "ehi_hint_zipline_reset" : "Resetování Zipline",
    "ehi_hint_chance" : "Šance",
    "ehi_hint_loot_counter" : "Počet lupu",
    "ehi_hint_trade_delay" : "Délka ve vazbě",
    "ehi_hint_deployables" : "Výbava",
    "ehi_hint_doctor_fak" : "Lékárničky + FAK",
    "ehi_hint_doctor_bag" : "Lékárničky",
    "ehi_hint_ammo_bag" : "Náboje",
    "ehi_hint_fak" : "FAK",
    "ehi_hint_bodybags_bag" : "Pytle na těla",
    "ehi_hint_throwables" : "Hoditelné",
    "ehi_hint_defend" : "Bránit",
    "ehi_hint_restarting" : "Restartování",
    "ehi_hint_civilians" : "Civilisté",
    "ehi_hint_damage_reduction" : "Snížení uděleného poškození",
    "ehi_hint_enemy_count" : "Počet nepřátel",
    "ehi_hint_bodybags_counter" : "Počet pytlů na mrtvoly",
    "ehi_hint_gage" : "Gage balíčky",
    "ehi_hint_converts" : "Převedenci",
    "ehi_hint_sentry_reload" : "Turret (Nabíjení)",
    "ehi_hint_sentry_repair" : "Turret (Opravování)",
    "ehi_hint_sentry_teargas" : "Turret (Slzný plyn)",
    "ehi_hint_diff" : "Obtížnost vlny",
    "ehi_hint_ecm_jammer" : "ECM Jammer",
    "ehi_hint_ecm_feedback" : "ECM Feedback",
    "ehi_hint_ecm_feedback_refresh" : "Znovunabití ECM Feedback",
    "ehi_hint_phalanx_chance" : "Šance na Kapitána",
    "ehi_hint_hostage" : "Počet rukojmích",
    "ehi_hint_looped_camera" : "Kamera ve zpětné smyčce",
    "ehi_hint_piggy" : "Piggy Bank",
    "ehi_hint_turret_en_route" : "Nepřátelský Turret je na cestě",
    "ehi_hint_modifier_civilian_alarm" : "Počet zabití civilistů do alarmu",

    "ehi_hint_big_piggy" : "Přesouvání čuníka",
    "ehi_hint_brb_winch_delivery" : "Dodání navijáku",
    "ehi_hint_cane_safe" : "Událost se Sejfem",
    "ehi_hint_crojob3_water" : "Plnění vodou",
    "ehi_hint_crojob3_water_enroute" : "Helikoptéra s vodou",
    "ehi_hint_crojob3_water_refill" : "Helikoptéra se plní vodou",
    "ehi_hint_des_crane" : "Jeřáb",
    "ehi_hint_des_chem_set" : "Chemický set",
    "ehi_hint_des_chem_set_restart" : "Chemický set se restartuje",
    "ehi_hint_des_chem_set_interrupt" : "Chemický set se přerušil",
    "ehi_hint_des_chem_set_cooking" : "Chemický set vaří",
    "ehi_hint_election_day_3_crash_chance" : "Šance že aplikace selže",
    "ehi_hint_election_day_3_crash_chance_time" : "Čas do selhání",
    "ehi_hint_friend_heli" : "Helikoptéra je na cestě",
    "ehi_hint_friend_heli_random" : "Helikoptéra letí k náhodnému autu",
    "ehi_hint_friend_heli_caddilac" : "Helikoptéra letí ke Caddilacu",
    "ehi_hint_friend_heli_drop_car" : "Helikoptéra shodí auto",
    "ehi_hint_hox_1_vehicle_move" : "Přesun vozidla",
    "ehi_hint_hox_1_car" : "Přesun náklaďáku",
    "ehi_hint_hox_2_request" : "Počet požadavků",
    "ehi_hint_hox_2_evidence" : "Šance na správný důkaz",
    "ehi_hint_kosugi_heli" : "Přílet helikoptéry",
    "ehi_hint_kosugi_loot" : "Přílet lupu",
    "ehi_hint_kosugi_guards" : "Přílet strážných",
    "ehi_hint_kosugi_keycard" : "Vložit kartu",
    "ehi_hint_mad_bomb" : "Shození bomby",
    "ehi_hint_mad_scan" : "Sken",
    "ehi_hint_mad_emp" : "EMP",
    "ehi_hint_mallcrasher_destruction" : "Ničení",
    "ehi_hint_man_code" : "Šance na kód",
    "ehi_hint_mia_1_location" : "Umístění",
    "ehi_hint_mia_1_meth_done" : "Perník dokončen",
    "ehi_hint_mia_1_next_meth_ingredient" : "Další ingredience perníku",
    "ehi_hint_mia_2_loot" : "Čas než bude zničen kokain",
    "ehi_hint_nail_chemicals_en_route" : "Chemikálie jsou na cestě",
    "ehi_hint_nmh_incoming_police_patrol" : "Blížící se policejní hlídka",
    "ehi_hint_nmh_incoming_civilian" : "Blížící se civilista",
    "ehi_hint_nmh_patient_file_chance" : "Šance na správnou složku pacienta",
    "ehi_hint_nmh_vial_fail" : "Vzorek selhal",
    "ehi_hint_nmh_vial_success" : "Správný vzorek",
    "ehi_hint_pal_money" : "Tištění peněz",
    "ehi_hint_pent_chance" : "Šance na zapnutí generátoru",
    "ehi_hint_peta2_loot_zone_delivery" : "Dodání zajišťovací zóny",
    "ehi_hint_pines_chance" : "Šance na dáreček",
    "ehi_hint_pines_chance_reduction" : "Snížení šance na dáreček",
    "ehi_hint_pines_santa" : "Helikoptéra pro Santu",
    "ehi_hint_ranc_chance" : "Šance na chycení zajišťovací zóny",
    "ehi_hint_red2_thermite" : "Čas na zkrácení termitu",
    "ehi_hint_roberts_gensec" : "Příjezd GenSec",
    "ehi_hint_roberts_gensec_warning" : "Pospěš si!",
    "ehi_hint_roberts_next_phone_call" : "Čas na další telefonát",
    "ehi_hint_run_final_zone" : "Vyčistit přistávací plochu",
    "ehi_hint_run_gas" : "Počet kanystrů benzínu",
    "ehi_hint_run_gas_final" : "Poslední kanystr benzínu",
    "ehi_hint_rvd_pink" : "Příjezd pana Růžového",
    "ehi_hint_rvd2_liquid_nitrogen" : "Tekutý dusík",
    "ehi_hint_sand_revive" : "Šance na oživení",
    "ehi_hint_sand_heli_turret_timer" : "Čas helikoptéry se střílnou",
    "ehi_hint_trai_crane" : "Šance na rozbití jeřábu",
    "ehi_hint_trat_loco_start" : "Šance na start lokomotivy",
    "ehi_hint_vit_teargas" : "Šance na slzný plyn",

    "ehi_r" : "Červená",
    "ehi_g" : "Zelená",
    "ehi_b" : "Modrá",
    "ehi_button_ok" : "OK",
    "ehi_color_reset" : "Obnovit barvy",

    "ehi_preview" : "Náhled (Pro aktualizaci je nutný restart mapy)\nČervený roh ukazuje místo, kde se objeví první sledovač.",

    "ehi_x_offset" : "Posun X",
    "ehi_x_offset_desc" : "Posun X",
    "ehi_y_offset" : "Posun Y",
    "ehi_y_offset_desc" : "Posun Y",

    "ehi_text_scale" : "Měřítko textu",
    "ehi_text_scale_desc" : "Nastavuje měřítko textu.\nTato funkce je užitečná pro hráče s modifikovaným písmem",

    "ehi_scale" : "Měřítko",
    "ehi_scale_desc" : "Nastavuje měřítko sledovačů. Čím větší číslo, tím jsou sledovače větší a naopak",

    "ehi_time_format" : "Časový formát",
    "ehi_time_format_desc" : "Definuje jak časové sledovače mají naformátovat čas",
    "ehi_time_format_1" : "Pouze vteřiny",
    "ehi_time_format_2" : "Minuty a vteřiny",

    "ehi_tracker_alignment" : "Zarovnání sledovačů",
    "ehi_tracker_alignment_desc" : "Nastavuje zarovnání sledovačů",
    "ehi_tracker_alignment_1" : "Svisle; Odshora dolů",
    "ehi_tracker_alignment_2" : "Svisle; Odspodu nahoru",
    "ehi_tracker_alignment_3" : "Vodorovně; Zleva doprava",
    "ehi_tracker_alignment_4" : "Vodorovně; Zprava doleva",

    "ehi_tracker_vertical_w_anim" : "(Svisle) Animace šířky panelu",
    "ehi_tracker_vertical_w_anim_desc" : "Nastavuje směr animace panelu při změně šířky sledovače",
    "ehi_tracker_vertical_w_anim_1" : "Zleva doprava",
    "ehi_tracker_vertical_w_anim_2" : "Zprava doleva",

    "ehi_vr_x_offset" : "Posun X (VR)",
    "ehi_vr_y_offset" : "Posun Y (VR)",

    "ehi_vr_scale": "Měřítko (VR)",
    "ehi_vr_scale_desc": "Nastavuje měřítko sledovačů ve VR. Čím větší číslo, tím jsou sledovače větší a naopak",

    "ehi_vr_tracker_alignment" : "Zarovnání sledovačů (VR)",
    "ehi_vr_tracker_alignment_desc" : "Nastavuje zarovnání sledovačů ve VR",

    "ehi_visuals_menu" : "Vizuální zobrazení",
    "ehi_visuals_menu_desc" : "",

    "ehi_show_tracker_bg" : "Zobrazovat pozadí ve sledovači",
    "ehi_show_tracker_bg_desc" : "Zobrazuje pozadí\nJe-li tato funkce vypnutá, pozadí je skryté a animace nejsou viditelné",

    "ehi_show_tracker_corners" : "Zobrazovat rohy ve sledovači",
    "ehi_show_tracker_corners_desc" : "Zobrazuje bílé rohy",

    "ehi_show_one_icon" : "Zobrazovat pouze 1 ikonu ve sledovači",
    "ehi_show_one_icon_desc" : "Je-li povoleno, pouze 1 ikona je zobrazena\nJe-li zakázána, všechny ikony jsou viditelné",

    "ehi_show_icon_position" : "Pozice ikon",
    "ehi_show_icon_position_desc" : "Nastavuje pozici ikon ve sledovači",
    "ehi_show_icon_position_1" : "Vlevo",
    "ehi_show_icon_position_2" : "Vpravo",

    "ehi_show_tracker_hint" : "Zobrazovat popis sledovače",
    "ehi_show_tracker_hint_desc" : "Zobrazuje popis sledovače, pokud existuje",

    "ehi_show_tracker_hint_t" : "Popis sledovače (Čas)",
    "ehi_show_tracker_hint_t_desc" : "Definuje jak dlouho popis zůstane na obrazovce než se skryje\n\nPopis zůstane na obrazovce, pokud se nastaví hodnota na 0",

    "ehi_trackers_menu" : "Sledovače",
    "ehi_trackers_menu_desc" : "",

    "ehi_show_mission_trackers": "Zobrazovat sledovače (Loupež)",
    "ehi_show_mission_trackers_desc": "Zobrazuje sledovače v misi (příklad: Čas do příjezdu auta/přiletu helikoptéry, za jak dlouho se spustí další úkol a tak dále...)\n\nTato funkce taky funguje na neoficiálních misí\nPokud jsou podporovány",

    "ehi_show_unlockables" : "Zobrazovat odemykatelné",
    "ehi_show_unlockables_desc" : "Zobrazuje sledovače pro achievementy, trofeje a denní výzvy",

    "ehi_unlockables_menu" : "Odemykatelné",
    "ehi_unlockables_menu_desc" : "",

    "ehi_show_achievements" : "Zobrazovat Achievementy",
    "ehi_show_achievements_desc" : "Zobrazuje na obrazovce achievementy\nNěkteré loupeže nemusí mít achievementy",

    "ehi_show_achievement_description" : "Zobrazovat popis achievementu",
    "ehi_show_achievement_description_desc" : "Zobrazuje popis achievementu v herním chatu\n\nPopis vidíš jenom ty",

    "ehi_show_achievements_mission" : "Zobrazovat Achievementy (Loupež)",
    "ehi_show_achievements_mission_desc" : "Zobrazuje achievementy, které lze splnit pouzi v loupeži",

    "ehi_hide_unlocked_achievements" : "Neukazovat odemčené achievementy (Loupež)",
    "ehi_hide_unlocked_achievements_desc" : "Je-li povoleno, EHI nezobrazí již odemčené achievementy (loupež)\nJe-li zakázáno, EHI zobrazí všechny sledovače achievementů (loupež)",

    "ehi_show_achievements_weapon" : "Zobrazovat Achievementy (Zbraně)",
    "ehi_show_achievements_weapon_desc" : "Zobrazuje achievementy které vyžadují zabití nepřátel zbraní\n\nPo splnění achievementu se sledovač už nezobrazí",

    "ehi_show_achievements_melee" : "Zobrazovat Achievementy (Melee)",
    "ehi_show_achievements_melee_desc" : "Zobrazuje achievementy které vyžadují zabití nepřátel příruční zbraní na blízko\n\nPo splnění achievementu se sledovač už nezobrazí",

    "ehi_show_achievements_grenade" : "Zobrazovat Achievementy (Granáty a jiné hoditelné předměty)",
    "ehi_show_achievements_grenade_desc" : "Zobrazuje achievementy které vyžadují zabití granátem či jiným hoditelným předmětem\n\nPo splnění achievementu se sledovač už nezobrazí",

    "ehi_show_achievements_vehicle" : "Zobrazovat Achievementy (Vozidla)",
    "ehi_show_achievements_vehicle_desc" : "Zobrazuje achievementy které vyžadují zabití nepřátel vozidlem\n\nPo splnění achievementu se sledovač už nezobrazí",

    "ehi_show_achievements_other" : "Zobrazovat Achievementy (Ostatní)",
    "ehi_show_achievements_other_desc" : "Zobrazuje achievementy které nepatří do žádný ze skupin výše\n\nPo splnění achievementu se sledovač už nezobrazí",

    "ehi_show_achievement_failed_popup" : "Zobrazovat vyskakovací okno 'Achievement selhal'",
    "ehi_show_achievement_failed_popup_desc" : "Selhané achievementy se zobrazí ve vyskakocím okně červeně",

    "ehi_show_achievement_started_popup" : "Zobrazovat vyskakovací okno 'Lze získat achievement'",
    "ehi_show_achievement_started_popup_desc" : "Achievementy, které jsou nyní sledované, se zobrazí ve vyskakovacím okně zeleně",

    "ehi_show_trophies" : "Zobrazovat trofeje",
    "ehi_show_trophies_desc" : "Zobrazuje na obrazovce trofeje\nNěkteré loupeže nemusí mít trofeje",

    "ehi_show_trophy_description" : "Zobrazovat popis trofeje",
    "ehi_show_trophy_description_desc" : "Zobrazuje popis trofeje v herním chatu\n\nPopis vidíš jenom ty",

    "ehi_hide_unlocked_trophies" : "Neukazovat odemčené trofeje",
    "ehi_hide_unlocked_trophies_desc" : "Je-li povoleno, EHI nezobrazí již odemčené trofeje\nJe-li zakázáno, EHI zobrazí všechny sledovače trofejí",

    "ehi_show_trophy_failed_popup" : "Zobrazovat vyskakovací okno 'Trofej selhala'",
    "ehi_show_trophy_failed_popup_desc" : "Selhané trofeje se zobrazí ve vyskakocím okně červeně",

    "ehi_show_trophy_started_popup" : "Zobrazovat vyskakovací okno 'Lze získat trofej'",
    "ehi_show_trophy_started_popup_desc" : "Trofeje, které jsou nyní sledované, se zobrazí ve vyskakovacím okně zeleně",

    "ehi_show_dailies" : "Zobrazovat denní výzvy",
    "ehi_show_dailies_desc" : "Zobrazuje na obrazovce denní výzvy, jsou-li aktivní\n\nDokončené denní výzvy se neobjeví na obrazovce",

    "ehi_show_daily_description" : "Zobrazovat popis denní výzvy",
    "ehi_show_daily_description_desc" : "Zobrazuje popis denní výzvy v herním chatu\n\nPopis vidíš jenom ty",

    "ehi_show_daily_failed_popup" : "Zobrazovat vyskakovací okno 'Denní výzva selhala'",
    "ehi_show_daily_failed_popup_desc" : "Selhané denní výzvy se zobrazí ve vyskakovacím okně červeně",

    "ehi_show_daily_started_popup" : "Zobrazovat vyskakovací okno 'Lze dokončit denní výzvu'",
    "ehi_show_daily_started_popup_desc" : "Denní výzvy, které jsou nyní sledované, se zobrazí ve vyskakovacím okně zeleně",

    "ehi_show_gained_xp" : "Zobrazovat získané ZK",
    "ehi_show_gained_xp_desc" : "Zobrazuje získané ZK v misi.\nTento sledovač je automaticky zakázán v herním módu Crime Spree.",

    "ehi_xp_format" : "Jak formátovat získané ZK",
    "ehi_xp_format_desc" : "Příklad: Základní hodnota: 1000; obtížnost Death Wish\nPouze základní hodnota: 1000\nHodnota vynásobená obtížností: 13000\nHodnota vynásobená všechny ZK bonusy: 13000+",
    "ehi_xp_format_1" : "Zobrazit pouze základní hodnotu",
    "ehi_xp_format_2" : "Zobrazit hodnotu vynásobenou obtížností",
    "ehi_xp_format_3" : "Zobrazit hodnotu vynásobenou všechny ZK bonusy",

    "ehi_xp_panel" : "Jak zobrazit ZK",
    "ehi_xp_panel_desc" : "",
    "ehi_xp_panel_1" : "Zobrazit sledovač za každé získané ZK",
    "ehi_xp_panel_2" : "Zobrazit sledovač s celkovou hodnotou ZK v loupeži",
    "ehi_xp_panel_3" : "Zobrazit vyskakovací okno za každé získané ZK a celkovou hodnotu",
    "ehi_xp_panel_4" : "Zobrazit oznámení za každé získané ZK a celkovou hodnotu",

    "ehi_show_xp_in_mission_briefing_only" : "Zobrazovat ZK pouze v briefingu před loupeží",
    "ehi_show_xp_in_mission_briefing_only_desc" : "Povolením této funkce se ZK zobrazí v briefingu před loupeží, ale ne ve hře samotné",

    "ehi_total_xp_difference" : "Zobrazovat rozdíl ZK",
    "ehi_total_xp_difference_desc" : "Zobrazuje kolik ZK jsi získal",
    "ehi_total_xp_difference_1" : "Nezobrazovat",
    "ehi_total_xp_difference_2" : "V oznámení",

    "ehi_show_trade_delay" : "Zobrazovat sledovač s délkou pobytu ve vazbě",
    "ehi_show_trade_delay_desc" : "Zobrazuje sledovač když ty nebo tvůj spoluhráč zabijete civilistu",

    "ehi_show_trade_delay_option" : "Kdy zobrazit sledovač s délkou pobytu",
    "ehi_show_trade_delay_option_desc": "Vždyčky: Vždycky zobrazit sledovač když ty nebo tvůj spoluhráč zabijete civilistu\nVe vazbě: Zobrazuje sledovač když ty nebo tvůj spoluhráč jste šli do vazby a zabili jste alespoň 1 civilistu",
    "ehi_show_trade_delay_option_1" : "Vždyčky",
    "ehi_show_trade_delay_option_2" : "Ve vazbě",

    "ehi_show_trade_delay_other_players_only": "Zobrazovat sledovač s délkou pobytu pouze pro ostatní hráče",
    "ehi_show_trade_delay_other_players_only_desc": "Je-li povoleno, sledovač nezobrazí kolik civilistů jsi zabil, ale zobrazí je pro ostatní hráče.",

    "ehi_show_trade_delay_suppress_in_stealth" : "Nezobrazovat sledovač s délkou pobytu, když nenazněl alarm",
    "ehi_show_trade_delay_suppress_in_stealth_desc" : "Je-li povoleno, sledovač bude skrytý. Jakmile zazní alarm, sledovač se ukáže se vším nahromaděným časem.",

    "ehi_show_trade_delay_amount_of_killed_civilians" : "Zobrazovat ve sledovači s délkou pobytu počet zabitých civilistů",
    "ehi_show_trade_delay_amount_of_killed_civilians_desc" : "U každého hráče zobrazuje počet zabitých civilistů",

    "ehi_show_timers" : "Zobrazovat časovače",
    "ehi_show_timers_desc" : "Zobrazuje časovače, když zařízení hackuje, vrtá, řeže a tak dále...",

    "ehi_show_timers_max_in_group" : "Počet časovaců ve skupině",
    "ehi_show_timers_max_in_group_desc" : "Nastavuje maximální počet časovaců v jednom sledovači. Pokud je maximum překročeno, je vytvořen další sledovač, kde se tento časovač (a nebo další) objeví.\n\nChcete-li tuto funkci zakázat, nastavte hodnotu na '1'\n\nPokud je hodnota nastavena na jinou hodnotu kromě 1 a je vybráno Vodorovné zarovnání, EHI bude preferovat neomezený počet časovačů ve skupině k ušetření místa",

    "ehi_show_camera_loop" : "Zobrazovat kameru se zpětnou smyčkou",
    "ehi_show_camera_loop_desc" : "Zobrazuje sledovač, když je bezpečnostní kamera ve smyčce",

    "ehi_show_enemy_turret_trackers" : "Zobrazovat sledovače pro nepřátelské střílny",
    "ehi_show_enemy_turret_trackers_desc" : "Zobrazovat sledovač když se nabíjí nebo se opravuje",

    "ehi_show_zipline_timer" : "Zobrazovat sledovač na Zipline",
    "ehi_show_zipline_timer_desc" : "Zobrazuje 2 časovače.\nPrvní ukazuje, jak dlouho trvá přemístít pytel/hráče, druhý ukazuje, kdy bude Zipline znovu použitelná",

    "ehi_show_gage_tracker" : "Zobrazovat sledovač pro Gage balíčky",
    "ehi_show_gage_tracker_desc" : "Zobrazuje sledovač pro Gage balíčky na mapě\nPokud je mapa neumožňuje, sledovač nebude viditelný",

    "ehi_gage_tracker_panel" : "Zobrazovat postup pro Gage balíčky",
    "ehi_gage_tracker_panel_desc" : "",
    "ehi_gage_tracker_panel_1" : "Ve sledovači",
    "ehi_gage_tracker_panel_2" : "Ve vyskakovacím okně",

    "ehi_show_captain_damage_reduction" : "Zobrazovat snížení poškození nepřátel",
    "ehi_show_captain_damage_reduction_desc" : "Zobrazuje sledovač, který ukazuje snížené poškození nepřátel, když je Kapitán Winters aktivní",

    "ehi_show_captain_spawn_chance" : "Zobrazovat procentuální šanci na Kapitána",
    "ehi_show_captain_spawn_chance_desc" : "Zobrazuje aktuální procentuální šanci na příchod Kapitána Winterse",

    "ehi_show_equipment_tracker" : "Zobrazovat sledovač pro vybavení",
    "ehi_show_equipment_tracker_desc" : "Zobrazuje samostatný sledovač pro položenou lékárničku, náboje, granáty, taška s pytlema na těla a 'záchranné jednohubky' (First Aid Kit neboli FAK)",

    "ehi_equipment_menu" : "Menu vybavení",
    "ehi_equipment_menu_desc" : "",

    "ehi_equipment_format" : "Formát",
    "ehi_equipment_format_desc" : "Nastavuje jak formátovat vybavení",
    "ehi_equipment_format_1" : "Počet použití (Počet položených)",
    "ehi_equipment_format_2" : "(Počet položených) Počet použití",
    "ehi_equipment_format_3" : "(Počet použití) Počet položených",
    "ehi_equipment_format_4" : "Počet položených (Počet použití)",
    "ehi_equipment_format_5" : "Počet použití",
    "ehi_equipment_format_6" : "Počet položených",

    "ehi_show_equipment_doctorbag" : "Zobrazovat sledovač pro lékárníčku",
    "ehi_show_equipment_doctorbag_desc" : "Zobrazuje sledovač pro položenou lékárníčku",

    "ehi_show_equipment_ammobag" : "Zobrazovat sledovač pro náboje",
    "ehi_show_equipment_ammobag_desc" : "Zobrazuje sledovač pro položené náboje",

    "ehi_show_equipment_grenadecases" : "Zobrazovat sledovač pro granáty",
    "ehi_show_equipment_grenadecases_desc" : "Zobrazuje sledovač pro položené granáty v tašce či v samostatném pouzdře",

    "ehi_grenadecases_block_on_abilities_or_no_throwable" : "Blokovat sledovač na granáty pro ability nebo žádný",
    "ehi_grenadecases_block_on_abilities_or_no_throwable_desc" : "Blokuje sledovač na granáty když máš abilitu z perk decku nebo žádný hoditelný předmět",

    "ehi_show_equipment_bodybags": "Zobrazovat sledovač pro tašku s pytlama na tělo",
    "ehi_show_equipment_bodybags_desc": "Zobrazuje sledovač pro tašku na pytle na mrtvé těla\nJakmile zazní alarm, tento sledovač se odstraní",

    "ehi_show_equipment_firstaidkit": "Zobrazovat sledovač pro FAK",
    "ehi_show_equipment_firstaidkit_desc": "Zobrazuje sledovač pro 'záchranné jednohubky' (First Aid Kit neboli FAK)",

    "ehi_show_equipment_ecmjammer" : "Zobrazovat sledovač pro ECM Jammer (rušička)",
    "ehi_show_equipment_ecmjammer_desc" : "Zobrazuje sledovač pro zbývající dobu trvání ECM Jammer\nVe sledovači je zobrazen ECM Jammer s nejdelší dobou trvání",

    "ehi_ecmjammer_block_ecm_without_pager_delay" : "Nezobrazovat ECM Jammer který neoddálí pagery",
    "ehi_ecmjammer_block_ecm_without_pager_delay_desc" : "",
    
    "ehi_show_equipment_ecmfeedback" : "Zobrazovat sledovač pro ECM Feedback (zpětná vazba)",
    "ehi_show_equipment_ecmfeedback_desc" : "Zobrazuje sledovač pro zbývající dobu trvání ECM Feedback\nVe sledovači je zobrazen ECM Feedback s nejdelší dobou trvání (Pouze host)",

    "ehi_show_ecmfeedback_refresh" : "Zobrazovat obnovení ECM Feedback (zpětná vazva)",
    "ehi_show_ecmfeedback_refresh_desc" : "Zobrazuje sledovač když se ECM Feedback začne obnovovat",

    "ehi_show_equipment_aggregate_health" : "Spojit lékárničky a FAK",
    "ehi_show_equipment_aggregate_health_desc" : "Zobrazí lékárničku a FAK v jednom sledovači",

    "ehi_show_equipment_aggregate_all" : "Spojit všechnu výbavu",
    "ehi_show_equipment_aggregate_all_desc" : "Zobrazí všechnu výbavu v jednom sledovači\nVýbava používá svoji barvu níže",

    "ehi_doctor_bag" : "Lékárnička",
    "ehi_ammo_bag" : "Náboje",
    "ehi_grenade_crate" : "Granáty",
    "ehi_first_aid_kit" : "FAK",
    "ehi_bodybags_bag" : "Taška s pytlema na těla",

    "ehi_show_minion_tracker" : "Zobrazovat sledovač převedenců",
    "ehi_show_minion_tracker_desc" : "Zobrazuje sledovač s počtem převedenců na mapě",

    "ehi_show_minion_option" : "Jak formátovat převedence",
    "ehi_show_minion_option_1" : "Zobrazovat pouze počet tvých převedenců",
    "ehi_show_minion_option_2" : "Zobrazovat celkový počet převedenců na mapě",
    "ehi_show_minion_option_3" : "Zobrazovat počet převedenců na hráče",

    "ehi_show_minion_health" : "Zobrazovat zdraví převedence ve sledovači",
    "ehi_show_minion_health_desc" : "Zobrazuje zdraví vašich převedenců ve sledovači",

    "ehi_show_minion_killed_message" : "Zobrazovat oznámení 'PŘEVEDENEC ZABIT'",
    "ehi_show_minion_killed_message_desc" : "Zobrazuje oznámení, když tvůj převedenec je zabit",

    "ehi_show_minion_killed_message_type" : "Typ oznámení pro 'PŘEVEDENEC ZABIT'",
    "ehi_show_minion_killed_message_type_2" : "V oznamovacím panelu",

    "ehi_show_difficulty_tracker" : "Zobrazovat sledovač s obtížností vlny",
    "ehi_show_difficulty_tracker_desc" : "Zobrazuje sledovač, jak moc obtížná je aktuální vlna\n\nV herním režimu Holdout tato možnost zobrazí zvýšení uděleného poškození a zdraví nepřátel, v tomto pořadí",

    "ehi_show_drama_tracker" : "Zobrazovat sledovač ohledně Drama",
    "ehi_show_drama_tracker_desc" : "Zobrazuje sledovač, který ukazuje nahromaděné drama (pouze host)",

    "ehi_show_pager_tracker" : "Zobrazovat sledovač pageru",
    "ehi_show_pager_tracker_desc" : "Zobrazuje sledovač, kolik pagerů vám zbývá",

    "ehi_show_pager_callback_trackers" : "Zobrazovat sledovač odpovědi pageru",
    "ehi_show_pager_callback_trackers_desc" : "Zobrazuje sledovač pro pager, na který se musí odpovědět",

    "ehi_show_pager_callback_answered_behavior" : "Když se odpoví na pager",
    "ehi_show_pager_callback_answered_behavior_desc" : "Definuje, co se má stát se sledovačem a ukazetelem, když se odpoví na pager",
    "ehi_show_pager_callback_answered_behavior_1" : "Nastavit zeleně, potom smazat",
    "ehi_show_pager_callback_answered_behavior_2" : "Smazat",

    "ehi_show_enemy_count_tracker" : "Zobrazovat sledovač s počtem nepřátel",
    "ehi_show_enemy_count_tracker_desc" : "Zobrazuje sledovač s počtem nepřátel na mapě",

    "ehi_show_enemy_count_show_pagers" : "Zobrazovat nepřátele s pagerem (stealth)",
    "ehi_show_enemy_count_show_pagers_desc" : "Zobrazuje nepřátele s pagerem nalevo a nepřátele bez napravo\nJakmile zazní alarm, je zobrazen pouze počet nepřátel",

    "ehi_show_civilian_count_tracker" : "Zobrazovat sledovač s počtem civilistů",
    "ehi_show_civilian_count_tracker_desc" : "Zobrazuje sledovač s počtem civilistů na mapě\n\nJakmile na mapě už nejsou žádní civilisté, sledovač nebude už viditelný",

    "ehi_civilian_count_tracker_format" : "Formát sledovače s počtem civilistů",
    "ehi_civilian_count_tracker_format_desc" : "",
    "ehi_civilian_count_tracker_format_1" : "Celkový počet civilistů",
    "ehi_civilian_count_tracker_format_2" : "Svázaní | Nesvázaní",
    "ehi_civilian_count_tracker_format_3" : "Nesvázaní | Svázaní",

    "ehi_show_hostage_count_tracker" : "Zobrazovat sledovač s počtem rukojmích",
    "ehi_show_hostage_count_tracker_desc" : "Zobrazuje sledovač s počtem rukojmích na mapě",

    "ehi_hostage_count_tracker_format" : "Formát sledovače s počtem rukojmích",
    "ehi_hostage_count_tracker_format_desc" : "",
    "ehi_hostage_count_tracker_format_1" : "Pouze celkem",
    "ehi_hostage_count_tracker_format_2" : "Celkem | Policie",
    "ehi_hostage_count_tracker_format_3" : "Policie | Celkem",
    "ehi_hostage_count_tracker_format_4" : "Civilisté | Policie",
    "ehi_hostage_count_tracker_format_5" : "Policie | Civilisté",

    "ehi_show_laser_tracker" : "Zobrazovat sledovač laserů",
    "ehi_show_laser_tracker_desc" : "Zobrazuje sledovač na lasery, které cyklí každých pár vteřin",

    "ehi_show_assault_delay_tracker" : "Zobrazovat sledovač délky pauzy před dalším útokem",
    "ehi_show_assault_delay_tracker_desc" : "Zobrazuje sledovač s délkou pauzy před dalším útokem\n\nSledovač se nezobrazí u hráčů, kteří se připojili do hry po policejní vlně a obtížnost vln se zvýšila",

    "ehi_show_assault_time_tracker" : "Zobrazovat sledovač délky útoku",
    "ehi_show_assault_time_tracker_desc" : "Zobrazuje sledovač s délkou útoku\n\nSledovač se nezobrazí u hráčů, kteří se připojili do hry po policejní vlně a obtížnost vln se zvýšila",

    "ehi_show_assault_diff_in_assault_trackers" : "Zobrazovat obtížnost vlny ve sledovačích s útokem",
    "ehi_show_assault_diff_in_assault_trackers_desc" : "V herním režimu Holdout tato možnost zobrazí zvýšení uděleného poškození a zdraví nepřátel, v tomto pořadí\n\nV ostatních herních režimech tato možnost zobrazí obtížnost vlny v procentech",

    "ehi_show_assault_enemy_count" : "Zobrazovat počet nepřátel ve sledovačích s útokem",
    "ehi_show_assault_enemy_count_desc" : "Zobrazuje aktuální počet nepřátel na mapě\n\nJakmile je sledovač útoku viditelný, samostatný sledovač s počtem nepřátel bude smazán",
    
    "ehi_show_loot_counter" : "Zobrazovat počet lupu",
    "ehi_show_loot_counter_desc" : "Zobrazuje sledovač s počtem lupu v loupeži",

    "ehi_show_all_loot_secured_popup" : "Zobrazovat vyskakovací okno 'Všechen lup zajištěn'",
    "ehi_show_all_loot_secured_popup_desc" : "Zobrazuje vyskakovací okno po zajištění všechny pytlů s lupem",

    "ehi_variable_random_loot_format" : "Formát náhodného lupu",
    "ehi_variable_random_loot_format_desc" : "Nastavuje jak se má formátovat náhodný dodatečný lup\n\nPříklad:16 zaručených pytlů a 4 sejfy, které můžou a nebo nemusí mít lup; 9 pytlů zajištěno\n\nMožnost 1:\n9/16-20?\n\nMožnost 2:\n9/20?\n\nMožnost 3:\n9/16+4?",
    "ehi_variable_random_loot_format_1" : "Postup / Max - (Max + Náhodně)?",
    "ehi_variable_random_loot_format_2" : "Postup / (Max + Náhodně)?",
    "ehi_variable_random_loot_format_3" : "Postup / Max + Náhodně?",

    "ehi_show_loot_max_xp_bags" : "Zobrazovat limit maximum pytlů když jsou ZK limitované",
    "ehi_show_loot_max_xp_bags_desc" : "Pokud získané zkušenosti z pytů jsou limitované skriptem, zobrazí se maximum počet pytlů ze kterých dostaneš zkušenosti\nPokud je maximum limitované, text se také vybarví žlutě",

    "ehi_show_bodybags_counter" : "Zobrazovat počet pytlů na mrtvá těla",
    "ehi_show_bodybags_counter_desc" : "Zobrazuje sledovač s počtem pytlů na mrtvá těla",

    "ehi_show_escape_chance" : "Zobrazovat šanci na vybourání únikového vozidla",
    "ehi_show_escape_chance_desc" : "Zobrazuje sledovač s možným vybouráním únikového vozidla",

    "ehi_show_sniper_tracker" : "Zobrazovat naskriptované odstřelovače",
    "ehi_show_sniper_tracker_desc" : "Zobrazuje sledovač s naskriptovanými odstřelovači, kteří se respawnují\n\nPoznámka:\nMarshal odstřelovači nejsou započteni\nKaždá mise používá jinou logiku na respawn odstřelovačů (pokud nějaká je) a sledovač může vypadat odlišně",

    "ehi_show_sniper_spawned_popup" : "Zobrazovat vyskakovací okno 'ODSTŘELOVAČI!'",
    "ehi_show_sniper_spawned_popup_desc" : "Zobrazuje vyskakovací okno oranžově když se zrodí naskriptovaní odstřelovači",

    "ehi_show_sniper_logic_start_popup" : "Zobrazovat vyskakovací okno 'SPUŠTĚNA LOGIKA ODSTŘELOVAČŮ'",
    "ehi_show_sniper_logic_start_popup_desc" : "Zobrazuje vyskakovací okno žlutě když se vytvoří sledovač s naskriptovanými odstřelovači",

    "ehi_show_sniper_logic_end_popup" : "Zobrazovat vyskakovací okno 'UKONČENA LOGIKA ODSTŘELOVAČŮ'",
    "ehi_show_sniper_logic_end_popup_desc" : "Zobrazuje vyskakovací okno zeleně když se smaže sledovač s naskriptovanými odstřelovači",
    
    "ehi_waypoints_menu" : "Ukazatele",
    "ehi_waypoints_menu_desc" : "",

    "ehi_show_waypoints" : "Zobrazovat ukazatele",
    "ehi_show_waypoints_desc" : "Zobrazuje ukazatele v herním světě",

    "ehi_show_waypoints_only" : "Zobrazovat pouze ukazatele",
    "ehi_show_waypoints_only_desc" : "Je-li povoleno a element má nadefinovaný sledovač a ukazatel, zobrazí se pouze ukazatel\nJinak se zobrazí sledovač",

    "ehi_show_waypoints_present_timer" : "Čas na přesun",
    "ehi_show_waypoints_present_timer_desc" : "Nastavuje jak dlouho bude ukazatel na obrazovce než se 'přesune' do cílového místa",

    "ehi_show_waypoints_mission" : "Zobrazovat ukazatele pro elementy v misi",
    "ehi_show_waypoints_mission_desc" : "Zobrazuje ukazatel pro elementy v misi",

    "ehi_show_waypoints_escape" : "Zobrazovat ukazatele pro úniková vozidla",
    "ehi_show_waypoints_escape_desc" : "Zobrazuje ukazatel kam únikové vozidlo přijede (bez zbývajícího času)",

    "ehi_show_waypoints_enemy_turret" : "Zobrazovat ukazatele pro nepřátelské střílny",
    "ehi_show_waypoints_enemy_turret_desc" : "Zobrazuje ukazatel pro nepřátelskou střílku když se opravuje nebo nabíjí",

    "ehi_show_waypoints_timers" : "Zobrazovat ukazatele pro časovače",
    "ehi_show_waypoints_timers_desc" : "Zobrazuje ukazatel na viditelný časovač (hackování, vrtání, řezání, atd...)",

    "ehi_show_waypoints_pager" : "Zobrazovat ukazatele pro pagery",
    "ehi_show_waypoints_pager_desc" : "Zobrazuje ukazatel na pager, na který se musí odpovědět",

    "ehi_show_waypoints_cameras" : "Zobrazovat ukazatele pro kamery ve zpětné smyčce",
    "ehi_show_waypoints_cameras_desc" : "Zobrazuje ukazatel na kamaře, která je právě ve zpětné smyčce",

    "ehi_show_waypoints_zipline" : "Zobrazovat ukazatele na Zipliny",
    "ehi_show_waypoints_zipline_desc" : "Zobrazuje ukazatel na ziplině, která je v pohybu\nUkazatel ukazuje pouze čas, kdy bude ziplina znovu použitelná",

    "ehi_show_waypoints_ecmjammer" : "Zobrazovat ukazatele pro ECM Jammery",
    "ehi_show_waypoints_ecmjammer_desc" : "Zobrazuje ukazatel pro aktivní ECM Jammer",

    "ehi_buffs_menu" : "Buffy",
    "ehi_buffs_menu_desc" : "",

    "ehi_show_buffs" : "Zobrazovat Buffy",
    "ehi_show_buffs_desc": "Zobrazuje na obrazovce buffy, které ukazují aktivní skilly, perky, jejich hodnotu či aktivní čas",

    "ehi_buffs_scale_desc" : "Nastavuje měřítko buffů. Čím větší číslo, tím jsou buffy větší a naopak",

    "ehi_buffs_alignment" : "Zarovnání",
    "ehi_buffs_alignment_desc" : "Nastavuje jak se buffy mají zarovnat na obrazovce",
    "ehi_buffs_alignment_1" : "Nalevo",
    "ehi_buffs_alignment_2" : "Uprostřed",
    "ehi_buffs_alignment_3" : "Napravo",

    "ehi_buffs_shape" : "Tvar",
    "ehi_buffs_shape_desc" : "Nastavuje tvar buffům, jak budou vypadat na obrazovce",
    "ehi_buffs_shape_1" : "Čtverec",
    "ehi_buffs_shape_2" : "Kruh",

    "ehi_buffs_show_progress" : "Zobrazovat postup",
    "ehi_buffs_show_progress_desc" : "Nastavuje jestli má být postup v buffu viditelný nebo ne\nVe výchozím nastavení, postup buffu jde ve směru hodinových ručiček",

    "ehi_buffs_invert_progress" : "Invertovat postup",
    "ehi_buffs_invert_progress_desc" : "Je-li povoleno, postup půjde proti směru hodinových ručiček\nJe-li zakázáno, postup jde ve směru hodinových ručiček",

    "ehi_buffs_skills_cooldown" : "Zobrazuje dobu, po kterou nelze skill či perk znovu aktivovat",
    "ehi_buffs_skills_duration" : "Zobrazuje trvání",
    "ehi_buffs_skills_progress" : "Zobrazuje postup",
    "ehi_buffs_skills_value" : "Zobrazuje hodnotu",

    "ehi_buffs_skills_menu" : "Skilly",
    "ehi_buffs_skills_mastermind_menu" : "Mastermind",
    "ehi_buffs_skills_mastermind_medic_subclass" : "Medic",
    "ehi_buffs_skills_mastermind_inspire_basic" : "Inspire (Základní)",
    "ehi_buffs_skills_mastermind_inspire_basic_desc" : "Zobrazuje dobu, za jak dlouho lze použít Inspire když na někoho zavoláš a 'inspiruješ' ho",
    "ehi_buffs_skills_mastermind_inspire_ace" : "Inspire (Vylepšený)",
    "ehi_buffs_skills_mastermind_inspire_ace_desc" : "Zobrazuje dobu, za jak dlouho lze použít Inspire když někoho oživíš",
    "ehi_buffs_skills_mastermind_uppers" : "Uppers",
    "ehi_buffs_skills_mastermind_uppers_range" : "Oblast Uppers",
    "ehi_buffs_skills_mastermind_uppers_range_desc" : "Zobrazuje buff jestli jsi v oblasti, kde tě oživí FAK s automatickým léčením",
    "ehi_buffs_skills_mastermind_uppers_range_refresh" : "Aktualizace oblasti Uppers",
    "ehi_buffs_skills_mastermind_uppers_range_refresh_desc" : "Nastavuje jak často se má buff aktualizovat za sekundu",
    "ehi_buffs_skills_mastermind_quick_fix" : "Quick Fix",
    "ehi_buffs_skills_mastermind_painkillers" : "Painkillers",
    "ehi_buffs_skills_mastermind_combat_medic" : "Combat Medic",
    "ehi_buffs_skills_mastermind_controller_subclass" : "Controller",
    "ehi_buffs_skills_mastermind_hostage_taker_muscle" : "Hostage Taker / Muscle",
    "ehi_buffs_skills_mastermind_forced_friendship" : "Forced Friendship (Absorpce)",
    "ehi_buffs_skills_mastermind_forced_friendship_desc" : "Zobrazuje buff s aktuální naakumulovanou absorpcí ze skillu Forced Friendship",
    "ehi_buffs_skills_mastermind_sharpshooter_subclass" : "Sharpshooter",
    "ehi_buffs_skills_mastermind_ammo_efficiency" : "Ammo Efficiency",
    "ehi_buffs_skills_mastermind_aggressive_reload" : "Aggressive Reload",

    "ehi_buffs_skills_enforcer_menu" : "Enforcer",
    "ehi_buffs_skills_enforcer_shotgunner_subclass" : "Shotgunner",
    "ehi_buffs_skills_enforcer_overkill" : "Overkill",
    "ehi_buffs_skills_enforcer_underdog" : "Underdog",
    "ehi_buffs_skills_enforcer_tank_subclass" : "Tank",
    "ehi_buffs_skills_enforcer_bullseye" : "Bullseye",
    "ehi_buffs_skills_enforcer_ammo_specialist_subclass" : "Ammo Specialist",
    "ehi_buffs_skills_enforcer_bulletstorm" : "Bulletstorm",

    "ehi_buffs_skills_ghost_menu" : "Ghost",
    "ehi_buffs_skills_ghost_shinobi_subclass" : "Shinobi",
    "ehi_buffs_skills_ghost_sixth_sense_initial" : "Sixth Sense (Počáteční prodleva)",
    "ehi_buffs_skills_ghost_sixth_sense_marked" : "Sixth Sense (Označené NPC)",
    "ehi_buffs_skills_ghost_sixth_sense_marked_desc" : "Zobrazuje buff s počtem označených NPC skillem Sixth Sense",
    "ehi_buffs_skills_ghost_sixth_sense_refresh" : "Sixth Sense (Prodleva obnovení)",
    "ehi_buffs_skills_ghost_artful_dodger_subclass" : "Artful Dodger",
    "ehi_buffs_skills_ghost_dire_need" : "Dire Need",
    "ehi_buffs_skills_ghost_silent_killer_subclass" : "Silent Killer",
    "ehi_buffs_skills_ghost_second_wind" : "Second Wind",
    "ehi_buffs_skills_ghost_unseen_strike" : "Unseen Strike",
    "ehi_buffs_skills_ghost_unseen_strike_initial" : "Unseen Strike (Počáteční prodleva)",

    "ehi_buffs_skills_fugitive_menu" : "Fugitive",
    "ehi_buffs_skills_fugitive_gunslinger_subclass" : "Gunslinger",
    "ehi_buffs_skills_fugitive_trigger_happy" : "Trigger Happy",
    "ehi_buffs_skills_fugitive_desperado" : "Desperado",
    "ehi_buffs_skills_fugitive_revenant_subclass" : "Revenant",
    "ehi_buffs_skills_fugitive_running_from_death_reload" : "Running from Death (Nabití a změna zbraně)",
    "ehi_buffs_skills_fugitive_running_from_death_movement" : "Running from Death (Pohyb)",
    "ehi_buffs_skills_fugitive_up_you_go" : "Up You Go",
    "ehi_buffs_skills_fugitive_swan_song" : "Swan Song",
    "ehi_buffs_skills_fugitive_brawler_subclass" : "Brawler",
    "ehi_buffs_skills_fugitive_bloodthirst" : "Bloodthirst",
    "ehi_buffs_skills_fugitive_bloodthirst_ratio" : "Poměr Bloodthirst",
    "ehi_buffs_skills_fugitive_bloodthirst_ratio_desc" : "Nastavuje procentuální poměr k zobrazení skillu Bloodthirst\nNastavením hodnoty na 0 % bude buff vždycky viditelný\n\nVýchozí hodnota je 34 %, což je 6 zabití v nemódované hře",
    "ehi_buffs_skills_fugitive_bloodthirst_reload" : "Bloodthirst (Nabití zbraně)",
    "ehi_buffs_skills_fugitive_berserker" : "Berserker",
    "ehi_buffs_skills_fugitive_berserker_refresh" : "Berserker Refresh",
    "ehi_buffs_skills_fugitive_berserker_refresh_desc" : "Nastavuje jak často se má buff aktualizovat za sekundu",
    "ehi_buffs_skills_fugitive_berserker_format" : "Berserker Format",
    "ehi_buffs_skills_fugitive_berserker_format_desc" : "Nastavuje jak formátovat buff Berserker, jak formátovat poškození zbraní či melee zbraní\n\nNásobitel: 1.4x 2.6x\n\nProcenta: 40% 160%",
    "ehi_buffs_skills_fugitive_berserker_format_1" : "Násobitel",
    "ehi_buffs_skills_fugitive_berserker_format_2" : "Procenta",
    "ehi_buffs_skills_fugitive_berserker_persistent" : "Neschovávat Berserker",
    "ehi_buffs_skills_fugitive_berserker_persistent_desc" : "Buff zůstane na obrazovce, když je hodnota menší než minimální hodnota k aktivaci",

    "ehi_buffs_perks_menu" : "Perky",
    "ehi_buffs_perks_infiltrator" : "Infiltrator",
    "ehi_buffs_perks_infiltrator_desc" : "Zobrazuje buffy a jejich dobu trvání v perku Infiltrator",
    "ehi_buffs_perks_infiltrator_melee_cooldown" : "Life Drain",
    "ehi_buffs_perks_gambler" : "Gambler",
    "ehi_buffs_perks_gambler_desc" : "Zobrazuje buffy a jejich dobu trvání v perku Gambler",
    "ehi_buffs_perks_gambler_regain_health_cooldown" : "Medical Supplies",
    "ehi_buffs_perks_gambler_ammo_give_out_cooldown" : "Ammo Give Out",
    "ehi_buffs_perks_grinder" : "Grinder",
    "ehi_buffs_perks_grinder_desc" : "Zobrazuje buffy a jejich dobu trvání v perku Grinder",
    "ehi_buffs_perks_grinder_regen_duration" : "Trvání regenerace zdraví",
    "ehi_buffs_perks_grinder_stack_cooldown" : "Reaktivace prodloužení regenerace",
    "ehi_buffs_perks_maniac" : "Maniac",
    "ehi_buffs_perks_maniac_desc" : "Zobrazuje buffy a jejich dobu trvání v perku Maniac",
    "ehi_buffs_perks_maniac_stack" : "Hysteria Stacks",
    "ehi_buffs_perks_maniac_stack_persistent" : "Neschovávat Hysteria Stacks",
    "ehi_buffs_perks_maniac_stack_persistent_desc" : "Buff zůstane na obrazovce, když Hysteria Stack je prázdný",
    "ehi_buffs_perks_maniac_stack_refresh" : "Aktualizace Hysteria Stacks",
    "ehi_buffs_perks_maniac_stack_refresh_desc" : "Nastavuje jak často se má buff aktualizovat za sekundu",
    "ehi_buffs_perks_maniac_stack_convert_rate" : "Rychlost převodu do Hysteria Stacks",
    "ehi_buffs_perks_maniac_stack_decay" : "Snížení Hysteria Stacks",
    "ehi_buffs_perks_anarchist" : "Anarchist / Armorer",
    "ehi_buffs_perks_anarchist_desc" : "Zobrazuje buffy a jejich dobu trvání v perku Anarchist / Armorer",
    "ehi_buffs_perks_anarchist_continuous_armor_regen" : "Průběžná regenerace armoru",
    "ehi_buffs_perks_anarchist_immunity" : "Imunita vůči utržení poškození",
    "ehi_buffs_perks_anarchist_immunity_cooldown" : "Reaktivace imunity",
    "ehi_buffs_perks_anarchist_kill_armor_regen_cooldown" : "Udělování poškození - Reaktivace regenerace armoru",
    "ehi_buffs_perks_expresident" : "Ex-President",
    "ehi_buffs_perks_expresident_desc" : "Zobrazuje buffy a jejich dobu trvání v perku Ex-President",
    "ehi_buffs_perks_expresident_stored_health" : "Uložené zdraví",
    "ehi_buffs_perks_biker" : "Biker",
    "ehi_buffs_perks_biker_desc" : "Zobrazuje buffy a jejich dobu trvání v perku Biker",
    "ehi_buffs_perks_biker_kill_counter" : "Počet zabití",
    "ehi_buffs_perks_biker_kill_counter_persistent" : "Neschovávat počet zabití",
    "ehi_buffs_perks_biker_kill_counter_persistent_desc" : "Buff zůstane na obrazovce, když počet zabití klesne na 0",
    "ehi_buffs_perks_kingpin" : "Kingpin",
    "ehi_buffs_perks_kingpin_desc" : "Zobrazuje buffy a jejich dobu trvání v perku Kingpin",
    "ehi_buffs_perks_kingpin_injector" : "Injector",
    "ehi_buffs_perks_kingpin_injector_cooldown" : "Injector - Reaktivace",
    "ehi_buffs_perks_sicario" : "Sicario",
    "ehi_buffs_perks_sicario_desc" : "Zobrazuje buffy a jejich dobu trvání v perku Sicario",
    "ehi_buffs_perks_sicario_smoke_bomb" : "Smoke Bomb",
    "ehi_buffs_perks_sicario_smoke_bomb_cooldown" : "Smoke Bomb - Reaktivace",
    "ehi_buffs_perks_sicario_twitch" : "Twitch",
    "ehi_buffs_perks_sicario_twitch_cooldown" : "Twitch - Reaktivace",
    "ehi_buffs_perks_stoic" : "Stoic",
    "ehi_buffs_perks_stoic_desc" : "Zobrazuje buffy a jejich dobu trvání v perku Stoic",
    "ehi_buffs_perks_stoic_dot" : "Aplikace zpožděného poškození",
    "ehi_buffs_perks_stoic_cooldown" : "Hip Flask - Reaktivace",
    "ehi_buffs_perks_tag_team" : "Tag Team",
    "ehi_buffs_perks_tag_team_desc" : "Zobrazuje buffy a jejich dobu trvání v perku Tag Team",
    "ehi_buffs_perks_tag_team_cooldown" : "Gas Dispenser - Reaktivace",
    "ehi_buffs_perks_tag_team_effect" : "Tag Team - Efekt",
    "ehi_buffs_perks_tag_team_tagged" : "Tag Team - Označený",
    "ehi_buffs_perks_hacker" : "Hacker",
    "ehi_buffs_perks_hacker_desc" : "Zobrazuje buffy a jejich dobu trvání v perku Hacker",
    "ehi_buffs_perks_hacker_pecm_cooldown" : "Pocket ECM Jammer - Reaktivace",
    "ehi_buffs_perks_hacker_pecm_dodge" : "Kluge",
    "ehi_buffs_perks_hacker_pecm_jammer" : "Rušička z Pocket ECM Jammer",
    "ehi_buffs_perks_hacker_pecm_feedback" : "Feedback (zpětná vazba) z Pocket ECM Jammer",
    "ehi_buffs_perks_leech" : "Leech",
    "ehi_buffs_perks_leech_desc" : "Zobrazuje buffy a jejich dobu trvání v perku Leech",
    "ehi_buffs_perks_leech_ampule" : "Ampule",
    "ehi_buffs_perks_leech_ampule_cooldown" : "Ampule - Reaktivace",
    "ehi_buffs_perks_copycat" : "Copycat",
    "ehi_buffs_perks_copycat_desc" : "Zobrazuje buffy a jejich dobu trvání v perku Copycat",
    "ehi_buffs_perks_copycat_head_games_cooldown" : "Head Games - Reaktivace",
    "ehi_buffs_perks_copycat_grace_period" : "Grace Period",
    "ehi_buffs_perks_copycat_grace_period_cooldown" : "Grace Period - Reaktivace",
    "ehi_buffs_perks_gage_boosts" : "Gage Boosts",
    "ehi_buffs_perks_gage_boosts_desc" : "Zobrazuje buffy a jejich dobu trvání v režimu Crime Spree",
    "ehi_buffs_perks_gage_boosts_life_steal" : "Self Healer",
    "ehi_buffs_perks_gage_boosts_melee_invulnerability" : "Some Invulnerability",

    "ehi_buffs_other_menu" : "Ostatní",
    "ehi_buffs_other_interact" : "Interakce",
    "ehi_buffs_other_reload" : "Nabití zbraně",
    "ehi_buffs_other_melee_charge" : "Prodleva nabití melee",
    "ehi_buffs_other_shield_regen" : "Prodleva na obnovení armoru",
    "ehi_buffs_other_stamina" : "Stamina",
    "ehi_buffs_other_dodge" : "Šance na Dodge",
    "ehi_buffs_other_dodge_refresh" : "Aktualizace šance na Dodge",
    "ehi_buffs_other_dodge_refresh_desc" : "Nastavuje jak často se má šance aktualizovat za sekundu",
    "ehi_buffs_other_dodge_persistent" : "Neschovávat šanci na Dodge",
    "ehi_buffs_other_dodge_persistent_desc" : "Buff zůstane na obrazovce, když je tvoje šance na Dodge méně než 0 %",
    "ehi_buffs_other_crit" : "Šance na Crit",
    "ehi_buffs_other_crit_refresh" : "Aktualizace šance na Crit",
    "ehi_buffs_other_crit_refresh_desc" : "Nastavuje jak často se má šance aktualizovat za sekundu",
    "ehi_buffs_other_crit_persistent" : "Neschovávat šanci na Crit",
    "ehi_buffs_other_crit_persistent_desc" : "Buff zůstane na obrazovce, když je tvoje šance na Crit méně než 0 %",
    "ehi_buffs_other_damage_absorption" : "Absorpce poškození",
    "ehi_buffs_other_damage_absorption_refresh" : "Aktualizace absorpce poškození",
    "ehi_buffs_other_damage_absorption_refresh_desc" : "Nastavuje jak často se má buff aktualizovat za sekundu",
    "ehi_buffs_other_damage_absorption_persistent" : "Neschovávat Absorpci poškození",
    "ehi_buffs_other_damage_absorption_persistent_desc" : "Buff zůstane na obrazovce když je tvoje absorpce nižší než 0",
    "ehi_buffs_other_damage_reduction" : "Snížení utrženého poškození",
    "ehi_buffs_other_damage_reduction_refresh" : "Aktualizace snížení utrženého poškození",
    "ehi_buffs_other_damage_reduction_refresh_desc" : "Nastavuje jak často se má buff aktualizovat za sekundu",
    "ehi_buffs_other_damage_reduction_persistent" : "Neschovávat Snížení utrženého poškození",
    "ehi_buffs_other_damage_reduction_persistent_desc" : "Buff zůstane na obrazovce, když je tvoje snížení menší než 0 %",
    "ehi_buffs_other_inspire_ai" : "Inspire (AI)",
    "ehi_buffs_other_regen_throwable_ai" : "Obnovení granátu (AI)",
    "ehi_buffs_other_health" : "Tvoje hodnota zdraví",
    "ehi_buffs_other_armor" : "Tvoje hodnota armoru",

    "ehi_inventory_menu" : "Inventory",
    "ehi_inventory_menu_desc" : "",

    "ehi_show_inventory_detailed_description" : "Zobrazovat detailní popis předmětů v Inventory",
    "ehi_show_inventory_detailed_description_desc" : "Zobrazuje detailní popis hoditelných předmětů a vybavení\nAby se nastavení projevilo, je potřeba restartovat mapu",

    "ehi_hide_original_desc" : "Skrývat původní popis",
    "ehi_hide_original_desc_desc" : "Skrývá původní popis předmětu",

    "ehi_bm_charges" : "%s použití (%s použití celkem)",
    "ehi_bm_charges_no_total" : "%s použití",
    "ehi_bm_doctor_bag" : "Regeneruje zdraví a obnovuje pády",
    "ehi_bm_doctor_bag_2" : "Quick Fix: Po použití snižuje utržené poškození o $multiplier na $duration;s",
    "ehi_bm_ammo_bag" : "Sekundární zbraň se nabije první, poté až primární",
    "ehi_bm_ammo_bag_2" : "Bulletstorm: Po použití neomezená munice až na %ds (záleží kolik munice se vezme)",
    "ehi_bm_armor_kit" : "Sbalí tvůj vybraný armor a začínáš s oblekem (Two-Piece Suit)\nPo použití budeš mít svůj vybraný armor\nZměna je nevratná",
    "ehi_bm_ecm_jammer" : "Odemyká elektronické bezpečnostní dveře",
    "ehi_bm_ecm_jammer_2" : "Oddaluje pagery",
    "ehi_bm_bodybags_bag" : "Jedním pytlem lze schovat mrtvé tělo (stealth)",
    "ehi_bm_trip_mine" : "Ohnivá past",
    "ehi_bm_sentry_gun" : "Zdraví",
    "ehi_bm_sentry_gun_2" : "Munice",
    "ehi_bm_sentry_gun_3" : "Průrazné náboje (AP) (lze přepínat)",
    "ehi_bm_sentry_gun_4" : "AP",
    "ehi_bm_sentry_gun_5" : "Ochranný štit",
    "ehi_bm_sentry_gun_6" : "Náklady munice na položení",
    "ehi_bm_sentry_gun_7" : "Nepřesnost",
    "ehi_bm_sentry_gun_8" : "stupňů",
    "ehi_bm_sentry_gun_silent" : "Výstřel je tlumený",
    "ehi_bm_first_aid_kit" : "Regeneruje pouze zdraví",
    "ehi_bm_first_aid_kit_2" : "Uppers: Automatická regenerace zdraví pokud vám během boje dojde a jste v oblasti FAK (%sm)\nObnova po použití: %ds",
    "ehi_bm_grenade_crate" : "Jedno použití obnoví počet hoditelných předmětů až na maximum",
    "ehi_bm_grenade_crate_2" : "Nefunguje na ability z perku",
    "ehi_bm_damage" : "Poškození",
    "ehi_bm_max_damage" : "Max poškození",
    "ehi_bm_range" : "Oblast",
    "ehi_bm_base_cooldown" : "Nabití za",
    "ehi_bm_duration" : "Trvání",
    "ehi_bm_cooldown_drain" : "Každé zabití zrychluje nabití o %ss",
    "ehi_bm_instant" : "Okamžitě",
    "ehi_bm_poison" : "Jed",
    "ehi_bm_fire" : "Oheň",
    "ehi_bm_dot" : "DOT",
    "ehi_bm_dot_tick_period" : "Poškození každých %ss",
    "ehi_bm_dot_chance" : "Šance",
    "ehi_bm_explosion" : "Exploze",
    "ehi_bm_fir_com" : "Nejprve vybuchne a poté vypustí ohnivou kouli",
    "ehi_bm_concussion_1" : "Oslepí a omráčí nepřátele",
    "ehi_bm_concussion_2" : "Po zotavení budou mít oslepení nepřátelé přesnost %s%s na %ds",
    "ehi_bm_poison_gas_grenade_1" : "Nejprve vybuchne a poté uvolní toxický plyn",
    "ehi_bm_poison_gas_grenade_2" : "Kouř",
    "ehi_bm_sticky_grenade" : "Přilepí se na povrch a nepřátele",
    "ehi_bm_kingpin_1" : "Z každého poškození ti obnoví %s%s (aktivní)",
    "ehi_bm_kingpin_2" : "Nepřátelé poblíž budou mířit na tebe (aktivní)",
    "ehi_bm_kingpin_3" : "Když máš méně než %s%s HP, efekt je zvýšen o %s%s (aktivní)",
    "ehi_bm_kingpin_4" : "Když máš max HP, nabití je zrychleno o další $duration;s za každých vyléčených $heal HP (aktivní)",
    "ehi_bm_sicario_1" : "Uvnitř kouře ty a tvoji spoluhráči se vyhnete z %s%s všem kulkách",
    "ehi_bm_sicario_2" : "Nepřátelé uvnitř kouře mají sníženou přesnost o %s%s",
    "ehi_bm_sicario_3" : "Všechny efektu tvého perku jsou zvýšeny o %s%s zatímco jsi v kouři",
    "ehi_bm_sicario_4" : "Tvojím spoluhráčům uvnitř kouře se zvýší šance na dodge o %s%s",
    "ehi_bm_stoic_1" : "Použitím flašky se zahodí poškození, které se má aplikovat",
    "ehi_bm_stoic_2" : "Pokud tvoje HP je menší než %s%s, za každé zabití se nabíjení zrychlí o %ss místo %ss",
    "ehi_bm_tagteam_1" : "Každé zabití buď tebou nebo tagnutým spojencem ti obnoví %sHP a jim obnoví %sHP (aktivní)",
    "ehi_bm_tagteam_2_a" : "Každé tvoje zabití prodlouží trvání o %ss a zrychlí nabití o %ss (aktivní)",
    "ehi_bm_tagteam_2_b" : "Každé tvoje zabití prodlouží trvání o %ss (aktivní)",
    "ehi_bm_tagteam_2_c" : "Každé tvoje zabití zrychlí nabití o %ss (aktivní)",
    "ehi_bm_tagteam_2_d" : "Každé zabití tagnutým spojencem ti zrychlí nabití o %ss (aktivní)",
    "ehi_bm_tagteam_3" : "Každé zabití buď tebou nebo tagnutým spojencem ti zvýší absorpci o %s až na %s (aktivní)\nPo deaktivaci se vyresetuje",
    "ehi_bm_hacker_1" : "Každé zabití ti obnoví %dHP (aktivní - po alarmu)",
    "ehi_bm_hacker_2" : "Po zabití dočasně zvýší dodge: +%s%s na %ss (aktivní)",
    "ehi_bm_hacker_3" : "Každé zabití člena tvé party jim obnoví %dHP (aktivní - po alarmu)",
    "ehi_bm_leech_1" : "Po aktivaci obnoví %s%s HP",
    "ehi_bm_leech_2" : "Když je Leech aktivní, tvůj armor není dostupný",
    "ehi_bm_leech_3" : "Každých %s zabití ti zajistí nezranitelnost na %ss (aktivní)",
    "ehi_bm_leech_4" : "Rozděluje tvoje zdraví na %s segmentů a zabitím %s nepřátel ti obnoví 1 segment (aktivní)\nUtržením poškození se odstraní 1 segment\nPokud je poškození nad %s, %s segmenty jsou odstraněny",
    "ehi_bm_leech_5" : "Nemůžeš spadnout, ale pokud ti dojdou HP, tvoje pohyblivost se sníží o %s%s (aktivní)",
    "ehi_bm_leech_6" : "Můžeš aktivovat Leech zatímco ležíš a zůstaneš naživu, pokud zvedneš spoluhráče nebo použiješ lékárničku (doctor bag) a máš více než 0 HP",

    "ehi_other_menu" : "Ostatní funkce",
    "ehi_other_menu_desc" : "",

    "ehi_other_show_remaining_xp" : "Zobrazovat zbývající ZK do dalšího Levelu/Infamy Poolu",
    "ehi_other_show_remaining_xp_desc" : "Zobrazuje zbývající ZK\nPokud jsi Level 100, zobrazí se zbývající ZK ve tvém Infamy Poolu, jinak se zobrazí zbývající ZK do dalšího levelu\nAby se nastavení projevilo, je potřeba restartovat mapu",
    "ehi_other_show_remaining_xp_to_100" : "Zobrazovat zbývající ZK do Levelu 100",
    "ehi_other_show_remaining_xp_to_100_desc" : "Zobrazuje zbývající ZK do Levelu 100 (viditelný pokud tvůj Level je menší než 100)",

    "ehi_other_show_mission_xp_overview" : "Zobrazovat přehled ZK v misi",
    "ehi_other_show_mission_xp_overview_desc" : "Zobrazuje panel v briefingu před loupeží s možnými ZK, které lze získat",

    "ehi_other_show_floating_health_bar" : "Zobrazovat zdraví NPC",
    "ehi_other_show_floating_health_bar_desc" : "Zobrazuje zdraví NPC když na něho zamíříš",

    "ehi_other_show_floating_health_bar_style" : "Styl zobrazování zdraví NPC",
    "ehi_other_show_floating_health_bar_style_1" : "PocoHud",
    "ehi_other_show_floating_health_bar_style_2" : "Kruh",
    "ehi_other_show_floating_health_bar_style_3" : "Obdélník",

    "ehi_other_show_floating_health_bar_converts" : "Zobrazovat zdraví převedenců",
    "ehi_other_show_floating_health_bar_civilians" : "Zobrazovat zdraví civilistů",
    "ehi_other_show_floating_health_bar_team_ai" : "Zobrazovat zdraví botů",

    "ehi_other_show_use_left_ammo_bag" : "Zobrazovat počet použití u Ammo Bagů",
    "ehi_other_show_use_left_doctor_bag" : "Zobrazovat počet použití u Doctor Bagů",
    "ehi_other_show_use_left_bodybags_bag" : "Zobrazovat počet použití u Bodybagů",
    "ehi_other_show_use_left_grenades" : "Zobrazovat počet použití u kufříků s granáty",

    "ehi_colors_menu" : "Barvy",
    "ehi_colors_menu_desc" : "Mění použité barvy",

    "ehi_colors_tracker_waypoint" : "Sledovač / Ukazatel",

    "ehi_colors_inaccurate" : "Nepřesnost",
    "ehi_colors_inaccurate_desc" : "Mění barvu textu když sledovač/ukazatel je nepřesný",

    "ehi_colors_pause" : "Pozastaven",
    "ehi_colors_pause_desc" : "Mění barvu textu když sledovač/ukazatel je pozastaven",

    "ehi_colors_drill_autorepair" : "Autorestart vrtáku či pily",
    "ehi_colors_drill_autorepair_desc" : "Mění barvu ikony když vrták či pila se umí automaticky restartovat sám od sebe",

    "ehi_colors_drill_not_powered" : "Žádné elektrické napájení vrtáku či pily",
    "ehi_colors_drill_not_powered_desc" : "Mění barvu textu když vrták či pila není napájena elektrickým proudem",
    
    "ehi_colors_warning" : "Varování",
    "ehi_colors_warning_desc" : "Animuje barvu textu když zbývá 10 vteřin",

    "ehi_colors_completion" : "Dokončení",
    "ehi_colors_completion_desc" : "Animuje barvu textu když zbývá 10 vteřin",

    "ehi_colors_sniper_chance" : "Odstřelovači (Aktuální šance)",
    "ehi_colors_sniper_chance_desc" : "Mění barvu textu aktuální šance",

    "ehi_colors_sniper_count" : "Odstřelovači (Počet)",
    "ehi_colors_sniper_count_desc" : "Mění barvu text aktuálního počtu odstřelovačů",

    "ehi_colors_mission_briefing" : "Briefing před loupeží",

    "ehi_colors_loot_secured" : "Lup zajištěn",
    "ehi_colors_loot_secured_desc" : "Mění barvu lupu",

    "ehi_colors_total_xp" : "Celkem ZK",
    "ehi_colors_total_xp_desc" : "Mění barvu celkových ZK které můžeš získat",

    "ehi_colors_optional" : "Nepovinný úkol",
    "ehi_colors_optional_desc" : "Mění barvu úkolu, který není vyžadovaný k dokončení mise\nAle jeho dokončením získáš více zkušeností",

    "ehi_colors_achievement" : "Achievement",
    "ehi_colors_achievement_desc" : "Mění barvu ikony sledovače pokud sleduje achievement",

    "ehi_colors_sidejob" : "Side Job",
    "ehi_colors_sidejob_desc" : "Mění barvu ikony sledovače pokud sleduje side job",

    "ehi_colors_trophy" : "Trofej",
    "ehi_colors_trophy_desc" : "Mění barvu ikony sledovače pokud sleduje trofej",

    "ehi_experience_infamy_pool" : "Infamy Pool za:",
    "ehi_experience_next_level" : "Další za:",
    "ehi_experience_100_in" : "100 za:",
    "ehi_experience_xp_overview" : "Přehled ZK:",
    "ehi_experience_xp" : "ZK",
    "ehi_experience_total_xp" : "Celkem ZK: ",
    "ehi_experience_all_gage_packages" : "Se všemi gage balíčky:",
    "ehi_experience_stealth" : "Bez alarmu",
    "ehi_experience_loud" : "Po alarmu",
    "ehi_experience_c4_used" : "Použitá C4",
    "ehi_experience_xp_bonus" : "Bonusové ZK",
    "ehi_experience_mandatory_bags" : "$count Povinn$suffix1 py$suffix2",
    "ehi_experience_additional_bag" : "Pytel navíc",
    "ehi_experience_to_secure" : "Zajistit: $amount",
    "ehi_experience_trigger_times" : "Max $times;x",
    "ehi_experience_random_objectives" : "$count Náhodn$suffix1 úkol$suffix2;:",
    "ehi_experience_random_objectives_no_count" : "Náhodné úkoly:",
    "ehi_experience_or" : "---NEBO---",
    "ehi_experience_modifier_projob" : "PRO",
    "ehi_experience_heli_escape" : "Únik helikoptérou",
    "ehi_experience_loud_escape" : "Dokončení mise po alarmu",
    "ehi_experience_stealth_escape" : "Dokončení mise bez alarmu",
    "ehi_experience_escape" : "Dokončení mise",
    "ehi_experience_each_goat_secured" : "Každá zajištěná koza",
    "ehi_experience_each_loot_secured" : "Každý zajištěný pytel",
    "ehi_experience_each_safe_secured" : "Každý zajištěný sejf",
    "ehi_experience_loot_any" : "Jakýkoliv",
    "ehi_experience_loot_else" : "Ostatní lup",
    "ehi_experience_loot_secured" : "Lup zajištěn:",
    "ehi_experience_each_wave_survived" : "Každá přežitá vlna",
    "ehi_experience_wave_survived" : "Přežitá $wave;. vlna: ",
    "ehi_experience_vault_found" : "Trezor nalezen",
    "ehi_experience_vault_open" : "Trezor otevřen",
    "ehi_experience_turret_secured" : "Střílna zajištěna",
    "ehi_experience_pc_found" : "PC nalezen",
    "ehi_experience_pc_hack" : "Hacknuté PC",
    "ehi_experience_correct_pc_hack" : "Hacknuté správné PC",
    "ehi_experience_c4_set_up" : "Položená C4",
    "ehi_experience_cage_assembled" : "Sestavená klec",
    "ehi_experience_vault_drill_done" : "Vrták u trezoru dokončen",
    "ehi_experience_vault_drills_done" : "Vrtáky u trezoru dokončeny",
    "ehi_experience_thermaldrill_done" : "Tepelný vrták dokončen",
    "ehi_experience_saw_done" : "Pila dokončena",
    "ehi_experience_saws_done" : "Pily dokončeny",
    "ehi_experience_timelock_done" : "Časový zámek dokončen",
    "ehi_experience_phone_answered" : "Zvednutý telefon",
    "ehi_experience_all_bags_destroyed" : "Všechny pytle zničeny ($carry;)",
    "ehi_experience_mallcrasher" : "Ničení obchoďáku / Dokončení mise",
    "ehi_experience_safe_event_done" : "Safe Event dokončen",
    "ehi_experience_present_finished" : "Dárek zabalen",
    "ehi_experience_van_open" : "Dodávka otevřena",
    "ehi_experience_shoe_storage_enter" : "Vstup do skladu (Boty)",
    "ehi_experience_shoe_backroom_enter" : "Vstup do zadní místnosti (Boty)",
    "ehi_experience_shoe_collected" : "Boty sebrány",
    "ehi_experience_necklace_collected" : "Náhrdelník sebrán",
    "ehi_experience_toy_found" : "Nalezen Timboy (pokud je v nákupní tašce)",
    "ehi_experience_toy_collected" : "Timboy sebrán",
    "ehi_experience_vr_collected" : "VR sebráno",
    "ehi_experience_wine_collected" : "Víno sebráno",
    "ehi_experience_flare" : "Umístěna světlice",
    "ehi_experience_c4_drop" : "Doručení C4",
    "ehi_experience_heli_arrival" : "Přílet helikoptéry",
    "ehi_experience_wires_attached" : "Háky připevněny",
    "ehi_experience_all_bags_secured" : "Všechny pytle zajištěny",
    "ehi_experience_thermite_done" : "Termit dokončen",
    "ehi_experience_watchdogs2_bonus_xp" : "Bonusové ZK za každý pytel po zajištění 3 povinných pytlů",
    "ehi_experience_fs_secured_required_bags" : "Povinné pytle zajištěny",
    "ehi_experience_fs_burned_required_bags" : "Povinné pytle zničeny",
    "ehi_experience_rats_lab_exploded" : "Laborka vybouchla",
    "ehi_experience_rats_3_bags_cooked" : "Uvařeny 3 pytle perníku",
    "ehi_experience_rats_all_7_bags_cooked" : "Uvařeno všech 7 pytlů perníku",
    "ehi_experience_rats2_info_destroyed" : "Info zničeno",
    "ehi_experience_rats2_trade" : "Předání perníku",
    "ehi_experience_rats2_trade_and_steal" : "Předání a potom ukradení perníku zpět",
    "ehi_experience_big_oil_intel_pickup" : "Sebrání informací",
    "ehi_experience_big_oil2_correct_engine" : "Správný motor nalezen",
    "ehi_experience_ff3_item_deployed" : "Předmět nachystán (Střecha)",
    "ehi_experience_ff3_cocaine_placed" : "Umístěn kokain",
    "ehi_experience_ff3_gold_secured" : "Zlato zajištěno",
    "ehi_experience_ed1_tag_right_truck" : "Označen správný náklaďák",
    "ehi_experience_ed1_hack_1" : "První PC hack",
    "ehi_experience_ed1_hack_2" : "Druhý PC hack",
    "ehi_experience_hm1_mobsters_killed" : "Gangsteři zabiti",
    "ehi_experience_hm1_cars_destroyed" : "Auta zničena",
    "ehi_experience_hm1_gas_station_destroyed" : "Benzínova pumpa zničena",
    "ehi_experience_hm1_hatch_open" : "Poklop otevřen",
    "ehi_experience_hm1_correct_barcode_scanned" : "Naskenován správný čárový kód",
    "ehi_experience_hm1_meth_cooked" : "Uvařen 1 pytel perníku",
    "ehi_experience_hm2_enter_building" : "Vstup do budovy",
    "ehi_experience_hm2_hostage_rescued" : "Rukojmí zachráněn",
    "ehi_experience_hm2_yellow_gate_open" : "Otevřena žlutá brána",
    "ehi_experience_hm2_magnetic_door_open" : "Otevřeny magnetické dveře",
    "ehi_experience_hm2_enter_apartment" : "Vstup do commissarova bytu",
    "ehi_experience_hm2_commissar_dead" : "Commissar zabit",
    "ehi_experience_hox1_first_corner" : "Auto projelo první zatáčku",
    "ehi_experience_hox1_second_corner" : "Auto projelo druhou zatáčku",
    "ehi_experience_hox1_blockade_cleared" : "Překážka odstraněna",
    "ehi_experience_hox1_parking_gate_open" : "Sebrán parkovací lístek",
    "ehi_experience_hox1_parking_car_reached_garages" : "Auto dorazilo na parkoviště",
    "ehi_experience_hox2_reached_server_room" : "Hoxton dorazil do serverové místnosti",
    "ehi_experience_hox2_random_obj" : "Náhodný úkol dokončen",
    "ehi_experience_hox2_no_keycard_bonus_xp" : "Nepoužily se žádné karty",
    "ehi_experience_hox3_vault_objective" : "Vypnutí zabezpečení trezoru",
    "ehi_experience_hox3_traitor_killed" : "Zrádce zabit",
    "ehi_experience_mus_powerboxes" : "Napájecí skříňky vypnuty",
    "ehi_experience_mus_first_timelock" : "První časový zámek dokončen",
    "ehi_experience_mus_second_timelock" : "Druhý časový zámek dokončen",
    "ehi_experience_mus_no_gas_trap" : "Nevpuštěn plyn do místnosti s Diamantem",
    "ehi_experience_alesso_find_c4" : "Nalezena C4",
    "ehi_experience_alesso_pyro_set" : "Zvládnuté kolo pyrotechniky",
    "ehi_experience_ggc_gear_found" : "Nalezeny tvoje zbraně",
    "ehi_experience_ggc_blueprint_found" : "Nalezen plánek budovy",
    "ehi_experience_ggc_blueprint_send" : "Plánek budovy odeslán",
    "ehi_experience_ggc_got_data" : "Použita USB fleška",
    "ehi_experience_ggc_civie_drugged" : "Civilista zdrogován",
    "ehi_experience_ggc_gas_planted" : "Použit uspávací plyn",
    "ehi_experience_ggc_color_code" : "Nalezen barevný kód",
    "ehi_experience_ggc_laser_disabled" : "Laser v trezoru vypnut",
    "ehi_experience_ggc_locker_room_found" : "Šatna nalezena",
    "ehi_experience_ggc_c4_taken" : "Sebrána C4",
    "ehi_experience_ggc_weak_spot_found" : "Slabé místo nalezeno",
    "ehi_experience_ggc_winch_part_picked_up" : "Sebrána část navíjáku",
    "ehi_experience_ggc_winch_set_up" : "Naviják sestaven",
    "ehi_experience_ggc_fireworks" : "Spuštěn ohňostroj",
    "ehi_experience_ggc_winch_connected_to_bfd" : "Naviják připojen k BFD",
    "ehi_experience_ggc_bfd_lowered" : "BFD spuštěn na zem",
    "ehi_experience_ggc_bfd_in_position" : "BFD je na místě",
    "ehi_experience_ggc_bfd_started" : "BFD začal vrtat",
    "ehi_experience_ggc_bfd_done" : "BFD dokončen",
    "ehi_experience_the_bomb_open_dock_gate" : "Brána k průplavu otevřena",
    "ehi_experience_the_bomb_find_coordinates" : "Nalezeno číslo na Kapitána",
    "ehi_experience_the_bomb_call_captain" : "Kapitán zavolán k přesunutí lodě",
    "ehi_experience_the_bomb_find_bomb" : "Nalezena bomba",
    "ehi_experience_the_bomb_blowup_dock_gate" : "Brána k průplavu odpálena",
    "ehi_experience_the_bomb2_vault_filled" : "Trezor napuštěn vodou",
    "ehi_experience_scarface_got_usb" : "Nalezena USB fleška",
    "ehi_experience_scarface_entered_house" : "Vstup do sídla",
    "ehi_experience_scarface_shutters_open" : "Rolety odhrnuty",
    "ehi_experience_scarface_searched_planted_yayo" : "Hledáno v perníku",
    "ehi_experience_scarface_made_a_call" : "Použit telefon",
    "ehi_experience_scarface_gathered_all_paintings" : "Sesbírany všechny obrazy",
    "ehi_experience_scarface_all_cars_hooked_up" : "3 auta zaháčeny k helikoptéře",
    "ehi_experience_scarface_defeated_security" : "Sosova ochranka poražena",
    "ehi_experience_scarface_entered_sosa_office" : "Vstup do Sosovy kanceláře",
    "ehi_experience_scarface_sosa_killed" : "Sosa zabit",
    "ehi_experience_counterfeit_found_sus_doors" : "Nalezeny podezřelé dveře",
    "ehi_experience_counterfeit_first_hack_finish" : "První hack dokončen",
    "ehi_experience_counterfeit_defuse_c4" : "C4 zneškodněna",
    "ehi_experience_counterfeit_printed_money" : "Bonusové ZK za každé vytištěné padělané peníze",
    "ehi_experience_fwb_server_room_open" : "Serverová místnost otevřena",
    "ehi_experience_fwb_rewired_circuit_box" : "Přepojena obvodová skříň",
    "ehi_experience_fwb_found_code" : "Nalezen bezpečnostní kód",
    "ehi_experience_fwb_gates_open" : "Brána je otevřená",
    "ehi_experience_fwb_c4_escape" : "Zeď odpálena (Únik)",
    "ehi_experience_fwb_overdrill" : "OVERDRILL",
    "ehi_experience_murky_station_equipment_found" : "Vybavení nalezeno",
    "ehi_experience_murky_station_found_emp_part" : "Nalezena část EMP bomby",
    "ehi_experience_boiling_point_radar_blown_up" : "Odpálen radar",
    "ehi_experience_boiling_point_emp_triggered" : "EMP bomba se spustila",
    "ehi_experience_boiling_point_gas_off_hand_taken" : "Vypnut plyn / Odříznuta ruka",
    "ehi_experience_boiling_point_scan_finished" : "Skenování dokončeno",
    "ehi_experience_boiling_point_grabbed_server" : "Server sebrán",
    "ehi_experience_gs_start" : "ZK na začátku mise (Chyba ve hře)",
    "ehi_experience_gs_drill_open_store" : "Otevřen vrtákem zamčený obchod",
    "ehi_experience_gs_turn_off_powerbox" : "Elektřina odpojena",
    "ehi_experience_gs_clear_fire_debris" : "Odstraněny trosky po požáru",
    "ehi_experience_gs_saw_lightpost" : "Lampa uřezaná",
    "ehi_experience_gs2_cage_drop" : "Klec shozena",
    "ehi_experience_gs2_cage_grabbed" : "Klec chycena",
    "ehi_experience_gs2_arrived_on_bridge" : "Tým dorazil na most",
    "ehi_experience_gs2_drilled_door" : "Dveře k ovládání mostu otevřeny",
    "ehi_experience_gs2_bridge_rotated" : "Most otočen",
    "ehi_experience_gs2_peta_5" : "Achievement 'Farmer Miserable'",
    "ehi_experience_car_shop_car_secured" : "Zajištěné ukradené auto",
    "ehi_experience_biker_mike_in_the_trailer" : "Mike dorazil k náklaďáku",
    "ehi_experience_biker_seat_collected" : "Sebráno sedadlo",
    "ehi_experience_biker_skull_collected" : "Sebrána lebka",
    "ehi_experience_biker_exhaust_pipe_collected" : "Sebrány výfukové potrubí",
    "ehi_experience_biker_engine_collected" : "Sebrán motor",
    "ehi_experience_biker_tools_collected" : "Sebrány nástroje",
    "ehi_experience_biker_cola_collected" : "Sebrán nápoj",
    "ehi_experience_biker_help_mike_garage" : "Mike bráněn v garáži",
    "ehi_experience_biker_defend_mike" : "Mike bráněn v náklaďáku",
    "ehi_experience_biker2_boss_dead" : "Boss zabit",
    "ehi_experience_panic_room_found" : "Nalezen Panic Room",
    "ehi_experience_panic_room_killed_all_snipers" : "Všichni odstřelovači zabiti",
    "ehi_experience_panic_room_roof_secured" : "Střecha zajištěna",
    "ehi_experience_panic_room_magnet_attached" : "Magnet připojen",
    "ehi_experience_panic_room_defended_heli" : "Bráněna helikoptéra",
    "ehi_experience_prison_entered" : "Vstup do věznice",
    "ehi_experience_brooklyn_1010_opened_door_to_roof" : "Otevřeny dveře na střechu",
    "ehi_experience_brooklyn_1010_secured_briefcase" : "Sebrán kufřík",
    "ehi_experience_brooklyn_1010_used_zipline" : "Použitá zipline",
    "ehi_experience_undercover_deal_stealth" : "Předání proběhlo bez přerušení",
    "ehi_experience_undercover_deal_loud" : "Předání přerušeno",
    "ehi_experience_undercover_limo_open" : "Limuníza otevřena",
    "ehi_experience_undercover_taxman_is_in_chair" : "Taxman doprovoden ke křeslu",
    "ehi_experience_undercover_hack_fixed" : "Hack opraven",
    "ehi_experience_slaughterhouse_entered" : "Vstup na jatka",
    "ehi_experience_slaughterhouse_tires_burn" : "Vytvořena kouřová clona",
    "ehi_experience_slaughterhouse_trap_lifted" : "Past připravena",
    "ehi_experience_slaughterhouse_gold_lifted" : "Zlato naloženo",
    "ehi_experience_lab_rats_added_ephedrin_pill" : "Vložen Efedrin",
    "ehi_experience_lab_rats_added_correct_ingredient" : "Za každou správnou ingredienci",
    "ehi_experience_lab_rats_bagged_meth" : "Za každý sbalený perník",
    "ehi_experience_lab_rats_safe_event_1" : "Safe event dokončen a obdrženy peníze a šperky",
    "ehi_experience_lab_rats_safe_event_2" : "Safe event dokončen a obdrženy obrazy a kokain",
    "ehi_experience_lab_rats_safe_event_3" : "Safe event dokončen a obdržen ostatní lup",
    "ehi_experience_btm_blasted_entrance" : "Odpálen vstup",
    "ehi_experience_btm_used_keycard" : "Karta použita",
    "ehi_experience_btm_request_approved" : "Požadavek schválen",
    "ehi_experience_btm_vault_open_loot" : "Trezor otevřen a je v něm lup",
    "ehi_experience_btm_destroyed_comm" : "Zničen komunikační satelit",
    "ehi_experience_btm_heli_refueled" : "Helikoptéra natankována",
    "ehi_experience_bos_cargo_door_open" : "Otevření dveří nákladového prostoru",
    "ehi_experience_bos_money_released" : "Peníze uvolněny z letadla",
    "ehi_experience_bos_money_pallet_found" : "Nalezená paleta s penězi",
    "ehi_experience_bos_found_scattered_money" : "Nalezeny odtrhnuté peníze",
    "ehi_experience_bos_heli_picked_up_money" : "Helikoptéra vyzvedla peníze",
    "ehi_experience_heat_street_reached_crashsite" : "Dosažení místa havárie",
    "ehi_experience_heat_street_reached_parking" : "Přesun na parkoviště",
    "ehi_experience_heat_street_reached_hill" : "Dosažení vrcholu nadjezdu",
    "ehi_experience_green_bridge_prisoner_found" : "Vězen nalezen",
    "ehi_experience_green_bridge_prisoner_escorted" : "Vězen doprovoden na lešení",
    "ehi_experience_green_bridge_prisoner_defended" : "Vězen bráněn na lešení",
    "ehi_experience_alaskan_deal_crew_saved" : "Lodní posádka zachráněna",
    "ehi_experience_alaskan_deal_captain_reached_boat" : "Kapitán je na lodi",
    "ehi_experience_alaskan_deal_boat_fueled" : "Loď je plná paliva",
    "ehi_experience_diamond_heist_boxes_hack" : "Obě skříňky hacknuty",
    "ehi_experience_diamond_heist_found_color_codes" : "Nalezeny všechny 3 barevné kódy",
    "ehi_experience_diamond_heist_found_keycard" : "Karta nalezena",
    "ehi_experience_diamond_heist_cfo_in_heli" : "CFO (Finanční ředitel) doprovoden k helikoptéře",
    "ehi_experience_rvd1_defended_warehouse" : "Bráněn sklad",
    "ehi_experience_rvd1_escorted_pink" : "Doprovod Mr. Pinka do skladu",
    "ehi_experience_rvd2_hacking_done" : "Hackování dokončeno",
    "ehi_experience_rvd2_vault_frozen" : "Liquid Nitrogen hotov",
    "ehi_experience_brb_medallion_taken" : "Sebrán medailon",
    "ehi_experience_breakin_feds_found_garret_office" : "Nalezena Garrettova kancelář",
    "ehi_experience_breakin_feds_lure" : "Garrett vylákán z jeho kanceláře",
    "ehi_experience_breakin_feds_entered_office" : "Vstup do Garrettovy kanceláře",
    "ehi_experience_breakin_feds_safe_found" : "Nalezen skrytý sejf",
    "ehi_experience_henrys_rock_first_mission_bag_on_belt" : "První povinný pytel položen na pásový dopravník",
    "ehi_experience_henrys_rock_drilled_archaelogy_door" : "Vyvrtány kovové dveře v laboratoři Archeologie",
    "ehi_experience_henrys_rock_archaelogy_chest_open" : "Truhla otevřena",
    "ehi_experience_henrys_rock_made_concoction" : "Vyroben lektvar v Biolaboratoři",
    "ehi_experience_henrys_rock_weapon_fired" : "Zbraň vystřelila ve zbraňové laboratoři",
    "ehi_experience_henrys_rock_crane" : "Jeřáb dopravil dřevěnou bednu",
    "ehi_experience_sah_entered_vault_code" : "Zadán kód k trezoru",
    "ehi_experience_sah_retrieved_tablet" : "Získán tablet",
    "ehi_experience_bph_found_control_room" : "Nalezena ovládací místnost",
    "ehi_experience_bph_opening_correct_cell" : "Bainova cela se začala otvírat",
    "ehi_experience_bph_follow_bain" : "Následuj Baina",
    "ehi_experience_bph_met_on_rooftop" : "Setkání s Bainem na střeše",
    "ehi_experience_bph_extended_bridge" : "Most spuštěn",
    "ehi_experience_bph_helipad_is_accessible" : "Helipad je přístupný",
    "ehi_experience_nmh_cameras_taken_out" : "Kamery zničeny",
    "ehi_experience_nmh_keep_hostages_down" : "Rukojmí jsou zastrašováni",
    "ehi_experience_nmh_found_patients_file" : "Nalezeny lékařské záznamy pacienta",
    "ehi_experience_nmh_set_up_fake_sentries" : "Postaveny falešné střílny",
    "ehi_experience_nmh_found_correct_patient" : "Přestřihnut správný kabel",
    "ehi_experience_nmh_icu_open" : "Otevření ICU (JIP) pomocí pily",
    "ehi_experience_nmh_saw_patient_room" : "Pila dokončena u pacientového pokoje",
    "ehi_experience_nmh_valid_sample" : "Nalezen správný vzorek",
    "ehi_experience_nmh_elevator_arrived" : "Výtah dorazil",
    "ehi_experience_nmh_exit_elevator" : "Únik z výtahu",
    "ehi_experience_twh_entered" : "Vstup do Bílého domu",
    "ehi_experience_twh_wireboxes_hacked" : "Hacknuty skříňky",
    "ehi_experience_twh_wireboxes_cut" : "Přestřihnut kabel ve skříňkách",
    "ehi_experience_twh_enter_west_wing" : "Vstup do západního křídla Bílého domu",
    "ehi_experience_twh_found_thermite" : "Nalezen termit",
    "ehi_experience_twh_enter_oval_office" : "Vstup do Oválné pracovny",
    "ehi_experience_twh_safe_open" : "Sejf otevřen",
    "ehi_experience_twh_access_peoc" : "Nalezen vstup do PEOC",
    "ehi_experience_twh_mainframe_hacked" : "Mainframe hacknut",
    "ehi_experience_twh_pardons_stolen" : "Ukradeny milosti",
    "ehi_experience_twh_left_peoc" : "Odchod z PEOC",
    "ehi_experience_twh_disable_aa" : "Vyřazen systém AA",
    "ehi_experience_twh_secret" : "The Secret",
    "ehi_experience_mex1_red_door_found" : "Nalezeny červené dveře",
    "ehi_experience_mex1_tunnel_found" : "Nalezen vstup do tunelu",
    "ehi_experience_mex1_explosives_found" : "Nalezeny výbušniny",
    "ehi_experience_mex1_tunnel_open" : "Tunel otevřen",
    "ehi_experience_mex1_plane_found" : "Letadlo nalezeno",
    "ehi_experience_mex1_secured_mandatory_bags" : "Zajištěn povinný počet pytlů",
    "ehi_experience_mex1_started_fueling" : "Tankování letadla začalo",
    "ehi_experience_mex1_hose_detached" : "Tankovací hadice odpojena",
    "ehi_experience_mex2_found_managers_safe" : "Nalezen sejf managera banky",
    "ehi_experience_mex2_picked_up_tape" : "Páska sebrána",
    "ehi_experience_mex2_used_tape" : "Páska použita na hrnek",
    "ehi_experience_mex2_picked_up_keychain" : "Nalezeny klíče k trezoru",
    "ehi_experience_mex2_found_manual" : "Nalezen manuál",
    "ehi_experience_mex2_it_guy_escorted" : "Ajťák doprovoden do serverové místnosti",
    "ehi_experience_mex2_beast_arrived" : "Doručena Bestie k otevření trezoru",
    "ehi_experience_mex3_found_rfid_tag" : "Sebrán naprogmovaný RFID čip",
    "ehi_experience_mex3_found_cells" : "Nalezeny cely",
    "ehi_experience_mex3_armory_opened" : "Zbrojnice otevřena",
    "ehi_experience_mex3_handcuffs_cut" : "Želízka přestřihnuta",
    "ehi_experience_mex3_hajrudin_found_his_car" : "Hajrudin doprovoden ke svému autu",
    "ehi_experience_mex3_evidence_opened" : "Otevřena místnost s důkazy",
    "ehi_experience_mex3_evidence_burned" : "Důkazy spáleny",
    "ehi_experience_mex4_found_bulucs_office" : "Nalezena Bulucova kancelář",
    "ehi_experience_mex4_found_inner_sanctum" : "Nalezena svatyně",
    "ehi_experience_mex4_discover_keycard_holder_mask_list" : "Zjištěn držitel karty nebo seznam lidí s maskou (pokud dveře vyžadují kartu)",
    "ehi_experience_mex4_found_keycard" : "Nalezena karta (pokud dveře vyžadují kartu)",
    "ehi_experience_mex4_inner_sanctum_open" : "Svatyně otevřena",
    "ehi_experience_mex4_codex_room_open" : "Otevření místnosti s kodexem",
    "ehi_experience_mex4_bulucs_office_open" : "Otevřena Bulucova kancelář",
    "ehi_experience_mex4_interacted_with_safe" : "Interakce se sejfem",
    "ehi_experience_mex4_contact_list_stolen" : "Seznam kontaktů ukraden",
    "ehi_experience_mex4_found_car_keys" : "Nalezeny klíčky od auta",
    "ehi_experience_mex4_found_all_bomb_parts_hack_start" : "Nalezeny všechny části bomby / Hack spuštěn",
    "ehi_experience_mex4_inner_sanctum_open_bomb" : "Svatyně odpálena bombou",
    "ehi_experience_mex4_saw_placed" : "Umístěna pila u místnosti s kodexem",
    "ehi_experience_mex4_contact_list_stolen_car_escape" : "Seznam kontaktů ukraden",
    "ehi_experience_mex4_turret_discovered_car_escape" : "Spatřena policejní střílna",
    "ehi_experience_mex4_turret_destroyed_car_escape" : "Střílna zničena",
    "ehi_experience_mex4_flare_lit_heli_escape" : "Světlice zapálena",
    "ehi_experience_mex4_boat_escape" : "Loď",
    "ehi_experience_mex4_car_escape" : "Auto",
    "ehi_experience_mex4_heli_escape" : "Heli",
    "ehi_experience_china1_alarm_disabled" : "Alarm odpojen",
    "ehi_experience_china1_found_basement_door" : "Nalezeny dveře do suterénu",
    "ehi_experience_china1_enter_warehouse" : "Vstup do skladu",
    "ehi_experience_china1_auction_room_stealth" : "Vypnuty světla v aukční síni",
    "ehi_experience_china1_vault_gate_open" : "Brána k trezoru otevřena",
    "ehi_experience_china1_dragon_statue_picked_up" : "Sebrána Dračí soška",
    "ehi_experience_china1_dragon_statue_secured" : "Dračí soška zajištěna",
    "ehi_experience_china1_vault_pc_hack" : "Hacknuté PC u trezoru (Nepovinné)",
    "ehi_experience_china1_found_forklift_keys" : "Nalezeny klíčky k vysokozdvižnému vozíku",
    "ehi_experience_china1_pick_up_thermal_drill" : "Sebrán doručený tepelný vrták",
    "ehi_experience_china1_placed_thermal_drill" : "Tepelný vrták umístěn",
    "ehi_experience_china1_gas_disabled" : "Plyn vypnut nebo vpuštění zabráněno",
    "ehi_experience_china1_auction_room_loud" : "Hack dokončen v aukční síni",
    "ehi_experience_china2_entered_dockyard" : "Vstup na pozemek",
    "ehi_experience_china2_found_vlad" : "Vlad nalezen na kamerách",
    "ehi_experience_china2_hacked_into_control_room" : "Hacknut vstup do ovládací místnosti",
    "ehi_experience_china2_downloaded_manifest" : "Stažen seznam skladišť",
    "ehi_experience_china2_found_warehouse_with_vlad" : "Nalezeno skladiště, kde je držen Vlad",
    "ehi_experience_china2_found_foremans_office" : "Nalezena kancelář mistra (pokud je vyžadována karta)",
    "ehi_experience_china2_called_foremans_extension" : "Zavoláno na telefonní číslo mistra (pokud je vyžadována karta)",
    "ehi_experience_china2_lured_foreman_out" : "Mistr vylákán z kanceláře (pokud je vyžadována karta)",
    "ehi_experience_china2_found_keycard_keypad_keycode" : "Nalezena karta/klávesnice/klíčový kód",
    "ehi_experience_china2_warehouse_open" : "Skladiště otevřeno",
    "ehi_experience_china2_opened_vlads_container" : "Otevřen kontejner, kde je Vlad",
    "ehi_experience_china2_cut_vlad_free" : "Vlad osvobozen",
    "ehi_experience_china2_inject_adrenaline" : "Vstříknut adrenalin",
    "ehi_experience_china2_gathered_at_the_security_gate" : "Tým shromážděn u bezpečnostní brány",
    "ehi_experience_china2_vlad_at_security_gate" : "Vlad dorazil k bezpečnostní bráně",
    "ehi_experience_china2_second_path" : "Vlad dorazil ke kancelářím (z pravé strany)",
    "ehi_experience_china2_found_it_room" : "Nalezena místnost IT",
    "ehi_experience_china2_copied_documents" : "Zkopírovány dokumenty na USB disk",
    "ehi_experience_china2_lowered_bollards" : "Sníženy sloupky",
    "ehi_experience_china2_ramp" : "Příjezd k rampě",
    "ehi_experience_china2_ramp_raised" : "Rampa zvednuta",
    "ehi_experience_china2_final_area" : "Dosažení poslední oblasti v docích",
    "ehi_experience_china2_route_done" : "Vlad eskortován",
    "ehi_experience_china2_signaled_jiu_feng" : "Dán signál Jiu Fengovi k extrakci",
    "ehi_experience_china2_escape_arrived" : "Únikové vozidlo dorazilo",
    "ehi_experience_china2_resuscitated_vlad" : "Vlad resuscitován",
    "ehi_experience_china2_harddrive_taken" : "Sebrán hard disk",
    "ehi_experience_china2_found_fireworks" : "Nalezen ohňostroj",
    "ehi_experience_china2_placed_fireworks" : "Umístěn ohňostroj",
    "ehi_experience_china3_met_insider" : "Setkání s informátorem",
    "ehi_experience_china3_found_insider_info" : "Otevřen kufřík od informátora",
    "ehi_experience_china3_guest_entrance" : "pokud je začátek beze zbraní",
    "ehi_experience_china3_crew_deck_entrance" : "pokud je začátek v podpalubí",
    "ehi_experience_china3_found_lideng_or_xunkang" : "Nalezen Li Deng nebo Xun Kang",
    "ehi_experience_china3_found_lideng_safe" : "Nalezen Li Dengův skrytý sejf",
    "ehi_experience_china3_found_xunkang" : "Nalezen Xun Kang (po Li Dengovi)",
    "ehi_experience_china3_bugged_meeting" : "Umístěno poslouchací zařízení",
    "ehi_experience_china3_found_phone_number" : "Nalezeno Xun Kangovo nové telefonní číslo",
    "ehi_experience_china3_guards_distracted" : "Strážní v blízkosti trezoru rozptýleni",
    "ehi_experience_china3_lifeboat_lowered" : "Záchranný člun spuštěn",
    "ehi_experience_china3_glass_broken" : "Sklo v meetingovce rozbité",
    "ehi_experience_china3_glass_destroyed" : "Sklo v meetingovce zničeno",
    "ehi_experience_china3_got_xunkang_hand" : "Xun Kangovi odebrána ruka",
    "ehi_experience_china3_firewall_disabled" : "Firewall vypnut",
    "ehi_experience_china3_vault_empty" : "Zbytek peněz zajištěn nebo znehodnocen",
    "ehi_experience_china3_signaled_heli" : "Dán signál helikoptéře k extrakci",
    "ehi_experience_china3_wall_exploded" : "Zeď u trezoru odpálena",
    "ehi_experience_china3_vault_out" : "Trezor vytáhnut",
    "ehi_experience_china3_got_rid_of_police_heli" : "Zbavení se policejních helikoptér",
    "ehi_experience_china3_vault_secured" : "Trezor zajištěn",
    "ehi_experience_china3_boat_escape" : "Únik lodí je k dispozici",
    "ehi_experience_china3_c4_route" : "Zkušenosti z C4",
    "ehi_experience_china3_c4" : "C4",
    "ehi_experience_china3_most_xp" : "Nejvíce ZK",
    "ehi_experience_china4_infiltrate_the_building" : "Infiltrace budovy",
    "ehi_experience_china4_flip_correct_switches" : "Zmáčknuty správné přepínače",
    "ehi_experience_china4_call_elevator_from_basement" : "Výtah zavolán do sklepa",
    "ehi_experience_china4_disable_elevator_power" : "Výtah odpojen od napájení",
    "ehi_experience_china4_elevator_shaft" : "Vyjetí nahoru výtahovou šachtou",
    "ehi_experience_china4_get_on_cleaning_platform" : "Vstup na plošinu pro mytí oken",
    "ehi_experience_china4_found_hidden_server_room" : "Nalezena skrytá serverová místnost",
    "ehi_experience_china4_steal_harddrive" : "Pevný disk ukraden",
    "ehi_experience_china4_decrypt_harddrive" : "Pevný disk dešifrován",
    "ehi_experience_china4_fire_alarm_on" : "Spuštěn požární poplach",
    "ehi_experience_china4_triad_leader_killed" : "Vůdce Triády zabit",
    "ehi_experience_china4_hack_building_security" : "Hacknuto zabezpečení budovy",
    "ehi_experience_china4_restart_and_call_elevator" : "Výtah znovu spuštěn a zavolán",
    "ehi_experience_china4_force_open_penthouse_door" : "Dveře otevřeny násilím",
    "ehi_experience_china4_put_thermite" : "Umístěn termit na dveře",
    "ehi_experience_china4_car_is_in_position" : "Auto je na místě",
    "ehi_experience_china4_car_is_ready" : "Auto připraveno a natankováno",
    "ehi_experience_china4_car_smashed_through" : "Auto rozrazilo dveře",
    "ehi_experience_china4_defend_lights" : "Světla na střeše bráněny",
    "ehi_experience_china4_thermite_route" : "Termit",
    "ehi_experience_texas1_entered_ranch_house" : "Vstup na ranč",
    "ehi_experience_texas1_found_laptop" : "Nalezen Estebanův laptop",
    "ehi_experience_texas1_collected_biometrics" : "Získány otisky prstů nebo vzorek hlasu od Estebana",
    "ehi_experience_texas1_gates_open" : "Brána k dílně otevřena",
    "ehi_experience_texas1_picked_up_weapons" : "Zbraně sebrány",
    "ehi_experience_texas1_sabotaged_workbenches" : "Pracovní stoly sabotovány",
    "ehi_experience_texas1_entered_office" : "Vstup do Estebanovy kanceláře",
    "ehi_experience_texas1_laptop_decrypted" : "Laptop dešifrován",
    "ehi_experience_texas1_found_gates_workshop" : "Nalezena brána do dílny",
    "ehi_experience_texas1_fulton_cage_assembled" : "Sestavena klec (Fulton)",
    "ehi_experience_texas1_defended_fulton_cage" : "Klec před odletem bráněna (Fulton)",
    "ehi_experience_texas2_used_walkie_talkie" : "Použita vysílačka",
    "ehi_experience_texas2_enter_rail_yard" : "Vstup na železniční stanici",
    "ehi_experience_texas2_got_inside_office" : "Vstup do administrativní budovy",
    "ehi_experience_texas2_found_motion_sensor" : "Nalezen senzor pohybu",
    "ehi_experience_texas2_motion_sensor_disabled" : "Vypnut senzor pohybu",
    "ehi_experience_texas2_found_correct_wagon" : "Nalezen správný vagón",
    "ehi_experience_texas2_use_pa_system" : "Použit oznamovací systém",
    "ehi_experience_texas2_loco_prepared" : "Lokomotiva připravena k odjezdu",
    "ehi_experience_texas2_rotated_the_turntable" : "Točna nastavena na správný směr",
    "ehi_experience_texas2_used_thermite" : "Použit termit",
    "ehi_experience_texas2_blocked_train_tracks" : "Zablokovány koleje",
    "ehi_experience_texas2_crane_moved" : "Jeřáb přesunut",
    "ehi_experience_texas2_crane_attached" : "Jeřáb připevněn k lokomotivě",
    "ehi_experience_texas2_loco_moved" : "Lokomotiva přesunuta",
    "ehi_experience_texas2_loco_started" : "Motor spuštěn",
    "ehi_experience_texas3_evidences_found" : "Důkazy nalezeny",
    "ehi_experience_texas3_prototype_secured" : "Prototyp zajištěn",
    "ehi_experience_texas3_documents_secured" : "Výzkumné dokumenty zajištěny",
    "ehi_experience_texas3_lab_destroyed" : "Laborka zničena",
    "ehi_experience_texas3_escape_1" : "Dokončení mise (Inspektoři nedorazili / Střílna nepostavena)",
    "ehi_experience_texas3_escape_2" : "Dokončení mise (Inspektoři dorazili / Střílna postavena)",
    "ehi_experience_texas4_found_server_room" : "Nalezena serverovna",
    "ehi_experience_texas4_accessed_security_computer" : "Získán přístup na PC v serverovně",
    "ehi_experience_texas4_updated_docking_schedule" : "Aktualizován časový plán příjezdu lodí",
    "ehi_experience_texas4_found_the_purest_sample" : "Nalezen perfektní vzorek",
    "ehi_experience_texas4_found_the_good_sample" : "Nalezen dobrý vzorek",
    "ehi_experience_texas4_entered_the_processing_area" : "Vstup do oblasti zpracování",
    "ehi_experience_texas4_crane_lowered" : "Jeřáb spuštěn",
    "ehi_experience_texas4_pipeline_connected" : "Trubky správně propojeny",
    "ehi_experience_texas4_pumping_complete" : "Pumpování dokončeno",
    "ehi_experience_texas4_entered_the_drilling_tower" : "Vstup na vrtnou věž",
    "ehi_experience_texas4_lasers_disabled" : "Lasery vypnuty",
    "ehi_experience_texas4_fan_jammed" : "Ventilace zaseknuta",
    "ehi_experience_texas4_disabled_gas_can" : "Vypnut plyn",
    "ehi_experience_texas4_disabled_blowout_preventor" : "Vypnuta pojistka proti výbuchu",
    "ehi_experience_texas4_build_pressure" : "Zvýšen tlak ve ventilech",
    "ehi_experience_texas4_drill_activated" : "Vrták aktivován",
    "ehi_experience_texas4_servers_destroyed" : "Servery zničeny",
    "ehi_experience_texas4_gabriel_killed" : "Gabriel zabit",
    "ehi_experience_custom_informant_killed" : "Informátor zabit",
    "ehi_experience_custom_defeated_backup_enemies" : "Poražena nepřátelská záloha",
    "ehi_experience_custom_opened_security_door" : "Otevřeny bezpečnostní dveře",
    "ehi_experience_custom_pc_powered_on" : "Zprovozněn PC",
    "ehi_experience_custom_escort" : "Týpek doprovoden",
    "ehi_experience_custom_removed_gps_tracker" : "Odstraněn sledovač GPS",

    "menu_achievements_progress_ehi_tracked" : "Sledováno v EHI",
    "menu_achievements_progress_ehi_secret" : "The Secret"
}