{
    "ehi_mod_title" : "Extra Heist Info",
    "ehi_mod_desc" : "",

    "ehi_save_data_corrupted" : "EHI's Save File Corrupted",
    "ehi_save_data_corrupted_desc" : "EHI's Save File got corrupted and cannot be loaded\nEHI will use default values to avoid crashing",

    "ehi_wrong_game_version": "Game version is not compatible with EHI",
    "ehi_wrong_game_version_desc" : "Your game version is not compatible with this EHI version\nTo prevent unexpected crashes, EHI will disable itself from loading\nTo keep using EHI, please update your game",

    "ehi_menu_reset_to_default" : "$BTN_RESET Set to default",
    "ehi_menu_large_steps" : "$BTN_STEP Large steps",

    "ehi_level_restart_required" : "A level restart is required for options to take effect",

    "ehi_item_depends_on" : "Option '$option;' must be enabled in order to work",
    
    "ehi_menu_next_page" : "Next Page -->",
    "ehi_menu_previous_page" : "<-- Previous Page",

    "ehi_language" : "Language",
    "ehi_language_desc" : "Changes mod language. To take effect, a level restart is required.",
    "ehi_language_1" : "Autodetect",

    "ehi_menu_only" : "Menu only",
    "ehi_show_preview_text" : "Show Preview Text",
    "ehi_show_preview_text_desc" : "Hides or shows preview text",

    "ehi_mission_briefing_toggle_plan_text" : "TOGGLE",
    "ehi_mission_briefing_next_plan_text" : "NEXT",

    "ehi_popup_experience" : "EXPERIENCE",
    "ehi_popup_experience_base_gained" : "Base XP Gained: ",
    "ehi_popup_experience_gained" : "Gained: ",
    "ehi_popup_experience_lost" : "Lost: ",
    "ehi_popup_experience_total" : "Total: ",
    "ehi_popup_gage_packages" : "GAGE PACKAGES",
    "ehi_popup_minion" : "CONVERT",
    "ehi_popup_minion_killed" : "Your convert has been killed",
    "ehi_popup_achievement_failed" : "ACHIEVEMENT FAILED!",
    "ehi_popup_achievement_started" : "ACHIEVEMENT STARTED!",
    "ehi_popup_trophy_started" : "TROPHY STARTED!",
    "ehi_popup_trophy_failed" : "TROPHY FAILED!",
    "ehi_popup_daily_started" : "DAILY SIDE JOB STARTED!",
    "ehi_popup_daily_failed" : "DAILY SIDE JOB FAILED!",
    "ehi_popup_loot_counter" : "LOOT COUNTER",
    "ehi_popup_all_loot_secured" : "All loot bags have been secured",
    "ehi_popup_all_xp_loot_secured" : "All possible XP from secured loot bags have been awarded",
    "ehi_popup_sniper" : "SNIPER!",
    "ehi_popup_sniper_spawned" : "Enemy Sniper has spawned",
    "ehi_popup_snipers" : "SNIPERS!",
    "ehi_popup_snipers_spawned" : "Enemy Snipers have spawned",
    "ehi_popup_sniper_logic_start" : "SNIPER LOGIC STARTED",
    "ehi_popup_sniper_logic_started" : "Enemy Sniper logic has started",
    "ehi_popup_sniper_logic_end" : "SNIPER LOGIC ENDED",
    "ehi_popup_sniper_logic_ended" : "Enemy Sniper logic has ended",
    "ehi_status_ok" : "OK",
    "ehi_status_done" : "DONE",
    "ehi_status_pass" : "PASS",
    "ehi_status_defend" : "DEFEND",
    "ehi_status_finish" : "FINISH",
    "ehi_status_secure" : "SECURE",
    "ehi_status_no_down" : "NO DOWN",
    "ehi_status_destroy" : "DESTROY",
    "ehi_status_alarm" : "ALARM",
    "ehi_status_ready" : "READY",
    "ehi_status_loud" : "LOUD",
    "ehi_status_mark" : "MARK",
    "ehi_status_push" : "PUSH",
    "ehi_status_hack" : "HACK",
    "ehi_status_land" : "LAND",
    "ehi_status_find" : "FIND",
    "ehi_status_bring" : "BRING",
    "ehi_status_objective" : "OBJECTIVE",
    "ehi_status_fail" : "FAIL",
    "ehi_status_endless" : "ENDLESS",
    "ehi_status_break" : "BREAK",
    "ehi_hint_drill" : "Drill",
    "ehi_hint_hack" : "Hack",
    "ehi_hint_laser" : "Laser",
    "ehi_hint_pager" : "Pager",
    "ehi_hint_process" : "Process",
    "ehi_hint_saw" : "Saw",
    "ehi_hint_timelock" : "Time lock",
    "ehi_hint_timer" : "Timer",
    "ehi_hint_gained_xp" : "Gained XP",
    "ehi_hint_total_xp" : "Total XP",
    "ehi_hint_endless_assault" : "Endless Assault",
    "ehi_hint_fire" : "Fire",
    "ehi_hint_fire_recharge" : "Fire Recharge",
    "ehi_hint_escape" : "Escape",
    "ehi_hint_loot_escape" : "Escape with Loot Zone",
    "ehi_hint_loot" : "Loot Zone",
    "ehi_hint_loot_timed" : "Timed Loot Zone",
    "ehi_hint_cooking_chance" : "Cooking Chance",
    "ehi_hint_scripted_bulldozer" : "Scripted Bulldozer Spawn",
    "ehi_hint_enemy_snipers" : "Enemy Snipers",
    "ehi_hint_enemy_snipers_heli" : "Enemy Sniper in Heli",
    "ehi_hint_enemy_snipers_loop" : "Looping Enemy Sniper",
    "ehi_hint_van_crash_chance" : "Van Crash Chance",
    "ehi_hint_cutter" : "Cutter",
    "ehi_hint_wait" : "Wait",
    "ehi_hint_teargas" : "Teargas",
    "ehi_hint_drill_delivery" : "Drill Delivery",
    "ehi_hint_drill_parts_delivery" : "Drill Parts Delivery",
    "ehi_hint_thermite" : "Thermite",
    "ehi_hint_explosion" : "Explosion",
    "ehi_hint_pick_up_phone" : "Pick up the Phone",
    "ehi_hint_kills" : "Required kills",
    "ehi_hint_winch" : "Winch",
    "ehi_hint_c4_delivery" : "C4 Delivery",
    "ehi_hint_code" : "Code",
    "ehi_hint_color_codes" : "Color Codes",
    "ehi_hint_keypad_reset" : "Keypad Reset",
    "ehi_hint_fuel_transfer" : "Fuel Transfer",
    "ehi_hint_charging" : "Charging",
    "ehi_hint_alarm" : "Alarm",
    "ehi_hint_drama" : "Drama",
    "ehi_hint_assault" : "Assault",
    "ehi_hint_assault_delay" : "Assault Delay",
    "ehi_hint_assault_time" : "Assault Time",
    "ehi_hint_pager_counter" : "Pager Counter",
    "ehi_hint_pager_chance" : "Pager Chance",
    "ehi_hint_zipline_bag" : "Zipline (Bag)",
    "ehi_hint_zipline_person" : "Zipline (Person)",
    "ehi_hint_zipline_reset" : "Zipline Reset",
    "ehi_hint_chance" : "Chance",
    "ehi_hint_loot_counter" : "Loot Counter",
    "ehi_hint_trade_delay" : "Trade Delay",
    "ehi_hint_deployables" : "Deployables",
    "ehi_hint_doctor_fak" : "Doctor Bags + FAK",
    "ehi_hint_doctor_bag" : "Doctor Bags",
    "ehi_hint_ammo_bag" : "Ammo Bags",
    "ehi_hint_fak" : "First Aid Kits",
    "ehi_hint_bodybags_bag" : "Bodybags",
    "ehi_hint_throwables" : "Throwables",
    "ehi_hint_defend" : "Defend",
    "ehi_hint_restarting" : "Restarting",
    "ehi_hint_civilians" : "Civilians",
    "ehi_hint_damage_reduction" : "Damage Reduction",
    "ehi_hint_enemy_count" : "Enemy Counter",
    "ehi_hint_bodybags_counter" : "Bodybags Counter",
    "ehi_hint_gage" : "Gage Packages",
    "ehi_hint_converts" : "Converts",
    "ehi_hint_sentry_reload" : "Turret (Reload)",
    "ehi_hint_sentry_repair" : "Turret (Repair)",
    "ehi_hint_sentry_teargas" : "Turret (Teargas)",
    "ehi_hint_diff" : "Assault Difficulty",
    "ehi_hint_ecm_jammer" : "ECM Jammer",
    "ehi_hint_ecm_feedback" : "ECM Feedback",
    "ehi_hint_ecm_feedback_refresh" : "ECM Feedback Refresh",
    "ehi_hint_phalanx_chance" : "Captain Chance",
    "ehi_hint_hostage" : "Hostage Counter",
    "ehi_hint_looped_camera" : "Looped Camera",
    "ehi_hint_piggy" : "Piggy Bank",
    "ehi_hint_turret_en_route" : "Enemy Turret En Route",
    "ehi_hint_modifier_civilian_alarm" : "Counter of civilian kills to alarm",

    "ehi_hint_big_piggy" : "Moving Piggy",
    "ehi_hint_brb_winch_delivery" : "Winch Delivery",
    "ehi_hint_cane_safe" : "Safe Event",
    "ehi_hint_crojob3_water" : "Water Filling",
    "ehi_hint_crojob3_water_enroute" : "Heli with Water",
    "ehi_hint_crojob3_water_refill" : "Heli Water Refill",
    "ehi_hint_des_crane" : "Crane",
    "ehi_hint_des_chem_set" : "Chemistry Set",
    "ehi_hint_des_chem_set_restart" : "Chemistry Set Restarting",
    "ehi_hint_des_chem_set_interrupt" : "Chemistry Set Interrupted",
    "ehi_hint_des_chem_set_cooking" : "Chemistry Set Cooking",
    "ehi_hint_election_day_3_crash_chance" : "Crash Chance",
    "ehi_hint_election_day_3_crash_chance_time" : "Time to Crash",
    "ehi_hint_friend_heli" : "Heli En Route",
    "ehi_hint_friend_heli_random" : "Heli Goes To Random Car",
    "ehi_hint_friend_heli_caddilac" : "Heli Goes To Caddilac",
    "ehi_hint_friend_heli_drop_car" : "Heli Drops The Car",
    "ehi_hint_hox_1_vehicle_move" : "Vehicle Move",
    "ehi_hint_hox_1_car" : "Truck Move",
    "ehi_hint_hox_2_request" : "Request Counter",
    "ehi_hint_hox_2_evidence" : "Evidence Chance",
    "ehi_hint_kosugi_heli" : "Heli Arrival",
    "ehi_hint_kosugi_loot" : "Loot Drop",
    "ehi_hint_kosugi_guards" : "Guards Drop",
    "ehi_hint_kosugi_keycard" : "Insert Keycard",
    "ehi_hint_mad_bomb" : "Bomb Drop",
    "ehi_hint_mad_scan" : "Scan",
    "ehi_hint_mad_emp" : "EMP",
    "ehi_hint_mallcrasher_destruction" : "Destruction",
    "ehi_hint_man_code" : "Code Chance",
    "ehi_hint_mia_1_location" : "Location",
    "ehi_hint_mia_1_meth_done" : "Meth Done",
    "ehi_hint_mia_1_next_meth_ingredient" : "Next Meth Ingredient",
    "ehi_hint_mia_2_loot" : "Coke Destroyed Timer",
    "ehi_hint_nail_chemicals_en_route" : "Chemicals En Route",
    "ehi_hint_nmh_incoming_police_patrol" : "Incoming Police Patrol",
    "ehi_hint_nmh_incoming_civilian" : "Incoming Civilian",
    "ehi_hint_nmh_patient_file_chance" : "Correct Patient File Chance",
    "ehi_hint_nmh_vial_fail" : "Vial Failed",
    "ehi_hint_nmh_vial_success" : "Vial Correct",
    "ehi_hint_pal_money" : "Printing Money",
    "ehi_hint_pent_chance" : "Generator Start Chance",
    "ehi_hint_peta2_loot_zone_delivery" : "Loot Zone Delivery",
    "ehi_hint_pines_chance" : "Present Drop Chance",
    "ehi_hint_pines_chance_reduction" : "Drop Chance Reduction",
    "ehi_hint_pines_santa" : "Heli for Santa",
    "ehi_hint_ranc_chance" : "Loot Zone Catch Chance",
    "ehi_hint_red2_thermite" : "Time to Reduce Thermite Timer",
    "ehi_hint_roberts_gensec" : "GenSec Arrival",
    "ehi_hint_roberts_gensec_warning" : "Hurry Up!",
    "ehi_hint_roberts_next_phone_call" : "Next Phone Call Timer",
    "ehi_hint_run_final_zone" : "Clear The Landing Zone",
    "ehi_hint_run_gas" : "Gas Counter",
    "ehi_hint_run_gas_final" : "Final Gas",
    "ehi_hint_rvd_pink" : "Mr. Pink Arrival",
    "ehi_hint_rvd2_liquid_nitrogen" : "Liquid Nitrogen Timer",
    "ehi_hint_sand_revive" : "Revive Chance",
    "ehi_hint_sand_heli_turret_timer" : "Heli Turret Timer",
    "ehi_hint_trai_crane" : "Crane Break Chance",
    "ehi_hint_trat_loco_start" : "Locomotive Start Chance",
    "ehi_hint_vit_teargas" : "Teargas Chance",

    "ehi_r" : "Red",
    "ehi_g" : "Green",
    "ehi_b" : "Blue",
    "ehi_button_ok" : "OK",
    "ehi_color_reset" : "Reset Color",

    "ehi_preview" : "Preview (A map restart is required to take effect)\nRed corner indicates where the first tracker is going to appear",

    "ehi_x_offset" : "X offset",
    "ehi_x_offset_desc" : "X offset",
    "ehi_y_offset" : "Y offset",
    "ehi_y_offset_desc" : "Y offset",

    "ehi_text_scale" : "Text Scale",
    "ehi_text_scale_desc" : "Sets text scale.\nThis feature is useful for players with modded in-game fonts",

    "ehi_scale" : "Scale",
    "ehi_scale_desc" : "Sets scale of trackers. The higher number the bigger trackers are and vice versa",

    "ehi_time_format" : "Time Format",
    "ehi_time_format_desc" : "Defines how timed tracker should be formated",
    "ehi_time_format_1" : "Seconds Only",
    "ehi_time_format_2" : "Minutes and Seconds",

    "ehi_tracker_alignment" : "Tracker Alignment",
    "ehi_tracker_alignment_desc" : "Defines how trackers should be aligned",
    "ehi_tracker_alignment_1" : "Vertical; Top to bottom",
    "ehi_tracker_alignment_2" : "Vertical; Bottom to Top",
    "ehi_tracker_alignment_3" : "Horizontal; Left to Right",
    "ehi_tracker_alignment_4" : "Horizontal; Right to Left",

    "ehi_tracker_vertical_w_anim" : "(Vertical) Panel Width Animation",
    "ehi_tracker_vertical_w_anim_desc" : "Sets panel animation direction when tracker's width changes",
    "ehi_tracker_vertical_w_anim_1" : "Left to Right",
    "ehi_tracker_vertical_w_anim_2" : "Right to Left",

    "ehi_vr_x_offset" : "X offset (VR)",
    "ehi_vr_y_offset" : "Y offset (VR)",

    "ehi_vr_scale": "VR Scale",
    "ehi_vr_scale_desc": "Sets scale of trackers in VR. The higher number the bigger trackers are and vice versa",

    "ehi_vr_tracker_alignment" : "VR Tracker Alignment",
    "ehi_vr_tracker_alignment_desc" : "Defines how trackers should be aligned in VR",

    "ehi_visuals_menu" : "Visuals",
    "ehi_visuals_menu_desc" : "",

    "ehi_show_tracker_bg" : "Show Tracker Background",
    "ehi_show_tracker_bg_desc" : "Shows tracker background\nWhen disabled, the background is hidden and animation is not visible",

    "ehi_show_tracker_corners" : "Show Tracker Corners",
    "ehi_show_tracker_corners_desc" : "Shows white corners in tracker",

    "ehi_show_one_icon" : "Show 1 Icon in Tracker",
    "ehi_show_one_icon_desc" : "Shows 1 icon in tracker when enabled\nAll icons are visible when this option is disabled",

    "ehi_show_icon_position" : "Icons Position",
    "ehi_show_icon_position_desc" : "Sets Icons Position in the Tracker",
    "ehi_show_icon_position_1" : "Left",
    "ehi_show_icon_position_2" : "Right",

    "ehi_show_tracker_hint" : "Show Tracker Description",
    "ehi_show_tracker_hint_desc" : "Shows a description for the tracker if exists",

    "ehi_show_tracker_hint_t" : "Tracker Description (Time)",
    "ehi_show_tracker_hint_t_desc" : "Defines how long the description will stay on the screen before it hides\n\nSetting this option to 0 makes the description permanently stay on the screen",

    "ehi_trackers_menu" : "Trackers",
    "ehi_trackers_menu_desc" : "",

    "ehi_show_mission_trackers": "Show Mission Trackers",
    "ehi_show_mission_trackers_desc": "Shows mission trackers on the screen (e.g.: Van/Heli arrival time, Next objective wait time, etc...)\n\nThis option also applies to custom missions\nIf supported in EHI",

    "ehi_show_unlockables" : "Show Unlockables",
    "ehi_show_unlockables_desc" : "Shows on the screen tracker for achievements, trophies and daily mission",

    "ehi_unlockables_menu" : "Unlockables",
    "ehi_unlockables_menu_desc" : "",

    "ehi_show_achievements" : "Show Achievements",
    "ehi_show_achievements_desc" : "Shows achievements on the screen\nSome heists may not have any achievements available",

    "ehi_show_achievement_description" : "Show Achievement Description",
    "ehi_show_achievement_description_desc" : "Shows achievement description in the game chat\n\nThe description is only visible to you",

    "ehi_show_achievements_mission" : "Show Achievements (Heist)",
    "ehi_show_achievements_mission_desc" : "Shows achievements that can be completed only in heists",

    "ehi_hide_unlocked_achievements" : "Don't Show Unlocked Achievements (Heist)",
    "ehi_hide_unlocked_achievements_desc" : "When enabled, EHI will not show trackers for unlocked achievements (heist)\nWhen disabled, EHI will show all trackers for achievements (heist)",

    "ehi_show_achievements_weapon" : "Show Achievements (Weapons)",
    "ehi_show_achievements_weapon_desc" : "Shows achievements that require you to kill enemies with weapons\n\nThe tracker will not be visible once the achievement is unlocked",

    "ehi_show_achievements_melee" : "Show Achievements (Melee)",
    "ehi_show_achievements_melee_desc" : "Shows achievements that require you to kill enemies with melee\n\nThe tracker will not be visible once the achievement is unlocked",

    "ehi_show_achievements_grenade" : "Show Achievements (Throwables)",
    "ehi_show_achievements_grenade_desc" : "Shows achievements that require you to kill enemies with throwables\n\nThe tracker will not be visible once the achievement is unlocked",

    "ehi_show_achievements_vehicle" : "Show Achievements (Vehicle)",
    "ehi_show_achievements_vehicle_desc" : "Shows achievements that require you to run over enemies with vehicles\n\nThe tracker will not be visible once the achievement is unlocked",

    "ehi_show_achievements_other" : "Show Achievements (Other)",
    "ehi_show_achievements_other_desc" : "Shows achievements that do not belong to any group above\n\nThe tracker will not be visible once the achievement is unlocked",

    "ehi_show_achievement_failed_popup" : "Show 'Achievement Failed' Popup",
    "ehi_show_achievement_failed_popup_desc" : "Failed achievements will show as red in the popup",

    "ehi_show_achievement_started_popup" : "Show 'Achievement Started' Popup",
    "ehi_show_achievement_started_popup_desc" : "Achievements that are now being tracked will show as green in the popup",

    "ehi_show_trophies" : "Show Trophies",
    "ehi_show_trophies_desc" : "Shows trophies on the screen\nSome heists may not have any trophies available",

    "ehi_show_trophy_description" : "Show Trophy Description",
    "ehi_show_trophy_description_desc" : "Shows trophy description in the game chat\n\nThe description is only visible to you",

    "ehi_hide_unlocked_trophies" : "Don't Show Unlocked Trophies",
    "ehi_hide_unlocked_trophies_desc" : "When enabled, EHI will not show trackers for unlocked trophies\nWhen disabled, EHI will show all trackers for trophies",

    "ehi_show_trophy_failed_popup" : "Show 'Trophy Failed' Popup",
    "ehi_show_trophy_failed_popup_desc" : "Failed trophies will show as red in the popup",

    "ehi_show_trophy_started_popup" : "Show 'Trophy Started' Popup",
    "ehi_show_trophy_started_popup_desc" : "Trophies that are now being tracked will show as green in the popup",

    "ehi_show_dailies" : "Show Daily Side Jobs",
    "ehi_show_dailies_desc" : "Shows dailies on the screen if the are active\n\nCompleted dailies won't appear on the screen",

    "ehi_show_daily_description" : "Show Daily Side Job Description",
    "ehi_show_daily_description_desc" : "Shows daily side job description in the game chat\n\nThe description is only visible to you",

    "ehi_show_daily_failed_popup" : "Show 'Daily Side Job Failed' Popup",
    "ehi_show_daily_failed_popup_desc" : "Failed dailies will show as red in the popup",

    "ehi_show_daily_started_popup" : "Show 'Daily Side Job Started' Popup",
    "ehi_show_daily_started_popup_desc" : "Dailies that are now being tracked will show as green in the popup",

    "ehi_show_gained_xp" : "Show gained XP",
    "ehi_show_gained_xp_desc" : "Shows earned XP in a mission.\nThis tracker is disabled in Crime Spree.",

    "ehi_xp_format" : "How to format gained XP",
    "ehi_xp_format_desc" : "Example: Base value: 1000; Death Wish difficulty\nBase value only: 1000\nValue multiplied with difficulty: 13000\nValue multiplied with all XP bonuses: 13000+",
    "ehi_xp_format_1" : "Show base value only",
    "ehi_xp_format_2" : "Show value multiplied with difficulty",
    "ehi_xp_format_3" : "Show value multiplied with all XP bonuses",

    "ehi_xp_panel" : "How to show gained XP",
    "ehi_xp_panel_desc" : "",
    "ehi_xp_panel_1" : "Show panel for every XP gained",
    "ehi_xp_panel_2" : "Show total XP gained from the heist",
    "ehi_xp_panel_3" : "Show popup for every XP gained and total XP",
    "ehi_xp_panel_4" : "Show hint for every XP gained and total XP",

    "ehi_show_xp_in_mission_briefing_only" : "Show gained XP in Mission Briefing only",
    "ehi_show_xp_in_mission_briefing_only_desc" : "Enable this function if you want to see XP in Mission Briefing, but not in-game",

    "ehi_total_xp_difference" : "Show XP difference",
    "ehi_total_xp_difference_desc" : "Shows how much you gained XP",
    "ehi_total_xp_difference_1" : "Don't show",
    "ehi_total_xp_difference_2" : "In hint",

    "ehi_show_trade_delay" : "Show Trade Delay Tracker",
    "ehi_show_trade_delay_desc" : "Shows trade delay when you or your teammates kill a civilian",

    "ehi_show_trade_delay_option" : "When Show Trade Delay Tracker",
    "ehi_show_trade_delay_option_desc": "Always: Always show a tracker when you or your teammate killed a civilian\nIn Custody: Show a tracker when you or your teammate went to custody and killed atleast 1 civilian",
    "ehi_show_trade_delay_option_1" : "Always",
    "ehi_show_trade_delay_option_2" : "In Custody",

    "ehi_show_trade_delay_other_players_only": "Show Trade Delay Tracker For Other Players Only",
    "ehi_show_trade_delay_other_players_only_desc": "When enabled, this tracker will not show how many civilians you killed but it will still show for other players.",

    "ehi_show_trade_delay_suppress_in_stealth" : "Don't Show Trade Delay Tracker in Stealth",
    "ehi_show_trade_delay_suppress_in_stealth_desc" : "Hides Trade Delay in stealth when enabled. Once the alarm goes off, the tracker appears with all accumulated delay.",

    "ehi_show_trade_delay_amount_of_killed_civilians" : "Show in Trade Delay Tracker amount of killed civilians",
    "ehi_show_trade_delay_amount_of_killed_civilians_desc" : "Shows for each player how many civilians they killed",

    "ehi_show_timers" : "Show Timers",
    "ehi_show_timers_desc" : "Shows timers for hacking, drilling, sawing, etc...",

    "ehi_show_timers_max_in_group" : "Count of Timers in a Group",
    "ehi_show_timers_max_in_group_desc" : "Sets a maximum count of timers in one tracker. If the maximum is exceeded, another tracker will get created to hold that timer (or more) on screen\n\nTo disable this feature, set the value to '1'\n\nIf the value is set to any than 1 and Horizontal alignment is selected, EHI will prefer unlimited number of timers in a group, to preserve space",

    "ehi_show_camera_loop" : "Show Camera Loop",
    "ehi_show_camera_loop_desc" : "Shows a tracker when a security camera is looped",

    "ehi_show_enemy_turret_trackers" : "Show Enemy Turret Trackers",
    "ehi_show_enemy_turret_trackers_desc" : "Shows a tracker when it is reloading or repairing",

    "ehi_show_zipline_timer" : "Show Zipline Tracker",
    "ehi_show_zipline_timer_desc" : "Shows 2 timers for zipline.\nFirst timer shows how long it takes to drop a bag/player, second timer shows zipline reset",

    "ehi_show_gage_tracker" : "Show Gage Tracker",
    "ehi_show_gage_tracker_desc" : "Shows tracker for Gage Packages on the map.\nIf the map does not allow Gage Packages, the tracker will not show",

    "ehi_gage_tracker_panel" : "Show Progress for Gage Packages",
    "ehi_gage_tracker_panel_desc" : "",
    "ehi_gage_tracker_panel_1" : "In tracker",
    "ehi_gage_tracker_panel_2" : "In popup",

    "ehi_show_captain_damage_reduction" : "Show Enemy Damage Reduction",
    "ehi_show_captain_damage_reduction_desc" : "Shows tracker for damage reduction when Captain is present",

    "ehi_show_captain_spawn_chance" : "Show Captain Spawn Chance",
    "ehi_show_captain_spawn_chance_desc" : "Shows current spawn chance for Captain Winters",

    "ehi_show_equipment_tracker" : "Show Equipment Tracker",
    "ehi_show_equipment_tracker_desc" : "Shows a separate tracker for deployed Doctor Bags, Ammo Bags, Grenade Cases, Body Bags and First Aid Kits",

    "ehi_equipment_menu" : "Equipment Menu",
    "ehi_equipment_menu_desc" : "",

    "ehi_equipment_format" : "Equipment Format",
    "ehi_equipment_format_desc" : "Defines how equipment should be formated",
    "ehi_equipment_format_1" : "Uses (Bags placed)",
    "ehi_equipment_format_2" : "(Bags placed) Uses",
    "ehi_equipment_format_3" : "(Uses) Bags placed",
    "ehi_equipment_format_4" : "Bags placed (Uses)",
    "ehi_equipment_format_5" : "Uses",
    "ehi_equipment_format_6" : "Bags placed",

    "ehi_show_equipment_doctorbag" : "Show Doctor Bags Tracker",
    "ehi_show_equipment_doctorbag_desc" : "Shows a tracker for Doctor Bags",

    "ehi_show_equipment_ammobag" : "Show Ammo Bags Tracker",
    "ehi_show_equipment_ammobag_desc" : "Shows a tracker for Ammo Bags",

    "ehi_show_equipment_grenadecases" : "Show Grenade Crates Tracker",
    "ehi_show_equipment_grenadecases_desc" : "Shows a tracker for Grenade Crates",

    "ehi_grenadecases_block_on_abilities_or_no_throwable" : "Block Grenade Crates Tracker on Abilities or no Throwable",
    "ehi_grenadecases_block_on_abilities_or_no_throwable_desc" : "Blocks Grenade Crates Tracker when you have equipped ability from perk deck or no throwable",

    "ehi_show_equipment_bodybags": "Show Body Bags Tracker",
    "ehi_show_equipment_bodybags_desc": "Shows a tracker for Body Bags\nThis tracker is removed when alarm sounds",

    "ehi_show_equipment_firstaidkit": "Show First Aid Kit Tracker",
    "ehi_show_equipment_firstaidkit_desc": "Shows a tracker for First Aid Kits",

    "ehi_show_equipment_ecmjammer" : "Show ECM Jammer Duration Tracker",
    "ehi_show_equipment_ecmjammer_desc" : "Shows a tracker for the remaining duration of an ECM Jammer\nAn ECM Jammer with the longest duration is shown in the tracker",

    "ehi_ecmjammer_block_ecm_without_pager_delay" : "Don't show ECM Jammer that won't delay pagers",
    "ehi_ecmjammer_block_ecm_without_pager_delay_desc" : "",

    "ehi_show_equipment_ecmfeedback" : "Show ECM Feedback Duration Tracker",
    "ehi_show_equipment_ecmfeedback_desc" : "Shows a tracker for the remaining duration of an ECM Feedback\nAn ECM Feedback with the longest duration is shown in the tracker (host only)",

    "ehi_show_ecmfeedback_refresh" : "Show ECM Feedback Retrigger",
    "ehi_show_ecmfeedback_refresh_desc" : "Shows a tracker when ECM Feedback starts refreshing",
    
    "ehi_show_equipment_aggregate_health" : "Aggregate Doctor Bags and First Aid Kits",
    "ehi_show_equipment_aggregate_health_desc" : "Aggregates Doctor Bags and First Aid Kits into one tracker",

    "ehi_show_equipment_aggregate_all" : "Aggregate All Deployables",
    "ehi_show_equipment_aggregate_all_desc" : "Aggregates all deployables into one tracker\nDeployables use their respective color from down below",

    "ehi_doctor_bag" : "Doctor Bag",
    "ehi_ammo_bag" : "Ammo Bag",
    "ehi_grenade_crate" : "Grenade Crate",
    "ehi_first_aid_kit" : "First Aid Kit",
    "ehi_bodybags_bag" : "Bodybags Bag",

    "ehi_show_minion_tracker" : "Show Converts Tracker",
    "ehi_show_minion_tracker_desc" : "Shows tracker for how many converted enemies are on the map",

    "ehi_show_minion_option" : "Converts Format",
    "ehi_show_minion_option_1" : "Show Number of your Converts only",
    "ehi_show_minion_option_2" : "Show Total Number of Converts on the map",
    "ehi_show_minion_option_3" : "Show Number of Converts Per Player",

    "ehi_show_minion_health" : "Show Convert's Health in Tracker",
    "ehi_show_minion_health_desc" : "Shows current of yours convert's health in the tracker",

    "ehi_show_minion_killed_message" : "Show 'CONVERT KILLED' Message",
    "ehi_show_minion_killed_message_desc" : "Shows a message when your convert has been killed",

    "ehi_show_minion_killed_message_type" : "'CONVERT KILLED' Message Type",
    "ehi_show_minion_killed_message_type_2" : "In hint panel",

    "ehi_show_difficulty_tracker" : "Show Difficulty Tracker",
    "ehi_show_difficulty_tracker_desc" : "Shows a tracker for how much difficult the wave is\n\nIn Holdout game mode, this option will show enemy damage and health boost, respectively",

    "ehi_show_drama_tracker" : "Show Drama Tracker",
    "ehi_show_drama_tracker_desc" : "Shows a tracker for accumulated drama (host only)",

    "ehi_show_pager_tracker" : "Show Pager Tracker",
    "ehi_show_pager_tracker_desc" : "Shows a tracker for how many pagers you have left",

    "ehi_show_pager_callback_trackers" : "Show Pager Callback Timers",
    "ehi_show_pager_callback_trackers_desc" : "Shows a tracker for pagers that needs to be answered",

    "ehi_show_pager_callback_answered_behavior" : "When a Pager is answered",
    "ehi_show_pager_callback_answered_behavior_desc" : "Defines what to do with the tracker and waypoint when pager is answered",
    "ehi_show_pager_callback_answered_behavior_1" : "Set color to green, then delete",
    "ehi_show_pager_callback_answered_behavior_2" : "Delete",

    "ehi_show_enemy_count_tracker" : "Show Enemy Count Tracker",
    "ehi_show_enemy_count_tracker_desc" : "Shows a tracker for how many enemies are on the map",

    "ehi_show_enemy_count_show_pagers" : "Show enemies with pager (stealth)",
    "ehi_show_enemy_count_show_pagers_desc" : "Shows enemies with pager on the left and enemies without the pager on the right\nOnce alarm sounds, only a number of enemies is visible",

    "ehi_show_civilian_count_tracker" : "Show Civilian Count Tracker",
    "ehi_show_civilian_count_tracker_desc" : "Shows a tracker for how many civilians are on the map\n\nOnce there are no civilians on the map, tracker won't be visible",

    "ehi_civilian_count_tracker_format" : "Civilian Count Tracker Format",
    "ehi_civilian_count_tracker_format_desc" : "",
    "ehi_civilian_count_tracker_format_1" : "Total number of civilians",
    "ehi_civilian_count_tracker_format_2" : "Tied | Untied",
    "ehi_civilian_count_tracker_format_3" : "Untied | Tied",

    "ehi_show_hostage_count_tracker" : "Show Hostage Count Tracker",
    "ehi_show_hostage_count_tracker_desc" : "Shows a tracker for how many hostages are on the map",

    "ehi_hostage_count_tracker_format" : "Civilian Count Tracker Format",
    "ehi_hostage_count_tracker_format_desc" : "",
    "ehi_hostage_count_tracker_format_1" : "Total only",
    "ehi_hostage_count_tracker_format_2" : "Total | Police",
    "ehi_hostage_count_tracker_format_3" : "Police | Total",
    "ehi_hostage_count_tracker_format_4" : "Civilians | Police",
    "ehi_hostage_count_tracker_format_5" : "Police | Civilians",

    "ehi_show_laser_tracker" : "Show Laser Tracker",
    "ehi_show_laser_tracker_desc" : "Shows a tracker for lasers that cycle every few seconds",

    "ehi_show_assault_delay_tracker" : "Show Assault Delay Tracker",
    "ehi_show_assault_delay_tracker_desc" : "Shows a tracker for how long the assault delay will be\n\nThe tracker won't show on clients when they drop-in after assault difficulty has been increased",

    "ehi_show_assault_time_tracker" : "Show Assault Duration Tracker",
    "ehi_show_assault_time_tracker_desc" : "Shows a tracker for how long the assault duration will be\n\nThe tracker won't show on clients when they drop-in after assault difficulty has been increased",

    "ehi_show_assault_diff_in_assault_trackers" : "Show Assault Difficulty in Assault Trackers",
    "ehi_show_assault_diff_in_assault_trackers_desc" : "In Holdout game mode, this option will show enemy damage and health boost, respectively\n\nIn other game modes, this option will show assault difficulty, in percent",

    "ehi_show_assault_enemy_count" : "Show Number of Enemies in Assault Trackers",
    "ehi_show_assault_enemy_count_desc" : "This option will show current number of enemies on the map\n\nThis will also remove Enemy Counter tracker once Assault tracker is visible",
    
    "ehi_show_loot_counter" : "Show Loot Counter",
    "ehi_show_loot_counter_desc" : "Shows a tracker for how much loot is in heist",

    "ehi_show_all_loot_secured_popup" : "Show 'All Loot Secured' popup",
    "ehi_show_all_loot_secured_popup_desc" : "Shows a popup when all loot on the map has been secured",

    "ehi_variable_random_loot_format" : "Variable Random Loot Format",
    "ehi_variable_random_loot_format_desc" : "Defines how additional random loot should be formatted\n\nExample:16 guaranteed bags with 4 safes that may or not have loot; 9 bags secured\n\nOption 1:\n9/16-20?\n\nOption 2:\n9/20?\n\nOption 3:\n9/16+4?",
    "ehi_variable_random_loot_format_1" : "Progress / Max - (Max + Random)?",
    "ehi_variable_random_loot_format_2" : "Progress / (Max + Random)?",
    "ehi_variable_random_loot_format_3" : "Progress / Max + Random?",

    "ehi_show_loot_max_xp_bags" : "Show XP Limited Max of Loot Bags",
    "ehi_show_loot_max_xp_bags_desc" : "When the gained experience from loot bags is limited in the mission script, show the maximum amount of loot bags you will get experience from\nIf the maximum is limited, the text will also be yellow",

    "ehi_show_bodybags_counter" : "Show Bodybags Counter",
    "ehi_show_bodybags_counter_desc" : "Shows a tracker for how many bodybags you have",

    "ehi_show_escape_chance" : "Show Escape Chance",
    "ehi_show_escape_chance_desc" : "Shows a tracker with possible escape chance",

    "ehi_show_sniper_tracker" : "Show Scripted Snipers",
    "ehi_show_sniper_tracker_desc" : "Shows a tracker with scripted snipers that respawn\n\nNote:\nMarshal snipers are not counted\nEvery heist uses different sniper logic (if there is any) and tracker may look differently",

    "ehi_show_sniper_spawned_popup" : "Show 'SNIPERS!' Popup",
    "ehi_show_sniper_spawned_popup_desc" : "Shows a popup in orange when scripted snipers spawned",

    "ehi_show_sniper_logic_start_popup" : "Show 'SNIPER LOGIC STARTED' Popup",
    "ehi_show_sniper_logic_start_popup_desc" : "Shows a popup in yellow when tracker with scripted snipers is created",

    "ehi_show_sniper_logic_end_popup" : "Show 'SNIPER LOGIC ENDED' Popup",
    "ehi_show_sniper_logic_end_popup_desc" : "Shows a popup in green when tracker with scripted snipers is deleted",
    
    "ehi_waypoints_menu" : "Waypoints",
    "ehi_waypoints_menu_desc" : "",

    "ehi_show_waypoints" : "Show Waypoints",
    "ehi_show_waypoints_desc" : "Show waypoints in the game world",

    "ehi_show_waypoints_only" : "Show Only Waypoints",
    "ehi_show_waypoints_only_desc" : "When enabled and an element has both tracker and waypoint defined, show only the waypoint\nOtherwise tracker will be shown",

    "ehi_show_waypoints_present_timer" : "Present Timer",
    "ehi_show_waypoints_present_timer_desc" : "Sets how long the waypoint will stay on your screen before it will 'move' to its destination",

    "ehi_show_waypoints_mission" : "Show Waypoints For Heist Elements",
    "ehi_show_waypoints_mission_desc" : "Shows a waypoint on heist elements",

    "ehi_show_waypoints_escape" : "Show Waypoints for Escape Vehicles",
    "ehi_show_waypoints_escape_desc" : "Shows a waypoint where escape vehicles will arrive (no timer)",

    "ehi_show_waypoints_enemy_turret" : "Show Waypoints For Enemy Turret",
    "ehi_show_waypoints_enemy_turret_desc" : "Shows a waypoint on the enemy turret when it is reloading or repairing",

    "ehi_show_waypoints_timers" : "Show Waypoints For Timers",
    "ehi_show_waypoints_timers_desc" : "Shows a waypoint on a visible timer (hacking, drilling, sawing, etc ...)",

    "ehi_show_waypoints_pager" : "Show Waypoints For Pagers",
    "ehi_show_waypoints_pager_desc" : "Shows a waypoint on a pager that needs to be answered",

    "ehi_show_waypoints_cameras" : "Show Waypoints for Looped Cameras",
    "ehi_show_waypoints_cameras_desc" : "Shows a waypoint on a camera that is currently being looped",

    "ehi_show_waypoints_zipline" : "Show Waypoints for Ziplines",
    "ehi_show_waypoints_zipline_desc" : "Shows a waypoint on a zipline that is in motion\nOnly the reset time is shown",

    "ehi_show_waypoints_ecmjammer" : "Show Waypoints for ECM Jammer",
    "ehi_show_waypoints_ecmjammer_desc" : "Shows a waypoint on active ECM Jammer",

    "ehi_buffs_menu" : "Buffs",
    "ehi_buffs_menu_desc" : "",

    "ehi_show_buffs" : "Show Buffs",
    "ehi_show_buffs_desc": "Shows on the screen buffs and cooldowns from skills and perks",

    "ehi_buffs_scale_desc" : "Sets scale of buffs. The higher number the bigger buffs are and vice versa",

    "ehi_buffs_alignment" : "Alignment",
    "ehi_buffs_alignment_desc" : "Defines how buffs should be alignment on the screen",
    "ehi_buffs_alignment_1" : "Left",
    "ehi_buffs_alignment_2" : "Center",
    "ehi_buffs_alignment_3" : "Right",

    "ehi_buffs_shape" : "Shape",
    "ehi_buffs_shape_desc" : "Defines what shape the buffs should have on the screen",
    "ehi_buffs_shape_1" : "Square",
    "ehi_buffs_shape_2" : "Circle",

    "ehi_buffs_show_progress" : "Show Progress",
    "ehi_buffs_show_progress_desc" : "Defines if the progress in the buff should be visible or not\nBy default, the progress will go clockwise",

    "ehi_buffs_invert_progress" : "Invert Progress",
    "ehi_buffs_invert_progress_desc" : "When enabled, the progress will go counterclockwise\nWhen disabled, the progress will go clockwise",

    "ehi_buffs_skills_cooldown" : "Shows cooldown",
    "ehi_buffs_skills_duration" : "Shows duration",
    "ehi_buffs_skills_progress" : "Shows progress",
    "ehi_buffs_skills_value" : "Shows value",

    "ehi_buffs_skills_menu" : "Skills",
    "ehi_buffs_skills_mastermind_menu" : "Mastermind",
    "ehi_buffs_skills_mastermind_medic_subclass" : "Medic",
    "ehi_buffs_skills_mastermind_inspire_basic" : "Inspire (Basic)",
    "ehi_buffs_skills_mastermind_inspire_basic_desc" : "Shows cooldown when you inspire someone",
    "ehi_buffs_skills_mastermind_inspire_ace" : "Inspire (Ace)",
    "ehi_buffs_skills_mastermind_inspire_ace_desc" : "Shows inspire cooldown when you revive someone",
    "ehi_buffs_skills_mastermind_uppers" : "Uppers",
    "ehi_buffs_skills_mastermind_uppers_range" : "Uppers Range",
    "ehi_buffs_skills_mastermind_uppers_range_desc" : "Shows a gauge when you are in FAK's autoheal range",
    "ehi_buffs_skills_mastermind_uppers_range_refresh" : "Uppers Range Refresh",
    "ehi_buffs_skills_mastermind_uppers_range_refresh_desc" : "Sets how often 'Uppers Range' gauge should be updated per second",
    "ehi_buffs_skills_mastermind_quick_fix" : "Quick Fix",
    "ehi_buffs_skills_mastermind_painkillers" : "Painkillers",
    "ehi_buffs_skills_mastermind_combat_medic" : "Combat Medic",
    "ehi_buffs_skills_mastermind_controller_subclass" : "Controller",
    "ehi_buffs_skills_mastermind_hostage_taker_muscle" : "Hostage Taker / Muscle",
    "ehi_buffs_skills_mastermind_forced_friendship" : "Forced Friendship (Absorption)",
    "ehi_buffs_skills_mastermind_forced_friendship_desc" : "Shows a gauge with current accumulated absorption from Forced Friendship",
    "ehi_buffs_skills_mastermind_sharpshooter_subclass" : "Sharpshooter",
    "ehi_buffs_skills_mastermind_ammo_efficiency" : "Ammo Efficiency",
    "ehi_buffs_skills_mastermind_aggressive_reload" : "Aggressive Reload",

    "ehi_buffs_skills_enforcer_menu" : "Enforcer",
    "ehi_buffs_skills_enforcer_shotgunner_subclass" : "Shotgunner",
    "ehi_buffs_skills_enforcer_overkill" : "Overkill",
    "ehi_buffs_skills_enforcer_underdog" : "Underdog",
    "ehi_buffs_skills_enforcer_tank_subclass" : "Tank",
    "ehi_buffs_skills_enforcer_bullseye" : "Bullseye",
    "ehi_buffs_skills_enforcer_ammo_specialist_subclass" : "Ammo Specialist",
    "ehi_buffs_skills_enforcer_bulletstorm" : "Bulletstorm",

    "ehi_buffs_skills_ghost_menu" : "Ghost",
    "ehi_buffs_skills_ghost_shinobi_subclass" : "Shinobi",
    "ehi_buffs_skills_ghost_sixth_sense_initial" : "Sixth Sense (Initial Delay)",
    "ehi_buffs_skills_ghost_sixth_sense_marked" : "Sixth Sense (Marked units)",
    "ehi_buffs_skills_ghost_sixth_sense_marked_desc" : "Shows a gauge with how many units are currently marked with Sixth Sense",
    "ehi_buffs_skills_ghost_sixth_sense_refresh" : "Sixth Sense (Refresh Delay)",
    "ehi_buffs_skills_ghost_artful_dodger_subclass" : "Artful Dodger",
    "ehi_buffs_skills_ghost_dire_need" : "Dire Need",
    "ehi_buffs_skills_ghost_silent_killer_subclass" : "Silent Killer",
    "ehi_buffs_skills_ghost_second_wind" : "Second Wind",
    "ehi_buffs_skills_ghost_unseen_strike" : "Unseen Strike",
    "ehi_buffs_skills_ghost_unseen_strike_initial" : "Unseen Strike (Initial Delay)",

    "ehi_buffs_skills_fugitive_menu" : "Fugitive",
    "ehi_buffs_skills_fugitive_gunslinger_subclass" : "Gunslinger",
    "ehi_buffs_skills_fugitive_trigger_happy" : "Trigger Happy",
    "ehi_buffs_skills_fugitive_desperado" : "Desperado",
    "ehi_buffs_skills_fugitive_revenant_subclass" : "Revenant",
    "ehi_buffs_skills_fugitive_running_from_death_reload" : "Running from Death (Reload and Swap)",
    "ehi_buffs_skills_fugitive_running_from_death_movement" : "Running from Death (Movement)",
    "ehi_buffs_skills_fugitive_up_you_go" : "Up You Go",
    "ehi_buffs_skills_fugitive_swan_song" : "Swan Song",
    "ehi_buffs_skills_fugitive_brawler_subclass" : "Brawler",
    "ehi_buffs_skills_fugitive_bloodthirst" : "Bloodthirst",
    "ehi_buffs_skills_fugitive_bloodthirst_ratio" : "Bloodthirst Ratio",
    "ehi_buffs_skills_fugitive_bloodthirst_ratio_desc" : "Sets percentual ratio to show Bloodthirst gauge\nSetting it to 0% makes the buff always visible\n\nDefault value is 34%, which are 6 kills in Vanilla",
    "ehi_buffs_skills_fugitive_bloodthirst_reload" : "Bloodthirst (Reload)",
    "ehi_buffs_skills_fugitive_berserker" : "Berserker",
    "ehi_buffs_skills_fugitive_berserker_refresh" : "Berserker Refresh",
    "ehi_buffs_skills_fugitive_berserker_refresh_desc" : "Sets how often 'Berserker' gauge should be updated per second",
    "ehi_buffs_skills_fugitive_berserker_format" : "Berserker Format",
    "ehi_buffs_skills_fugitive_berserker_format_desc" : "Sets how to format Berserker buff, both ranged damage and melee damage\n\nMultiplier: 1.4x 2.6x\n\nPercent: 140% 260%",
    "ehi_buffs_skills_fugitive_berserker_format_1" : "Multiplier",
    "ehi_buffs_skills_fugitive_berserker_format_2" : "Percent",
    "ehi_buffs_skills_fugitive_berserker_persistent" : "Persistent Berserker",
    "ehi_buffs_skills_fugitive_berserker_persistent_desc" : "'Berserker' gauge will stay on your screen when the value is lower than minimum value to activate the skill",

    "ehi_buffs_perks_menu" : "Perk Decks",
    "ehi_buffs_perks_infiltrator" : "Infiltrator",
    "ehi_buffs_perks_infiltrator_desc" : "Shows buffs and cooldowns in Infiltrator perk deck",
    "ehi_buffs_perks_infiltrator_melee_cooldown" : "Life Drain",
    "ehi_buffs_perks_gambler" : "Gambler",
    "ehi_buffs_perks_gambler_desc" : "Shows buffs and cooldowns in Gambler perk deck",
    "ehi_buffs_perks_gambler_regain_health_cooldown" : "Medical Supplies",
    "ehi_buffs_perks_gambler_ammo_give_out_cooldown" : "Ammo Give Out",
    "ehi_buffs_perks_grinder" : "Grinder",
    "ehi_buffs_perks_grinder_desc" : "Shows buffs and cooldowns in Grinder perk deck",
    "ehi_buffs_perks_grinder_regen_duration" : "Regen Duration",
    "ehi_buffs_perks_grinder_stack_cooldown" : "Stack Cooldown",
    "ehi_buffs_perks_maniac" : "Maniac",
    "ehi_buffs_perks_maniac_desc" : "Shows buffs and cooldowns in Maniac perk deck",
    "ehi_buffs_perks_maniac_stack" : "Hysteria Stacks",
    "ehi_buffs_perks_maniac_stack_persistent" : "Persistent Hysteria Stacks",
    "ehi_buffs_perks_maniac_stack_persistent_desc" : "Buff will stay on your screen when the Hysteria Stack is empty",
    "ehi_buffs_perks_maniac_stack_refresh" : "Hysteria Stacks Refresh",
    "ehi_buffs_perks_maniac_stack_refresh_desc" : "Sets how often 'Hysteria Stacks' gauge should be updated per second",
    "ehi_buffs_perks_maniac_stack_convert_rate" : "Hysteria Stacks Convert Rate",
    "ehi_buffs_perks_maniac_stack_decay" : "Hysteria Stacks Decay",
    "ehi_buffs_perks_anarchist" : "Anarchist / Armorer",
    "ehi_buffs_perks_anarchist_desc" : "Shows buffs and cooldowns in Anarchist / Armorer perk deck",
    "ehi_buffs_perks_anarchist_continuous_armor_regen" : "Continuous Armor Regen",
    "ehi_buffs_perks_anarchist_immunity" : "Damage Immunity",
    "ehi_buffs_perks_anarchist_immunity_cooldown" : "Damage Immunity Cooldown",
    "ehi_buffs_perks_anarchist_kill_armor_regen_cooldown" : "Dealing Damage - Armor Regen Cooldown",
    "ehi_buffs_perks_expresident" : "Ex-President",
    "ehi_buffs_perks_expresident_desc" : "Shows buffs and cooldowns in Ex-President perk deck",
    "ehi_buffs_perks_expresident_stored_health" : "Stored Health",
    "ehi_buffs_perks_biker" : "Biker",
    "ehi_buffs_perks_biker_desc" : "Shows buffs and cooldowns in Biker perk deck",
    "ehi_buffs_perks_biker_kill_counter" : "Kill Counter",
    "ehi_buffs_perks_biker_kill_counter_persistent" : "Persistent Kill Counter",
    "ehi_buffs_perks_biker_kill_counter_persistent_desc" : "'Kill Counter' will stay on your screen when the kill count is 0",
    "ehi_buffs_perks_kingpin" : "Kingpin",
    "ehi_buffs_perks_kingpin_desc" : "Shows buffs and cooldowns in Kingpin perk deck",
    "ehi_buffs_perks_kingpin_injector" : "Injector",
    "ehi_buffs_perks_kingpin_injector_cooldown" : "Injector Cooldown",
    "ehi_buffs_perks_sicario" : "Sicario",
    "ehi_buffs_perks_sicario_desc" : "Shows buffs and cooldowns in Sicario perk deck",
    "ehi_buffs_perks_sicario_smoke_bomb" : "Smoke Bomb",
    "ehi_buffs_perks_sicario_smoke_bomb_cooldown" : "Smoke Bomb Cooldown",
    "ehi_buffs_perks_sicario_twitch" : "Twitch",
    "ehi_buffs_perks_sicario_twitch_cooldown" : "Twitch Cooldown",
    "ehi_buffs_perks_stoic" : "Stoic",
    "ehi_buffs_perks_stoic_desc" : "Shows buffs and cooldowns in Stoic perk deck",
    "ehi_buffs_perks_stoic_dot" : "Applied damage over-time",
    "ehi_buffs_perks_stoic_cooldown" : "Hip Flask Cooldown",
    "ehi_buffs_perks_tag_team" : "Tag Team",
    "ehi_buffs_perks_tag_team_desc" : "Shows buffs and cooldowns in Tag Team perk deck",
    "ehi_buffs_perks_tag_team_cooldown" : "Gas Dispenser Cooldown",
    "ehi_buffs_perks_tag_team_effect" : "Tag Team - Effect",
    "ehi_buffs_perks_tag_team_tagged" : "Tag Team - Tagged",
    "ehi_buffs_perks_hacker" : "Hacker",
    "ehi_buffs_perks_hacker_desc" : "Shows buffs and cooldowns in Hacker perk deck",
    "ehi_buffs_perks_hacker_pecm_cooldown" : "Pocket ECM Jammer Cooldown",
    "ehi_buffs_perks_hacker_pecm_dodge" : "Kluge",
    "ehi_buffs_perks_hacker_pecm_jammer" : "Jammer from Pocket ECM Jammer",
    "ehi_buffs_perks_hacker_pecm_feedback" : "Feedback from Pocket ECM Jammer",
    "ehi_buffs_perks_leech" : "Leech",
    "ehi_buffs_perks_leech_desc" : "Shows buffs and cooldowns in Leech perk deck",
    "ehi_buffs_perks_leech_ampule" : "Ampule",
    "ehi_buffs_perks_leech_ampule_cooldown" : "Ampule Cooldown",
    "ehi_buffs_perks_copycat" : "Copycat",
    "ehi_buffs_perks_copycat_desc" : "Shows buffs and cooldowns in Copycat perk deck",
    "ehi_buffs_perks_copycat_head_games_cooldown" : "Head Games Cooldown",
    "ehi_buffs_perks_copycat_grace_period" : "Grace Period",
    "ehi_buffs_perks_copycat_grace_period_cooldown" : "Grace Period Cooldown",
    "ehi_buffs_perks_gage_boosts" : "Gage Boosts",
    "ehi_buffs_perks_gage_boosts_desc" : "Shows buffs and cooldowns in Crime Spree",
    "ehi_buffs_perks_gage_boosts_life_steal" : "Self Healer",
    "ehi_buffs_perks_gage_boosts_melee_invulnerability" : "Some Invulnerability",

    "ehi_buffs_other_menu" : "Other",
    "ehi_buffs_other_interact" : "Interact",
    "ehi_buffs_other_reload" : "Reload",
    "ehi_buffs_other_melee_charge" : "Melee Charge Delay",
    "ehi_buffs_other_shield_regen" : "Armor Regen Delay",
    "ehi_buffs_other_stamina" : "Stamina",
    "ehi_buffs_other_dodge" : "Dodge Chance",
    "ehi_buffs_other_dodge_refresh" : "Dodge Chance Refresh",
    "ehi_buffs_other_dodge_refresh_desc" : "Sets how often 'Dodge Chance' gauge should be updated per second",
    "ehi_buffs_other_dodge_persistent" : "Persistent Dodge Chance",
    "ehi_buffs_other_dodge_persistent_desc" : "'Dodge Chance' gauge will stay on your screen when your dodge is lower than 0%",
    "ehi_buffs_other_crit" : "Crit Chance",
    "ehi_buffs_other_crit_refresh" : "Crit Chance Refresh",
    "ehi_buffs_other_crit_refresh_desc" : "Sets how often 'Crit Chance' gauge should be updated per second",
    "ehi_buffs_other_crit_persistent" : "Persistent Crit Chance",
    "ehi_buffs_other_crit_persistent_desc" : "'Crit Chance' gauge will stay on your screen when your crit is lower than 0%",
    "ehi_buffs_other_damage_absorption" : "Damage Absorption",
    "ehi_buffs_other_damage_absorption_refresh" : "Damage Absorption Refresh",
    "ehi_buffs_other_damage_absorption_refresh_desc" : "Sets how often 'Damage Absorption' gauge should be updated per second",
    "ehi_buffs_other_damage_absorption_persistent" : "Persistent Damage Absorption",
    "ehi_buffs_other_damage_absorption_persistent_desc" : "'Damage Absorption' gauge will stay on your screen when your absorption is lower than 0",
    "ehi_buffs_other_damage_reduction" : "Damage Reduction",
    "ehi_buffs_other_damage_reduction_refresh" : "Damage Reduction Refresh",
    "ehi_buffs_other_damage_reduction_refresh_desc" : "Sets how often 'Damage Reduction' gauge should be updated per second",
    "ehi_buffs_other_damage_reduction_persistent" : "Persistent Damage Reduction",
    "ehi_buffs_other_damage_reduction_persistent_desc" : "'Damage Reduction' gauge will stay on your screen when your reduction is lower than 0%",
    "ehi_buffs_other_inspire_ai" : "Inspire (AI)",
    "ehi_buffs_other_regen_throwable_ai" : "Regen Throwable (AI)",
    "ehi_buffs_other_health" : "Your Health Value",
    "ehi_buffs_other_armor" : "Your Armor Value",

    "ehi_inventory_menu" : "Inventory",
    "ehi_inventory_menu_desc" : "",

    "ehi_show_inventory_detailed_description" : "Show Detailed Inventory Description",
    "ehi_show_inventory_detailed_description_desc" : "Shows detailed description for Throwables and Equipment\nA level restart is required to take effect",

    "ehi_hide_original_desc" : "Hide Original Description",
    "ehi_hide_original_desc_desc" : "Hides original description",

    "ehi_bm_charges" : "%s use(s) (%s uses total)",
    "ehi_bm_charges_no_total" : "%s use(s)",
    "ehi_bm_doctor_bag" : "Restores health and downs",
    "ehi_bm_doctor_bag_2" : "Quick Fix: After use, $multiplier less damage for $duration;s",
    "ehi_bm_ammo_bag" : "Secondary weapon is refilled first, then primary",
    "ehi_bm_ammo_bag_2" : "Bulletstorm: Unlimited ammo after use for up to %ds (depends on how much ammo have been taken)",
    "ehi_bm_armor_kit" : "Packs your selected armor and you start with Two-Piece Suit\nAfter use, you will have your selected armor\nAfter change you cannot switch back to suit",
    "ehi_bm_ecm_jammer" : "Unlocks Electronic Security Doors",
    "ehi_bm_ecm_jammer_2" : "Delays Pagers",
    "ehi_bm_bodybags_bag" : "A bodybag can hide one dead body (stealth)",
    "ehi_bm_trip_mine" : "Fire Trap",
    "ehi_bm_sentry_gun" : "Health",
    "ehi_bm_sentry_gun_2" : "Ammo",
    "ehi_bm_sentry_gun_3" : "AP Rounds (switchable)",
    "ehi_bm_sentry_gun_4" : "AP",
    "ehi_bm_sentry_gun_5" : "Protective Shield",
    "ehi_bm_sentry_gun_6" : "Ammo Cost to Place",
    "ehi_bm_sentry_gun_7" : "Inaccuracy",
    "ehi_bm_sentry_gun_8" : "Degrees",
    "ehi_bm_sentry_gun_silent" : "Silenced",
    "ehi_bm_first_aid_kit" : "Restores health only",
    "ehi_bm_first_aid_kit_2" : "Uppers: Autoheal after you lost all health and you are in FAK's range of %sm\nCooldown: %ds",
    "ehi_bm_grenade_crate" : "One use restores the amount of throwables up to max",
    "ehi_bm_grenade_crate_2" : "Does not work with perk deck abilities",
    "ehi_bm_damage" : "Damage",
    "ehi_bm_max_damage" : "Max Damage",
    "ehi_bm_range" : "Range",
    "ehi_bm_base_cooldown" : "Base Cooldown",
    "ehi_bm_duration" : "Duration",
    "ehi_bm_cooldown_drain" : "Each kill speeds up cooldown by %ss",
    "ehi_bm_instant" : "Instant",
    "ehi_bm_poison" : "Poison",
    "ehi_bm_fire" : "Fire",
    "ehi_bm_dot" : "DOT",
    "ehi_bm_dot_tick_period" : "Damage every %ss",
    "ehi_bm_dot_chance" : "Trigger Chance",
    "ehi_bm_explosion" : "Explosion",
    "ehi_bm_fir_com" : "Explodes first, then releases a fire blast",
    "ehi_bm_concussion_1" : "Flashes and stuns enemies",
    "ehi_bm_concussion_2" : "After recover, flashed enemies will have %s%s accuracy for %ds",
    "ehi_bm_poison_gas_grenade_1" : "Explodes first, then releases toxic gas",
    "ehi_bm_poison_gas_grenade_2" : "Cloud",
    "ehi_bm_sticky_grenade" : "Sticks to surfaces and enemies",
    "ehi_bm_kingpin_1" : "Heals you for %s%s per every damage (active)",
    "ehi_bm_kingpin_2" : "Nearby enemies will prefer targeting you (active)",
    "ehi_bm_kingpin_3" : "When below %s%s HP, effect is increased by %s%s (active)",
    "ehi_bm_kingpin_4" : "If max HP, cooldown is reduced by additional $duration;s for $heal HP gained (active)",
    "ehi_bm_sicario_1" : "While inside the smoke screen, you and your allies avoid %s%s of all bullets",
    "ehi_bm_sicario_2" : "Enemies inside the smoke screen have their accuracy reduced by %s%s",
    "ehi_bm_sicario_3" : "All of your perk deck effects are increased by %s%s while you are in the smoke screen",
    "ehi_bm_sicario_4" : "Any of your allies inside the smoke screen will gain %s%s dodge chance",
    "ehi_bm_stoic_1" : "Using the Stoic's Hip Flask negates all pending damage",
    "ehi_bm_stoic_2" : "If your HP is below %s%s, cooldown will be reduced by %ss for each kill instead of %ss",
    "ehi_bm_tagteam_1" : "Each enemy you or your tagged unit kills heals you for %sHP and heals them for %sHP (active)",
    "ehi_bm_tagteam_2_a" : "Each your kill extends the duration by %ss and reduces cooldown by %ss (active)",
    "ehi_bm_tagteam_2_b" : "Each your kill extends the duration by %ss (active)",
    "ehi_bm_tagteam_2_c" : "Each your kill reduces cooldown by %ss (active)",
    "ehi_bm_tagteam_2_d" : "Each your tagged unit kill reduces cooldown by %ss (active)",
    "ehi_bm_tagteam_3" : "Each your or tagged unit kill increases absorption by %s up to %s (active)\nResets after deactivation",
    "ehi_bm_hacker_1" : "Each kill heals you for %dHP (active - loud)",
    "ehi_bm_hacker_2" : "Temporarily increases dodge when getting a kill: +%s%s for %ss (active)",
    "ehi_bm_hacker_3" : "Each crew member kill heals them for %dHP (active - loud)",
    "ehi_bm_leech_1" : "Restores %s%s HP when activated",
    "ehi_bm_leech_2" : "Disables your armor while Leech is active",
    "ehi_bm_leech_3" : "Each %s kill(s) grants you invulnerability for %ss (active)",
    "ehi_bm_leech_4" : "Divides your health into %s segments and killing %s enemies restores 1 segment (active)\nTaking damage removes 1 segment\nIf the damage is over %s, %s segment(s) are removed",
    "ehi_bm_leech_5" : "You cannot go into bleedout, but if you are out of HP, your movement will slow down by %s%s (active)",
    "ehi_bm_leech_6" : "You can activate Leech while downed, you will stay alive if you revive a teammate or use a doctor bag and you are above 0 HP",

    "ehi_other_menu" : "Other",
    "ehi_other_menu_desc" : "",

    "ehi_other_show_remaining_xp" : "Show Remaining XP to Next Level/Infamy Pool",
    "ehi_other_show_remaining_xp_desc" : "Shows Remaining XP\nIf you are Level 100, remaining XP in your Infamy Pool will be visible, otherwise remaining XP to next level will be visible\nA level restart is required to take effect",
    "ehi_other_show_remaining_xp_to_100" : "Show Remaining XP to Level 100",
    "ehi_other_show_remaining_xp_to_100_desc" : "Shows Remaining XP to Level 100 (visible if you are under Level 100)",

    "ehi_other_show_mission_xp_overview" : "Show Mission XP Overview",
    "ehi_other_show_mission_xp_overview_desc" : "Shows a panel in Mission Briefing with possible XP you can get",

    "ehi_other_show_floating_health_bar" : "Show Floating Health Bar",
    "ehi_other_show_floating_health_bar_desc" : "Shows floating health bar when you aim at someone",

    "ehi_other_show_floating_health_bar_style" : "Floating Health Bar Style",
    "ehi_other_show_floating_health_bar_style_1" : "PocoHud",
    "ehi_other_show_floating_health_bar_style_2" : "Circle",
    "ehi_other_show_floating_health_bar_style_3" : "Rectangle",

    "ehi_other_show_floating_health_bar_converts" : "Show Floating Health Bars for Converts",
    "ehi_other_show_floating_health_bar_civilians" : "Show Floating Health Bars for Civilians",
    "ehi_other_show_floating_health_bar_team_ai" : "Show Floating Health Bars for Team AI",

    "ehi_other_show_use_left_ammo_bag" : "Show uses left for Ammo Bags",
    "ehi_other_show_use_left_doctor_bag" : "Show uses left for Doctor Bags",
    "ehi_other_show_use_left_bodybags_bag" : "Show uses left for Bodybag Bags",
    "ehi_other_show_use_left_grenades" : "Show uses left for Grenade cases",

    "ehi_colors_menu" : "Colors",
    "ehi_colors_menu_desc" : "Changes used colors",

    "ehi_colors_tracker_waypoint" : "Tracker / Waypoint",

    "ehi_colors_inaccurate" : "Inaccurate",
    "ehi_colors_inaccurate_desc" : "Changes text color when tracker/waypoint is inaccurate",

    "ehi_colors_pause" : "Paused",
    "ehi_colors_pause_desc" : "Changes text color when tracker/waypoint is paused",

    "ehi_colors_drill_autorepair" : "Drill/Saw Autorestart",
    "ehi_colors_drill_autorepair_desc" : "Changes icon color when drill/saw can autorestart on its own",

    "ehi_colors_drill_not_powered" : "Drill/Saw Not Powered",
    "ehi_colors_drill_not_powered_desc" : "Changes text color when drill/saw is not powered",

    "ehi_colors_warning" : "Warning",
    "ehi_colors_warning_desc" : "Animates text color when there is 10 seconds left",

    "ehi_colors_completion" : "Completion",
    "ehi_colors_completion_desc" : "Animates text color when there is 10 seconds left",

    "ehi_colors_sniper_chance" : "Snipers (Current Chance)",
    "ehi_colors_sniper_chance_desc" : "Chances text color of the current sniper chance",

    "ehi_colors_sniper_count" : "Snipers (Count)",
    "ehi_colors_sniper_count_desc" : "Chances text color of current visible snipers",
    
    "ehi_colors_mission_briefing" : "Mission Briefing",

    "ehi_colors_loot_secured" : "Loot Secured",
    "ehi_colors_loot_secured_desc" : "Changes color of loot",

    "ehi_colors_total_xp" : "Total XP",
    "ehi_colors_total_xp_desc" : "Changes color of total XP you can get",

    "ehi_colors_optional" : "Optional objective",
    "ehi_colors_optional_desc" : "Changes color of optional objective that is not required to complete the mission\nBut completing it will give you more experience",

    "ehi_colors_achievement" : "Achievement",
    "ehi_colors_achievement_desc" : "Changes color of a tracker icon if it is tracking an achievement",

    "ehi_colors_sidejob" : "Side Job",
    "ehi_colors_sidejob_desc" : "Changes color of a tracker icon if it is tracking a side job",

    "ehi_colors_trophy" : "Trophy",
    "ehi_colors_trophy_desc" : "Changes color of a tracker icon if it is tracking a trophy",

    "ehi_experience_infamy_pool" : "Infamy Pool in:",
    "ehi_experience_next_level" : "Next in:",
    "ehi_experience_100_in" : "100 in:",
    "ehi_experience_xp_overview" : "XP Overview:",
    "ehi_experience_xp" : "XP",
    "ehi_experience_total_xp" : "Total XP: ",
    "ehi_experience_all_gage_packages" : "With all gage packages:",
    "ehi_experience_stealth" : "Stealth",
    "ehi_experience_loud" : "Loud",
    "ehi_experience_c4_used" : "C4 used",
    "ehi_experience_to_secure" : "To secure: $amount",
    "ehi_experience_xp_bonus" : "Bonus XP",
    "ehi_experience_mandatory_bags" : "$count Mandatory bag$suffix",
    "ehi_experience_additional_bag" : "Additional bag",
    "ehi_experience_trigger_times" : "$times;x max",
    "ehi_experience_random_objectives" : "$count Random objective$suffix;:",
    "ehi_experience_random_objectives_no_count" : "Random objectives:",
    "ehi_experience_or" : "---OR---",
    "ehi_experience_modifier_projob" : "PRO",
    "ehi_experience_heli_escape" : "Heli Escape",
    "ehi_experience_loud_escape" : "Loud Escape",
    "ehi_experience_stealth_escape" : "Stealth Escape",
    "ehi_experience_escape" : "Escape",
    "ehi_experience_each_goat_secured" : "Each goat secured",
    "ehi_experience_each_loot_secured" : "Each bag secured",
    "ehi_experience_each_safe_secured" : "Each safe secured",
    "ehi_experience_loot_any" : "Any",
    "ehi_experience_loot_else" : "Everything else",
    "ehi_experience_loot_secured" : "Loot Secured",
    "ehi_experience_each_wave_survived" : "Each survived police wave",
    "ehi_experience_wave_survived" : "Survived Wave $wave;: ",
    "ehi_experience_vault_found" : "Vault found",
    "ehi_experience_vault_open" : "Vault opened",
    "ehi_experience_turret_secured" : "Turret secured",
    "ehi_experience_pc_found" : "PC Found",
    "ehi_experience_pc_hack" : "PC Hack",
    "ehi_experience_correct_pc_hack" : "Correct PC Hack",
    "ehi_experience_c4_set_up" : "Placed C4",
    "ehi_experience_cage_assembled" : "Cage Assembled",
    "ehi_experience_vault_drill_done" : "Vault drill done",
    "ehi_experience_vault_drills_done" : "Vault drills done",
    "ehi_experience_thermaldrill_done" : "Thermal Drill done",
    "ehi_experience_saw_done" : "Saw done",
    "ehi_experience_saws_done" : "Saws done",
    "ehi_experience_timelock_done" : "Timelock done",
    "ehi_experience_phone_answered" : "Phone Answered",
    "ehi_experience_all_bags_destroyed" : "All bags destroyed ($carry;)",
    "ehi_experience_mallcrasher" : "Destroying the mall / Escape",
    "ehi_experience_safe_event_done" : "Safe Event done",
    "ehi_experience_present_finished" : "Present finished",
    "ehi_experience_van_open" : "Van opened",
    "ehi_experience_shoe_storage_enter" : "Entered Storage (Shoes)",
    "ehi_experience_shoe_backroom_enter" : "Entered Backroom (Shoes)",
    "ehi_experience_shoe_collected" : "Shoes collected",
    "ehi_experience_necklace_collected" : "Necklace collected",
    "ehi_experience_toy_found" : "Timboy found (If in a shopping bag)",
    "ehi_experience_toy_collected" : "Timboy collected",
    "ehi_experience_vr_collected" : "VR collected",
    "ehi_experience_wine_collected" : "Wine collected",
    "ehi_experience_flare" : "Flare placed",
    "ehi_experience_c4_drop" : "C4 Drop",
    "ehi_experience_heli_arrival" : "Heli arrived",
    "ehi_experience_wires_attached" : "Wires attached",
    "ehi_experience_all_bags_secured" : "All bags secured",
    "ehi_experience_thermite_done" : "Thermite done",
    "ehi_experience_watchdogs2_bonus_xp" : "Bonus XP for each bag after securing 3 mandatory bags",
    "ehi_experience_fs_secured_required_bags" : "Mandatory bags secured",
    "ehi_experience_fs_burned_required_bags" : "Mandatory bags destroyed",
    "ehi_experience_rats_lab_exploded" : "Lab Exploded",
    "ehi_experience_rats_3_bags_cooked" : "3 bags of meth cooked",
    "ehi_experience_rats_all_7_bags_cooked" : "All 7 bags of meth cooked",
    "ehi_experience_rats2_info_destroyed" : "Info destroyed",
    "ehi_experience_rats2_trade" : "Trade",
    "ehi_experience_rats2_trade_and_steal" : "Trade and then steal",
    "ehi_experience_big_oil_intel_pickup" : "Intel pickup",
    "ehi_experience_big_oil2_correct_engine" : "Correct engine found",
    "ehi_experience_ff3_item_deployed" : "Item placed on the roof",
    "ehi_experience_ff3_cocaine_placed" : "Cocaine placed",
    "ehi_experience_ff3_gold_secured" : "Gold secured",
    "ehi_experience_ed1_tag_right_truck" : "Correct truck tagged",
    "ehi_experience_ed1_hack_1" : "First PC Hack",
    "ehi_experience_ed1_hack_2" : "Second PC Hack",
    "ehi_experience_hm1_mobsters_killed" : "Mobsters killed",
    "ehi_experience_hm1_cars_destroyed" : "Cars destroyed",
    "ehi_experience_hm1_gas_station_destroyed" : "Gas station destroyed",
    "ehi_experience_hm1_hatch_open" : "Hatch opened",
    "ehi_experience_hm1_correct_barcode_scanned" : "Correct barcode scanned",
    "ehi_experience_hm1_meth_cooked" : "1 bag of meth cooked",
    "ehi_experience_hm2_enter_building" : "Entered building",
    "ehi_experience_hm2_hostage_rescued" : "Hostage rescued",
    "ehi_experience_hm2_yellow_gate_open" : "Yellow gate opened",
    "ehi_experience_hm2_magnetic_door_open" : "Magnetic door opened",
    "ehi_experience_hm2_enter_apartment" : "Entered commissar's apartment",
    "ehi_experience_hm2_commissar_dead" : "Killed commissar",
    "ehi_experience_hox1_first_corner" : "First corner reached",
    "ehi_experience_hox1_second_corner" : "Second corner reached",
    "ehi_experience_hox1_blockade_cleared" : "Obstacle cleared",
    "ehi_experience_hox1_parking_gate_open" : "Took a parking ticket",
    "ehi_experience_hox1_parking_car_reached_garages" : "Armored car reached parking lot",
    "ehi_experience_hox2_reached_server_room" : "Hoxton reached server room",
    "ehi_experience_hox2_random_obj" : "Done random objective",
    "ehi_experience_hox2_no_keycard_bonus_xp" : "No keycards used",
    "ehi_experience_hox3_vault_objective" : "Vault security disabled",
    "ehi_experience_hox3_traitor_killed" : "Traitor killed",
    "ehi_experience_mus_powerboxes" : "Powerboxes disabled",
    "ehi_experience_mus_first_timelock" : "First timelock done",
    "ehi_experience_mus_second_timelock" : "Second timelock done",
    "ehi_experience_mus_no_gas_trap" : "No gas trap in The Diamond chamber",
    "ehi_experience_alesso_find_c4" : "Find C4",
    "ehi_experience_alesso_pyro_set" : "Pyro set",
    "ehi_experience_ggc_gear_found" : "Found your gear",
    "ehi_experience_ggc_blueprint_found" : "Blueprint found",
    "ehi_experience_ggc_blueprint_send" : "Blueprint sent",
    "ehi_experience_ggc_got_data" : "Used a USB stick",
    "ehi_experience_ggc_civie_drugged" : "Civilian drugged",
    "ehi_experience_ggc_gas_planted" : "Sleeping gas planted",
    "ehi_experience_ggc_color_code" : "Found a color code",
    "ehi_experience_ggc_laser_disabled" : "Vault laser disabled",
    "ehi_experience_ggc_locker_room_found" : "Locker room found",
    "ehi_experience_ggc_c4_taken" : "Took C4",
    "ehi_experience_ggc_weak_spot_found" : "Weak spot found",
    "ehi_experience_ggc_winch_part_picked_up" : "Took a winch part",
    "ehi_experience_ggc_winch_set_up" : "Winch set up",
    "ehi_experience_ggc_fireworks" : "Firework launched",
    "ehi_experience_ggc_winch_connected_to_bfd" : "Winch connected to BFD",
    "ehi_experience_ggc_bfd_lowered" : "BFD lowered",
    "ehi_experience_ggc_bfd_in_position" : "BFD in position",
    "ehi_experience_ggc_bfd_started" : "BFD started",
    "ehi_experience_ggc_bfd_done" : "BFD done",
    "ehi_experience_the_bomb_open_dock_gate" : "Dock gate opened",
    "ehi_experience_the_bomb_find_coordinates" : "Found number to Captain",
    "ehi_experience_the_bomb_call_captain" : "Captain called to move the ship",
    "ehi_experience_the_bomb_find_bomb" : "Found The Bomb",
    "ehi_experience_the_bomb_blowup_dock_gate" : "Dock gate blew up",
    "ehi_experience_the_bomb2_vault_filled" : "Vault filled with water",
    "ehi_experience_scarface_got_usb" : "Found a USB stick",
    "ehi_experience_scarface_entered_house" : "Entered mansion",
    "ehi_experience_scarface_shutters_open" : "Shutters open",
    "ehi_experience_scarface_searched_planted_yayo" : "Searched in the yayo",
    "ehi_experience_scarface_made_a_call" : "Made a call to meet Sosa",
    "ehi_experience_scarface_gathered_all_paintings" : "Gathered all paintings",
    "ehi_experience_scarface_all_cars_hooked_up" : "3 cars hooked on a heli",
    "ehi_experience_scarface_defeated_security" : "Defeated Sosa's security",
    "ehi_experience_scarface_entered_sosa_office" : "Entered Sosa's office",
    "ehi_experience_scarface_sosa_killed" : "Sosa killed",
    "ehi_experience_counterfeit_found_sus_doors" : "Found suspicious door",
    "ehi_experience_counterfeit_first_hack_finish" : "First hack done",
    "ehi_experience_counterfeit_defuse_c4" : "C4 defused",
    "ehi_experience_counterfeit_printed_money" : "Bonus XP for each printed counterfeit money",
    "ehi_experience_fwb_server_room_open" : "Opened server room",
    "ehi_experience_fwb_rewired_circuit_box" : "Rewired a circuit box",
    "ehi_experience_fwb_found_code" : "Found security code",
    "ehi_experience_fwb_gates_open" : "Gates are open",
    "ehi_experience_fwb_c4_escape" : "Wall blown up (Escape route)",
    "ehi_experience_fwb_overdrill" : "OVERDRILL",
    "ehi_experience_murky_station_equipment_found" : "Equipment found",
    "ehi_experience_murky_station_found_emp_part" : "Found EMP part",
    "ehi_experience_boiling_point_radar_blown_up" : "Radar blown up",
    "ehi_experience_boiling_point_emp_triggered" : "EMP went off",
    "ehi_experience_boiling_point_gas_off_hand_taken" : "Gas turned off / Removed hand",
    "ehi_experience_boiling_point_scan_finished" : "Finished scanning",
    "ehi_experience_boiling_point_grabbed_server" : "Grabbed server",
    "ehi_experience_gs_start" : "Bugged XP on mission start",
    "ehi_experience_gs_drill_open_store" : "Opened locked store with a drill",
    "ehi_experience_gs_turn_off_powerbox" : "Powerbox turned off",
    "ehi_experience_gs_clear_fire_debris" : "Cleared fire debris",
    "ehi_experience_gs_saw_lightpost" : "Lightpost sawed",
    "ehi_experience_gs2_cage_drop" : "Cage dropped",
    "ehi_experience_gs2_cage_grabbed" : "Cage catched",
    "ehi_experience_gs2_arrived_on_bridge" : "Arrived on the bridge",
    "ehi_experience_gs2_drilled_door" : "Door to bridge controls open",
    "ehi_experience_gs2_bridge_rotated" : "Bridge rotated",
    "ehi_experience_gs2_peta_5" : "'Farmer Miserable' achievement",
    "ehi_experience_car_shop_car_secured" : "Car Secured",
    "ehi_experience_biker_mike_in_the_trailer" : "Mike got to the truck",
    "ehi_experience_biker_seat_collected" : "Seat collected",
    "ehi_experience_biker_skull_collected" : "Skull collected",
    "ehi_experience_biker_exhaust_pipe_collected" : "Exhaust pipes collected",
    "ehi_experience_biker_engine_collected" : "Engine collected",
    "ehi_experience_biker_tools_collected" : "Tools collected",
    "ehi_experience_biker_cola_collected" : "Drink collected",
    "ehi_experience_biker_help_mike_garage" : "Defended Mike in the garage",
    "ehi_experience_biker_defend_mike" : "Defended Mike in the truck",
    "ehi_experience_biker2_boss_dead" : "Boss killed",
    "ehi_experience_panic_room_found" : "Panic Room found",
    "ehi_experience_panic_room_killed_all_snipers" : "All snipers killed",
    "ehi_experience_panic_room_roof_secured" : "Roof secured",
    "ehi_experience_panic_room_magnet_attached" : "Magnet attached",
    "ehi_experience_panic_room_defended_heli" : "Defended heli",
    "ehi_experience_prison_entered" : "Entered prison",
    "ehi_experience_brooklyn_1010_opened_door_to_roof" : "Opened door to the roof",
    "ehi_experience_brooklyn_1010_secured_briefcase" : "Secured a briefcase",
    "ehi_experience_brooklyn_1010_used_zipline" : "Used zipline",
    "ehi_experience_undercover_deal_stealth" : "Deal uninterrupted",
    "ehi_experience_undercover_deal_loud" : "Deal interrupted",
    "ehi_experience_undercover_limo_open" : "Limo opened",
    "ehi_experience_undercover_taxman_is_in_chair" : "Taxman escorted to chair",
    "ehi_experience_undercover_hack_fixed" : "Hack fixed",
    "ehi_experience_slaughterhouse_entered" : "Entered slaughterhouse",
    "ehi_experience_slaughterhouse_tires_burn" : "Created smokescreen",
    "ehi_experience_slaughterhouse_trap_lifted" : "Trap prepared",
    "ehi_experience_slaughterhouse_gold_lifted" : "Gold lifted out",
    "ehi_experience_lab_rats_added_ephedrin_pill" : "Ephedrin pill added",
    "ehi_experience_lab_rats_added_correct_ingredient" : "Each correct ingredient added",
    "ehi_experience_lab_rats_bagged_meth" : "Each bagged meth",
    "ehi_experience_lab_rats_safe_event_1" : "Safe event done and received money and jewelry",
    "ehi_experience_lab_rats_safe_event_2" : "Safe event done and received paintings and coke",
    "ehi_experience_lab_rats_safe_event_3" : "Safe event done and received other loot",
    "ehi_experience_btm_blasted_entrance" : "Blasted entrance open",
    "ehi_experience_btm_used_keycard" : "Used keycard",
    "ehi_experience_btm_request_approved" : "Request approved",
    "ehi_experience_btm_vault_open_loot" : "Vault open with loot",
    "ehi_experience_btm_destroyed_comm" : "Destroyed communication satellite",
    "ehi_experience_btm_heli_refueled" : "Helicopter refueled",
    "ehi_experience_bos_cargo_door_open" : "Cargo door opened",
    "ehi_experience_bos_money_released" : "Money released from plane",
    "ehi_experience_bos_money_pallet_found" : "Money pallet found",
    "ehi_experience_bos_found_scattered_money" : "Found scattered money",
    "ehi_experience_bos_heli_picked_up_money" : "Heli picked up money pallet",
    "ehi_experience_heat_street_reached_crashsite" : "Reached crash site",
    "ehi_experience_heat_street_reached_parking" : "Reached parking lot",
    "ehi_experience_heat_street_reached_hill" : "Reached top of the overpass",
    "ehi_experience_green_bridge_prisoner_found" : "Found prisoner",
    "ehi_experience_green_bridge_prisoner_escorted" : "Prisoner escorted to the scaffolding",
    "ehi_experience_green_bridge_prisoner_defended" : "Defended prisoner on the scaffolding",
    "ehi_experience_alaskan_deal_crew_saved" : "Boat crew saved",
    "ehi_experience_alaskan_deal_captain_reached_boat" : "Captain is on the boat",
    "ehi_experience_alaskan_deal_boat_fueled" : "Boat is full of fuel",
    "ehi_experience_diamond_heist_boxes_hack" : "Both boxes hacked",
    "ehi_experience_diamond_heist_found_color_codes" : "Found all 3 color codes",
    "ehi_experience_diamond_heist_found_keycard" : "Keycard found",
    "ehi_experience_diamond_heist_cfo_in_heli" : "CFO escorted to the heli",
    "ehi_experience_rvd1_defended_warehouse" : "Defended warehouse",
    "ehi_experience_rvd1_escorted_pink" : "Escorted Mr. Pink to the warehouse",
    "ehi_experience_rvd2_hacking_done" : "Hacking done",
    "ehi_experience_rvd2_vault_frozen" : "Liquid Nitrogen done",
    "ehi_experience_brb_medallion_taken" : "Medallion taken",
    "ehi_experience_breakin_feds_found_garret_office" : "Found Garrett's office",
    "ehi_experience_breakin_feds_lure" : "Lured Garrett out of his office",
    "ehi_experience_breakin_feds_entered_office" : "Entered Garrett's office",
    "ehi_experience_breakin_feds_safe_found" : "Found hidden safe",
    "ehi_experience_henrys_rock_first_mission_bag_on_belt" : "First mission bag put on conveyor belt",
    "ehi_experience_henrys_rock_drilled_archaelogy_door" : "Drilled the metallic door in the Archaelogy lab",
    "ehi_experience_henrys_rock_archaelogy_chest_open" : "Chest opened",
    "ehi_experience_henrys_rock_made_concoction" : "Made concoction in the Biolab",
    "ehi_experience_henrys_rock_weapon_fired" : "Weapon fired in the Weapons lab",
    "ehi_experience_henrys_rock_crane" : "Crane arrived with a crate",
    "ehi_experience_sah_entered_vault_code" : "Entered code to the vault",
    "ehi_experience_sah_retrieved_tablet" : "Retrieved tablet",
    "ehi_experience_bph_found_control_room" : "Found control room",
    "ehi_experience_bph_opening_correct_cell" : "Bain's cell started to open",
    "ehi_experience_bph_follow_bain" : "Follow Bain through the prison",
    "ehi_experience_bph_met_on_rooftop" : "Met Bain on the rooftop",
    "ehi_experience_bph_extended_bridge" : "Bridge extended",
    "ehi_experience_bph_helipad_is_accessible" : "Helipad is accessible",
    "ehi_experience_nmh_cameras_taken_out" : "Cameras destroyed",
    "ehi_experience_nmh_keep_hostages_down" : "Hostages are intimitiated",
    "ehi_experience_nmh_found_patients_file" : "Found patient's file",
    "ehi_experience_nmh_set_up_fake_sentries" : "Set up fake sentries",
    "ehi_experience_nmh_found_correct_patient" : "Cut correct cable",
    "ehi_experience_nmh_icu_open" : "ICU sawed open",
    "ehi_experience_nmh_saw_patient_room" : "Saw done at patient's room",
    "ehi_experience_nmh_valid_sample" : "Found valid sample",
    "ehi_experience_nmh_elevator_arrived" : "Elevator arrived",
    "ehi_experience_nmh_exit_elevator" : "Escaped from the elevator",
    "ehi_experience_twh_entered" : "Entered The White House",
    "ehi_experience_twh_wireboxes_hacked" : "Hacked the wireboxes",
    "ehi_experience_twh_wireboxes_cut" : "Cut the wireboxes",
    "ehi_experience_twh_enter_west_wing" : "West Wing entered",
    "ehi_experience_twh_found_thermite" : "Found thermite",
    "ehi_experience_twh_enter_oval_office" : "Entered Oval Office",
    "ehi_experience_twh_safe_open" : "Safe opened",
    "ehi_experience_twh_access_peoc" : "Found access to PEOC",
    "ehi_experience_twh_mainframe_hacked" : "Mainframe hacked",
    "ehi_experience_twh_pardons_stolen" : "Pardons stolen",
    "ehi_experience_twh_left_peoc" : "Left PEOC",
    "ehi_experience_twh_disable_aa" : "Disabled AA",
    "ehi_experience_twh_secret" : "The Secret",
    "ehi_experience_mex1_red_door_found" : "Red door found",
    "ehi_experience_mex1_tunnel_found" : "Tunnel entrance found",
    "ehi_experience_mex1_explosives_found" : "Explosives found",
    "ehi_experience_mex1_tunnel_open" : "Tunnel opened",
    "ehi_experience_mex1_plane_found" : "Plane found",
    "ehi_experience_mex1_secured_mandatory_bags" : "Secured mandatory amount of bags",
    "ehi_experience_mex1_started_fueling" : "Started fueling the plane",
    "ehi_experience_mex1_hose_detached" : "Fueling hose detached",
    "ehi_experience_mex2_found_managers_safe" : "Found manager's safe",
    "ehi_experience_mex2_picked_up_tape" : "Picked up a tape",
    "ehi_experience_mex2_used_tape" : "Used tape on a cup",
    "ehi_experience_mex2_picked_up_keychain" : "Found keychains to the vault",
    "ehi_experience_mex2_found_manual" : "Found manual",
    "ehi_experience_mex2_it_guy_escorted" : "Escorted IT guy to the server room",
    "ehi_experience_mex2_beast_arrived" : "The Beast delivered",
    "ehi_experience_mex3_found_rfid_tag" : "Picked up coded RFID tag",
    "ehi_experience_mex3_found_cells" : "Found cells",
    "ehi_experience_mex3_armory_opened" : "Armory opened",
    "ehi_experience_mex3_handcuffs_cut" : "Chains cut",
    "ehi_experience_mex3_hajrudin_found_his_car" : "Hajrudin escorted to his car",
    "ehi_experience_mex3_evidence_opened" : "Evidence room opened",
    "ehi_experience_mex3_evidence_burned" : "Evidence burned",
    "ehi_experience_mex4_found_bulucs_office" : "Found Buluc's office",
    "ehi_experience_mex4_found_inner_sanctum" : "Found inner sanctum",
    "ehi_experience_mex4_discover_keycard_holder_mask_list" : "Discovered keycard holder or mask list (if keycard door)",
    "ehi_experience_mex4_found_keycard" : "Found keycard (if keycard door)",
    "ehi_experience_mex4_inner_sanctum_open" : "Inner sanctum opened",
    "ehi_experience_mex4_codex_room_open" : "Codex room opened",
    "ehi_experience_mex4_bulucs_office_open" : "Buluc's office opened",
    "ehi_experience_mex4_interacted_with_safe" : "Interacted with the safe",
    "ehi_experience_mex4_contact_list_stolen" : "Contact list stolen",
    "ehi_experience_mex4_found_car_keys" : "Found car keys",
    "ehi_experience_mex4_found_all_bomb_parts_hack_start" : "Found all bomb parts / Hack started",
    "ehi_experience_mex4_inner_sanctum_open_bomb" : "Inner sanctum opened with a bomb",
    "ehi_experience_mex4_saw_placed" : "Saw placed to open Codex room",
    "ehi_experience_mex4_contact_list_stolen_car_escape" : "Contact list stolen",
    "ehi_experience_mex4_turret_discovered_car_escape" : "Spotted police turret",
    "ehi_experience_mex4_turret_destroyed_car_escape" : "Turret destroyed",
    "ehi_experience_mex4_flare_lit_heli_escape" : "Flare lit",
    "ehi_experience_mex4_boat_escape" : "Boat",
    "ehi_experience_mex4_car_escape" : "Car",
    "ehi_experience_mex4_heli_escape" : "Heli",
    "ehi_experience_china1_alarm_disabled" : "Alarm disabled",
    "ehi_experience_china1_found_basement_door" : "Found door to the basement",
    "ehi_experience_china1_enter_warehouse" : "Warehouse entered",
    "ehi_experience_china1_auction_room_stealth" : "Turned off lights in the auction room",
    "ehi_experience_china1_vault_gate_open" : "Vault gate opened",
    "ehi_experience_china1_dragon_statue_picked_up" : "Picked up the Dragon Statue",
    "ehi_experience_china1_dragon_statue_secured" : "Dragon Statue secured",
    "ehi_experience_china1_vault_pc_hack" : "PC hacked near the vault (Optional)",
    "ehi_experience_china1_found_forklift_keys" : "Found keys to forklift",
    "ehi_experience_china1_pick_up_thermal_drill" : "Picked up delivered thermal drill",
    "ehi_experience_china1_placed_thermal_drill" : "Placed thermal drill",
    "ehi_experience_china1_gas_disabled" : "Gas disabled or prevented",
    "ehi_experience_china1_auction_room_loud" : "Hack finished in the auction room",
    "ehi_experience_china2_entered_dockyard" : "Entered the dockyard",
    "ehi_experience_china2_found_vlad" : "Found Vlad on cameras",
    "ehi_experience_china2_hacked_into_control_room" : "Hacked into the control room",
    "ehi_experience_china2_downloaded_manifest" : "Downloaded warehouse manifest",
    "ehi_experience_china2_found_warehouse_with_vlad" : "Found warehouse where Vlad is held up",
    "ehi_experience_china2_found_foremans_office" : "Found foreman's office (if keycard)",
    "ehi_experience_china2_called_foremans_extension" : "Called foreman's extension (if keycard)",
    "ehi_experience_china2_lured_foreman_out" : "Lured foreman out of the office (if keycard)",
    "ehi_experience_china2_found_keycard_keypad_keycode" : "Found keycard/keypad/keycode",
    "ehi_experience_china2_warehouse_open" : "Warehouse opened",
    "ehi_experience_china2_opened_vlads_container" : "Opened Vlad's container",
    "ehi_experience_china2_cut_vlad_free" : "Cut Vlad free",
    "ehi_experience_china2_inject_adrenaline" : "Injected adrenaline",
    "ehi_experience_china2_gathered_at_the_security_gate" : "Gathered at the security gate",
    "ehi_experience_china2_vlad_at_security_gate" : "Vlad arrived at the security gate",
    "ehi_experience_china2_second_path" : "Arrived at harbor offices (from right path)",
    "ehi_experience_china2_found_it_room" : "Found IT Room",
    "ehi_experience_china2_copied_documents" : "Copied documents onto the USB drive",
    "ehi_experience_china2_lowered_bollards" : "Lowered bollards",
    "ehi_experience_china2_ramp" : "Arrived at ramp",
    "ehi_experience_china2_ramp_raised" : "Ramp raised",
    "ehi_experience_china2_final_area" : "Arrived at the final area in the docks",
    "ehi_experience_china2_route_done" : "Escorted Vlad",
    "ehi_experience_china2_signaled_jiu_feng" : "Signaled Jiu Feng for extraction",
    "ehi_experience_china2_escape_arrived" : "Escape arrived",
    "ehi_experience_china2_resuscitated_vlad" : "Resuscitated Vlad",
    "ehi_experience_china2_harddrive_taken" : "Took hard drive",
    "ehi_experience_china2_found_fireworks" : "Found fireworks",
    "ehi_experience_china2_placed_fireworks" : "Placed fireworks",
    "ehi_experience_china3_met_insider" : "Met the insider",
    "ehi_experience_china3_found_insider_info" : "Opened the briefcase from insider",
    "ehi_experience_china3_guest_entrance" : "if guest entrance is selected",
    "ehi_experience_china3_crew_deck_entrance" : "if Crew Deck entrance is selected",
    "ehi_experience_china3_found_lideng_or_xunkang" : "Found Li Deng or Xun Kang",
    "ehi_experience_china3_found_lideng_safe" : "Found Li Deng's hidden safe",
    "ehi_experience_china3_found_xunkang" : "Found Xun Kang (after Li Deng)",
    "ehi_experience_china3_bugged_meeting" : "Planted a listening device",
    "ehi_experience_china3_found_phone_number" : "Found Xun Kang's new phone number",
    "ehi_experience_china3_guards_distracted" : "Distracted guards near the Vault",
    "ehi_experience_china3_lifeboat_lowered" : "Lifeboat lowered",
    "ehi_experience_china3_glass_broken" : "Glass in the meeting room broken",
    "ehi_experience_china3_glass_destroyed" : "Glass in the meeting room destroyed",
    "ehi_experience_china3_got_xunkang_hand" : "Hand taken from Xun Kang",
    "ehi_experience_china3_firewall_disabled" : "Firewall disabled",
    "ehi_experience_china3_vault_empty" : "Rest of the money secured or made worthless",
    "ehi_experience_china3_signaled_heli" : "Signaled Heli for extraction",
    "ehi_experience_china3_wall_exploded" : "Vault wall exploded",
    "ehi_experience_china3_vault_out" : "Vault moved",
    "ehi_experience_china3_got_rid_of_police_heli" : "Got rid of police helicopters",
    "ehi_experience_china3_vault_secured" : "Vault secured",
    "ehi_experience_china3_boat_escape" : "Boat escape is available",
    "ehi_experience_china3_c4_route" : "Experience from C4 Route",
    "ehi_experience_china3_c4" : "C4 Route",
    "ehi_experience_china3_most_xp" : "Most XP",
    "ehi_experience_china4_infiltrate_the_building" : "Infiltrate the building",
    "ehi_experience_china4_flip_correct_switches" : "Flipped the correct switches",
    "ehi_experience_china4_call_elevator_from_basement" : "Called the elevator from the basement",
    "ehi_experience_china4_disable_elevator_power" : "Disabled elevator's power",
    "ehi_experience_china4_elevator_shaft" : "Ziplined up in the elevator shaft",
    "ehi_experience_china4_get_on_cleaning_platform" : "Got on window cleaning platform",
    "ehi_experience_china4_found_hidden_server_room" : "Found the hidden server room",
    "ehi_experience_china4_steal_harddrive" : "Harddrive stolen",
    "ehi_experience_china4_decrypt_harddrive" : "Harddrive decrypted",
    "ehi_experience_china4_fire_alarm_on" : "Triggered the fire alarm",
    "ehi_experience_china4_triad_leader_killed" : "Triad leader killed",
    "ehi_experience_china4_hack_building_security" : "Hacked the building's security",
    "ehi_experience_china4_restart_and_call_elevator" : "Elevator restarted and called",
    "ehi_experience_china4_force_open_penthouse_door" : "Forced penthouse door open",
    "ehi_experience_china4_put_thermite" : "Put thermite on the door",
    "ehi_experience_china4_car_is_in_position" : "Car is in position",
    "ehi_experience_china4_car_is_ready" : "Car prepared and fueled",
    "ehi_experience_china4_car_smashed_through" : "Car broke the door",
    "ehi_experience_china4_thermite_route" : "Thermite",
    "ehi_experience_china4_defend_lights" : "Defended the rooftop lights",
    "ehi_experience_texas1_entered_ranch_house" : "Entered the Ranch House",
    "ehi_experience_texas1_found_laptop" : "Found Esteban's laptop",
    "ehi_experience_texas1_collected_biometrics" : "Collected fingerprints or voice samples from Esteban",
    "ehi_experience_texas1_gates_open" : "Gates to the workshop opened",
    "ehi_experience_texas1_picked_up_weapons" : "Weapons picked up",
    "ehi_experience_texas1_sabotaged_workbenches" : "Workbenches sabotaged",
    "ehi_experience_texas1_entered_office" : "Found and entered Esteban's office",
    "ehi_experience_texas1_laptop_decrypted" : "Laptop decrypted",
    "ehi_experience_texas1_found_gates_workshop" : "Found gates to the workshop",
    "ehi_experience_texas1_fulton_cage_assembled" : "Fulton cage assembled",
    "ehi_experience_texas1_defended_fulton_cage" : "Defended Fulton cage before extraction",
    "ehi_experience_texas2_used_walkie_talkie" : "Used walkie-talkie",
    "ehi_experience_texas2_enter_rail_yard" : "Rail yard entered",
    "ehi_experience_texas2_got_inside_office" : "Got inside admin office",
    "ehi_experience_texas2_found_motion_sensor" : "Found motion sensor",
    "ehi_experience_texas2_motion_sensor_disabled" : "Disabled motion sensor",
    "ehi_experience_texas2_found_correct_wagon" : "Found correct wagon",
    "ehi_experience_texas2_use_pa_system" : "Used PA system",
    "ehi_experience_texas2_loco_prepared" : "Prepared locomotive for departure",
    "ehi_experience_texas2_rotated_the_turntable" : "Rotated the turntable",
    "ehi_experience_texas2_used_thermite" : "Thermite used",
    "ehi_experience_texas2_blocked_train_tracks" : "Blocked train tracks",
    "ehi_experience_texas2_crane_moved" : "Moved crane",
    "ehi_experience_texas2_crane_attached" : "Crane attached to locomotive",
    "ehi_experience_texas2_loco_moved" : "Locomotive repositioned",
    "ehi_experience_texas2_loco_started" : "Engine started",
    "ehi_experience_texas3_evidences_found" : "Evidences found",
    "ehi_experience_texas3_prototype_secured" : "Prototype secured",
    "ehi_experience_texas3_documents_secured" : "Research documents secured",
    "ehi_experience_texas3_lab_destroyed" : "Lab destroyed",
    "ehi_experience_texas3_escape_1" : "Escape (No inspectors / Turret not set up)",
    "ehi_experience_texas3_escape_2" : "Escape (Inspectors arrived / Turret set up)",
    "ehi_experience_texas4_found_server_room" : "Found the server room",
    "ehi_experience_texas4_accessed_security_computer" : "Accessed the computer in the server room",
    "ehi_experience_texas4_updated_docking_schedule" : "Updated docking schedule",
    "ehi_experience_texas4_found_the_purest_sample" : "Found the purest oil sample",
    "ehi_experience_texas4_found_the_good_sample" : "Found good oil sample",
    "ehi_experience_texas4_entered_the_processing_area" : "Entered the Processing Area",
    "ehi_experience_texas4_crane_lowered" : "Crane lowered",
    "ehi_experience_texas4_pipeline_connected" : "Pipeline connected",
    "ehi_experience_texas4_pumping_complete" : "Oil pumping completed",
    "ehi_experience_texas4_entered_the_drilling_tower" : "Entered the Drilling Tower",
    "ehi_experience_texas4_lasers_disabled" : "Lasers disabled",
    "ehi_experience_texas4_fan_jammed" : "Ventilation fan jammed",
    "ehi_experience_texas4_disabled_gas_can" : "Removed the gas cannister",
    "ehi_experience_texas4_disabled_blowout_preventor" : "Disabled the blowout preventor",
    "ehi_experience_texas4_build_pressure" : "Built pressure in the valves",
    "ehi_experience_texas4_drill_activated" : "Drill activated",
    "ehi_experience_texas4_servers_destroyed" : "Servers destroyed",
    "ehi_experience_texas4_gabriel_killed" : "Gabriel killed",
    "ehi_experience_custom_informant_killed" : "Informant killed",
    "ehi_experience_custom_defeated_backup_enemies" : "Defeated backup enemies",
    "ehi_experience_custom_opened_security_door" : "Opened security door",
    "ehi_experience_custom_pc_powered_on" : "PC powered on",
    "ehi_experience_custom_escort" : "Guy escorted",
    "ehi_experience_custom_removed_gps_tracker" : "Removed GPS tracker",

    "menu_achievements_progress_ehi_tracked" : "Tracked in EHI",
    "menu_achievements_progress_ehi_secret" : "The Secret"
}