{
    "ehi_language_2" : "English (English)",
    "ehi_language_3" : "Čeština (Czech)",
    "ehi_language_4" : "Français (French)",
    "ehi_language_5" : "Italiano (Italian)",
    "ehi_language_6" : "Русский (Russian)",
    "ehi_language_7" : "ไทย (Thai)",
    "ehi_language_8" : "简体中文 (Simplified Chinese)",
    "ehi_language_9" : "Português do Brasil (Brazilian Portuguese)",
    "ehi_language_10" : "Español (Spanish)",
    "ehi_language_11" : "日本語 (Japanese)"
}