{
    "ehi_mod_title" : "Расширенное инфо при ограблении",
    "ehi_mod_desc" : "Extra Heist Info(EHI): Показывать дополнительную информацию во время миссии",

    "ehi_save_data_corrupted" : "Файл сохранения EHI поврежден",
    "ehi_save_data_corrupted_desc" : "Файл сохранения EHI поврежден и не может быть загружен\nEHI будет использовать значения по умолчанию, чтобы избежать сбоя",

    "ehi_level_restart_required" : "Для вступления параметров в силу требуется перезапуск ограбления",

    "ehi_item_depends_on" : "Параметр '$option;' должен быть включён для работы",

    "ehi_menu_next_page" : "Следующая страница -->",
    "ehi_menu_previous_page" : "<-- Предыдущая страница",

    "ehi_language" : "Язык",
    "ehi_language_desc" : "Изменяет язык мода. Чтобы изменение применилось, необходимо перезапустить игру.",
    "ehi_language_1" : "Автоопределние",

    "ehi_menu_only" : "Только меню",
    "ehi_show_preview_text" : "Показать текст предварительного просмотра",
    "ehi_show_preview_text_desc" : "Скрывает или показывать текст предварительного просмотра",

    "ehi_popup_experience" : "ОПЫТ",
    "ehi_popup_experience_base_gained" : "Получаемый базовый опыт: ",
    "ehi_popup_experience_gained" : "Получено: ",
    "ehi_popup_experience_total" : "Суммарно: ",
    "ehi_popup_gage_packages" : "ГЕЙДЖ ПОСЫЛКИ",
    "ehi_popup_minion" : "КОНВЕРТ",
    "ehi_popup_minion_killed" : "Ваш конвёрт был убит",
    "ehi_popup_achievement_failed" : "ДОСТИЖЕНИЕ ПРОВАЛЕНО!",
    "ehi_popup_achievement_started" : "НАЧАЛОСЬ ВЫПОЛНЕНИЕ ДОСТИЖЕНИЯ!",
    "ehi_popup_trophy_started" : "ВЫПОЛНЕНИЕ ТРОФЕЯ НАЧАЛОСЬ!",
    "ehi_popup_trophy_failed" : "ПОЛУЧЕНИЕ ТРОФЕЯ ПРОВАЛЕНО!",
    "ehi_popup_daily_started" : "НАЧАЛОСЬ ВЫПОЛНЕНИЯ ЕЖЕДНЕВНОГО ЗАДАНИЯ!",
    "ehi_popup_daily_failed" : "ЕЖЕДНЕВНОЕ ЗАДАНИЕ ПРОВАЛЕНО!",
    "ehi_popup_loot_counter" : "СЧЕТЧИК ДОБЫЧИ",
    "ehi_popup_all_loot_secured" : "Все сумки с добычей захвачены",
    "ehi_status_ok" : "ОК",
    "ehi_status_done" : "ЗАВЕРШЕНО",
    "ehi_status_pass" : "ПРОЙДЕНО",
    "ehi_status_defend" : "ЗАЩИЩАТЬ",
    "ehi_status_finish" : "ФИНИШ",
    "ehi_status_secure" : "ОХРАНЯТЬ",
    "ehi_status_no_down" : "БЕЗ ПАДЕНИЙ",
    "ehi_status_destroy" : "УНИЧТОЖИТЬ",
    "ehi_status_alarm" : "ТРЕВОГА",
    "ehi_status_ready" : "ГОТОВО",
    "ehi_status_loud" : "ГРОМКО",
    "ehi_status_mark" : "ОТМЕТИТЬ",
    "ehi_status_push" : "НАЖАТЬ",
    "ehi_status_hack" : "ВЗЛОМАТЬ",
    "ehi_status_land" : "МЕСТО",
    "ehi_status_find" : "НАЙТИ",
    "ehi_status_bring" : "ДОСТАВИТЬ",
    "ehi_status_objective" : "ЦЕЛЬ",											  
    "ehi_status_fail" : "ПРОВАЛЕНО",

    "ehi_r" : "Красный",
    "ehi_g" : "Зеленый",
    "ehi_b" : "Синий",
    "ehi_button_ok" : "OK",
    "ehi_color_reset" : "Сбросить цвет",

    "ehi_preview" : "Предварительный просмотр (Необходим рестарт миссии)\nКрасный угол указывает на место появления первого трекера",

    "ehi_x_offset" : "Смещение по горизонтали",
    "ehi_x_offset_desc" : "Левее - правее",
    "ehi_y_offset" : "Смещение по вертикали",
    "ehi_y_offset_desc" : "Выше - ниже",

    "ehi_text_scale" : "Размер текста",
    "ehi_text_scale_desc" : "Изменяет размер шрифта.\nМожет быть полезно при установленных кастомных шрифтах... и не только.",

    "ehi_scale" : "Размер значков",
    "ehi_scale_desc" : "Изменяет размер трекеров. Чем больше число, тем крупнее размер трекера",

    "ehi_time_format" : "Формат времени",
    "ehi_time_format_desc" : "Определяет как показывать время в трекере",
    "ehi_time_format_1" : "Только секунды",
    "ehi_time_format_2" : "Минуты и секунды",

    "ehi_tracker_alignment" : "Выравнивание трекера",
    "ehi_tracker_alignment_desc" : "Определяет выравнивание трекера",
    "ehi_tracker_alignment_1" : "Вертикально; Top to bottom",
    "ehi_tracker_alignment_2" : "Вертикально; Bottom to Top",
    "ehi_tracker_alignment_3" : "Горизонтально; Left to Right",
    "ehi_tracker_alignment_4" : "Горизонтально; Right to Left",
    
    "ehi_vr_x_offset" : "Смещение по горизонтали (VR)",
    "ehi_vr_y_offset" : "Смещение по вертикали (VR)",

    "ehi_vr_scale": "Размер значков в VR",
    "ehi_vr_scale_desc": "Изменяет размер трекеров в VR. Чем больше число, тем крупнее размер трекера",

    "ehi_vr_tracker_alignment" : "Выравнивание трекера в VR",
    "ehi_vr_tracker_alignment_desc" : "Определяет выравнивание трекера в VR",

    "ehi_visuals_menu" : "Настройки отображения",						   
    "ehi_visuals_menu_desc" : "",

    "ehi_show_tracker_bg" : "Показывать рамку трекера",
    "ehi_show_tracker_bg_desc" : "Показывать фон трекера\nКогда выключено - скрывать фон и анимации",
    
    "ehi_show_tracker_corners" : "Показать углы трекера",
    "ehi_show_tracker_corners_desc" : "показывать белые углы в трекере",
    
    "ehi_show_one_icon" : "Только 1 иконка в трекере",
    "ehi_show_one_icon_desc" : "показывать только 1 иконку трекера\nКогда выключено - показывать все связанные иконки",

    "ehi_trackers_menu" : "Трекеры",
    "ehi_trackers_menu_desc" : "",
    
    "ehi_show_mission_trackers": "Показывать трекеры миссий",
    "ehi_show_mission_trackers_desc": "показывать трекеры миссий на экране (напр.: Фургон/Время прибытия вертолета, Время ожидания следующей цели, и т.д...)\n\nЭта опция также применяется к пользовательским миссиям.\nЕсли поддерживается EHI",

    "ehi_show_unlockables" : "Показывать разблокируемые",
    "ehi_show_unlockables_desc" : "показывать на экране трекер достижений, трофеев и ежедневных миссий",

    "ehi_unlockables_menu" : "Разблокируемые",
    "ehi_unlockables_menu_desc" : "",

    "ehi_show_achievements" : "Показать достижения",
    "ehi_show_achievements_desc" : "показывать достижения на экране\nНекоторые ограбления могут не иметь доступных достижений",

    "ehi_show_achievements_mission" : "Показать достижения (Ограбления)",
    "ehi_show_achievements_mission_desc" : "показывать достижения, которые можно выполнить только на ограблениях",

    "ehi_hide_unlocked_achievements" : "Не показывать открытые достижения",
    "ehi_hide_unlocked_achievements_desc" : "Когда выбрано, открытые достижения не будут показываться в трекерах",

    "ehi_show_achievements_weapon" : "Показать достижения (оружие)",
    "ehi_show_achievements_weapon_desc" : "показывать достижения, требующие от вас убийства врагов определённым оружием.\n\nТрекер не будет виден после разблокировки достижения.",

    "ehi_show_achievements_melee" : "Показать достижения (ближний бой)",
    "ehi_show_achievements_melee_desc" : "показывать достижения, требующие убийства врагов в ближнем бою.\n\nТрекер не будет виден после разблокировки достижения.",

    "ehi_show_achievements_grenade" : "Показать достижения (метательное)",
    "ehi_show_achievements_grenade_desc" : "показывать достижения, требующие от вас убийства врагов метательными.\n\nТрекер не будет виден после разблокировки достижения",

    "ehi_show_achievements_vehicle" : "Показать достижения (транспорт)",
    "ehi_show_achievements_vehicle_desc" : "показывать достижения, которые требуют, чтобы вы переезжали врагов на транспортных средствах.\n\nТрекер не будет виден после разблокировки достижения",

    "ehi_show_achievements_other" : "Показать достижения (остальное)",
    "ehi_show_achievements_other_desc" : "показывать достижения, которые не принадлежат ни к одной группе выше\n\nТрекер не будет виден после разблокировки достижения",

    "ehi_show_achievement_failed_popup" : "Показать всплывающее окно 'Достижение провалено'",
    "ehi_show_achievement_failed_popup_desc" : "Проваленные достижения будут отображаться красным во всплывающем окне.",

    "ehi_show_achievement_started_popup" : "Показать всплывающее окно 'Началось выполнение достижения'",
    "ehi_show_achievement_started_popup_desc" : "Достижения, которые сейчас отслеживаются, будут отображаться зеленым цветом во всплывающем окне.",

    "ehi_show_trophies" : "Показать трофеи",
    "ehi_show_trophies_desc" : "показывать трофеи на экране\nНа некоторых ограблениях могут отсутствовать трофеи.",

    "ehi_hide_unlocked_trophies" : "Не показывать разблокированные трофеи",
    "ehi_hide_unlocked_trophies_desc" : "Когда включено, EHI не будут показывать трекеры разблокированных трофеев\nПри отключении, EHI покажет все трекеры для трофеев",

    "ehi_show_trophy_failed_popup" : "Показать всплывающее окно 'получение трофея провалено'",
    "ehi_show_trophy_failed_popup_desc" : "Проваленные трофеи будут отображаться красным во всплывающем окне.",

    "ehi_show_trophy_started_popup" : "Показать всплывающее окно 'выполнение трофея началось'",
    "ehi_show_trophy_started_popup_desc" : "Трофеи, которые сейчас отслеживаются, будут отображаться зеленым цветом во всплывающем окне.",

    "ehi_show_dailies" : "Показывать ежедневные задания",
    "ehi_show_dailies_desc" : "показывать ежедневные задания на экране, если они активны\n\nЗавершенные ежедневные задания не будут отображаться на экране.",

    "ehi_show_daily_failed_popup" : "Показать всплывающее окно 'Ежедневное задание провалено'",
    "ehi_show_daily_failed_popup_desc" : "Проваленные ежедневные задания будут отображаться красным во всплывающем окне.",

    "ehi_show_daily_started_popup" : "Показать всплывающее окно 'Началось выполнение ежедневного задания'",
    "ehi_show_daily_started_popup_desc" : "Ежедневные задания, которые сейчас отслеживаются, будут отображаться зеленым цветом во всплывающем окне.",

    "ehi_show_gained_xp" : "Показать полученный опыт",
    "ehi_show_gained_xp_desc" : "показывать заработанный опыт на контракте.\nЭтот трекер отключен в серии ограблений.",

    "ehi_xp_format" : "Как показывать полученную XP",
    "ehi_xp_format_desc" : "Пример: базовое значение: 1000; Сложность Death Wish\nТолько базовое значение: 1000\nЗначение умноженное сложностью: 13000\nЗначение, умноженное всеми бонусами: 13000+",
    "ehi_xp_format_1" : "Только базовое значение",
    "ehi_xp_format_2" : "Значение умноженное сложностью",
    "ehi_xp_format_3" : "Значение со всеми бонусами",

    "ehi_xp_panel" : "Показывать XP как:",
    "ehi_xp_panel_desc" : "",
    "ehi_xp_panel_1" : "Раздельные панели",
    "ehi_xp_panel_2" : "Общее количество",
    "ehi_xp_panel_3" : "Показывать всплывающее окно для каждого полученного опыта и общего количества опыта",
    "ehi_xp_panel_4" : "Показывать подсказку для каждого полученного опыта и общего количества опыта",

    "ehi_show_xp_in_mission_briefing_only" : "Показывать полученный опыт только в брифинге миссии",
    "ehi_show_xp_in_mission_briefing_only_desc" : "Включите эту функцию, если вы хотите видеть XP в брифинге миссии, но не в игре.",

    "ehi_total_xp_difference" : "Показывать разницу опыта",
    "ehi_total_xp_difference_desc" : "показывать, сколько вы получили XP",

    "ehi_show_trade_delay" : "Отсрочка обмена",
    "ehi_show_trade_delay_desc" : "показывать на сколько произойдёт отсрочка обмена, когда тиммейт убивает гражданских",

    "ehi_show_trade_delay_option" : "Когда показывать трекер отсрочки обмена",
    "ehi_show_trade_delay_option_desc": "Всегда: Всегда показывать трекер если Вы или тиммейт убили гражданского\nПод стражей: Если Вы или тиммейт убили как минимум 1 гражданского и оказались под стражей",
    "ehi_show_trade_delay_option_1" : "Всегда",
    "ehi_show_trade_delay_option_2" : "Под стражей",

    "ehi_show_trade_delay_other_players_only": "Показывать трекер отсрочки обмена только для других игроков",
    "ehi_show_trade_delay_other_players_only_desc": "Когда включено - не показывать сколько гражданских вы убили.",

    "ehi_show_trade_delay_suppress_in_stealth" : "Не показывать трекер отсрочки обмена во время тихого прохождения",
    "ehi_show_trade_delay_suppress_in_stealth_desc" : "Скрывает отсрочку обмена во время стелса, если она включена. После поднятия тревоги появляется трекер со всей накопленной отсрочкой.",

    "ehi_show_timers" : "Показ таймеров",
    "ehi_show_timers_desc" : "Показ таймеров взлома, сверления и т.п.",

    "ehi_show_camera_loop" : "Показывать зацикливание камеры",
    "ehi_show_camera_loop_desc" : "показывать трекер, когда камера зациклена",

    "ehi_show_enemy_turret_trackers" : "Показывать трекеры вражеских турелей",
    "ehi_show_enemy_turret_trackers_desc" : "Показывает трекер, когда турель перезаряжается или ремонтируется",

    "ehi_show_zipline_timer" : "Таймер зиплайна",
    "ehi_show_zipline_timer_desc" : "Покажет 2 таймера.\nПервый покажет, сколько времени зиплайн будет переносить сумку/игрока, второй - когда вернётся",

    "ehi_show_gage_tracker" : "Счётчик посылок для Гейджа",
    "ehi_show_gage_tracker_desc" : "Сколько посылок Гейджа осталось на карте.\nЕсли на карте отсутствуют посылки, трекер не появится.",

    "ehi_gage_tracker_panel" : "Показывать прогресс для посылок Гейджа",
    "ehi_gage_tracker_panel_desc" : "",
    "ehi_gage_tracker_panel_1" : "В трекере",
    "ehi_gage_tracker_panel_2" : "Во всплывающем окне",
    
    "ehi_show_captain_damage_reduction" : "Показывать уменьшение урона по врагам",
    "ehi_show_captain_damage_reduction_desc" : "показывать, на сколько уменьшается урон по врагам, когда приходит капитан Уинтерс",

    "ehi_show_equipment_tracker" : "Трекер снаряжения",
    "ehi_show_equipment_tracker_desc" : "Пока раздельные трекеры для медсумок, сумок с патронами, метательным, мешками для трупов и аптечек первой помощи",

    "ehi_equipment_menu" : "Меню снаряжения",
    "ehi_equipment_menu_desc" : "",

    "ehi_equipment_format" : "Отображение снаряжения",
    "ehi_equipment_format_desc" : "Определяет как показывать снаряжение",
    "ehi_equipment_format_1" : "Использований (Количество сумок)",
    "ehi_equipment_format_2" : "(Количество сумок) Использований",
    "ehi_equipment_format_3" : "(Использований) Количество сумок",
    "ehi_equipment_format_4" : "Количество сумок (Использований)",
    "ehi_equipment_format_5" : "Использований",
    "ehi_equipment_format_6" : "Количество сумок",

    "ehi_show_equipment_doctorbag" : "Показывать количество медсумок",
    "ehi_show_equipment_doctorbag_desc" : "Показывать трекер с медсумками",

    "ehi_show_equipment_ammobag" : "Показывать количество сумок с патронами",
    "ehi_show_equipment_ammobag_desc" : "Показывать трекер сумок с патронами",

    "ehi_show_equipment_grenadecases" : "Показывать количество сумок с метательным",
    "ehi_show_equipment_grenadecases_desc" : "Показывать трекер сумок с метательным",

    "ehi_show_equipment_bodybags": "Показывать количество сумок с мешками для трупов",
    "ehi_show_equipment_bodybags_desc": "Показывать трекер сумок с мешками для трупов\nПропадёт в случае поднятой тревоги",

    "ehi_show_equipment_firstaidkit": "Показывать количество аптечек первой помощи",
    "ehi_show_equipment_firstaidkit_desc": "Показывать трекер с аптечками первой помощи",
    
    "ehi_show_equipment_ecmjammer" : "Показывать трекер продолжительность работы генератора помех",
    "ehi_show_equipment_ecmjammer_desc" : "показывать трекер оставшейся продолжительности генератора помех\nВ трекере отображается генератор помех с наибольшей продолжительностью.",

    "ehi_ecmjammer_block_ecm_without_pager_delay" : "Не показывать генераторы помех, которые не будут задерживать пейджеры",
    "ehi_ecmjammer_block_ecm_without_pager_delay_desc" : "",

    "ehi_show_equipment_ecmfeedback" : "Показать продолжительность работы акустической петли генератора помех",
    "ehi_show_equipment_ecmfeedback_desc" : "показывать трекер оставшейся продолжительности акустической петли генератора помех\nВ трекере отображается генератор помех с активированной акустической петлёй с наибольшей продолжительностью (только лидер лобби)\nКарманный генератор помех с акустической петлёй работает на стороне клиента",

    "ehi_show_equipment_aggregate_health" : "Считать медсумки и аптечки первой помощи вместе",
    "ehi_show_equipment_aggregate_health_desc" : "Объединить медсумки и аптечки первой помощи в один трекер",
    
    "ehi_show_equipment_aggregate_all" : "Считать всё снаряжение вместе",
    "ehi_show_equipment_aggregate_all_desc" : "Объединяет все развертываемые компоненты в один трекер\nРазвертываемые объекты используют свой соответствующий цвет снизу.",

    "ehi_doctor_bag" : "Медицинская сумка",
    "ehi_ammo_bag" : "Сумка с патронами",
    "ehi_grenade_crate" : "Кейс с гранатами",
    "ehi_first_aid_kit" : "Аптечка первой помощи",
    "ehi_bodybags_bag" : "Мешок для трупов",

    "ehi_show_minion_tracker" : "Показывать союзных бойцов",
    "ehi_show_minion_tracker_desc" : "Показывать, сколько бойцов было переведено игроками на свою сторону",
    
    "ehi_show_minion_option_3" : "Показать количество конвёртов на одного игрока",

    "ehi_show_minion_killed_message" : "Показывать сообщение 'конвёрт убит'",
    "ehi_show_minion_killed_message_desc" : "показывать сообщение, когда ваш конвёрт был убит",

    "ehi_show_minion_killed_message_type" : "'Конвёрт убит' тип сообщения",
    "ehi_show_minion_killed_message_type_2" : "В панели подсказок",

    "ehi_show_difficulty_tracker" : "Показывать уровень сложности",
    "ehi_show_difficulty_tracker_desc" : "показывать уровень сложности волны",

    "ehi_show_drama_tracker" : "Показывать уровень драмы",
    "ehi_show_drama_tracker_desc" : "Только для хоста",

    "ehi_show_pager_tracker" : "Показывать трекер пейджеров",
    "ehi_show_pager_tracker_desc" : "Отображает количество пейджеров как \nиспользованно/всего",

    "ehi_show_pager_callback_trackers" : "Отсчёт тревоги пейджера",
    "ehi_show_pager_callback_trackers_desc" : "показывать время, за которое надо успеть ответить на пейджер",

    "ehi_show_enemy_count_tracker" : "Счётчик врагов",
    "ehi_show_enemy_count_tracker_desc" : "показывать, сколько врагов осталось на карте",

    "ehi_show_enemy_count_show_pagers" : "Показывать врагов с помощью пейджера (тихое прохождение)",
    "ehi_show_enemy_count_show_pagers_desc" : "Показывает врагов с пейджером слева и врагов без пейджера справа\nКак только звучит сигнал тревоги, видно только несколько врагов.",

    "ehi_show_laser_tracker" : "Трекер лазеров",
    "ehi_show_laser_tracker_desc" : "показывать трекер для лазеров, которые работают каждые несколько секунд",

    "ehi_show_assault_delay_tracker" : "Показать отслеживание задержки нападения",
    "ehi_show_assault_delay_tracker_desc" : "Показывать трекер, как долго будет задержка штурма\n\nТрекер не будет отображаться у клиентов, когда они заходят после того, как сложность штурма была увеличена.",

    "ehi_show_assault_time_tracker" : "Show Assault Duration Tracker",
    "ehi_show_assault_time_tracker_desc" : "Shows a tracker for how long the assault duration will be\n\nThe tracker won't show on clients when they drop-in after assault difficulty has been increased",

    "ehi_show_loot_counter" : "Показывать счетчик добычи",
    "ehi_show_loot_counter_desc" : "показывать трекер, сколько сумок с добычей на ограблении",

    "ehi_show_all_loot_secured_popup" : "Показывать сообщение 'Все сумки с добычей захвачены'",
    "ehi_show_all_loot_secured_popup_desc" : "показывать всплывающее окно, когда вся добыча на карте захвачена.",

    "ehi_variable_random_loot_format" : "Переменный формат случайного лута",
    "ehi_variable_random_loot_format_desc" : "Определяет, как должна быть отформатирована дополнительная случайная добыча.\n\nПример:16 гарантированные сумки с 4 сейфами, в которых может быть или не быть добычи; 9 сумок захвачено\n\nОпция 1:\n9/16-20?\n\nОпция 2:\n9/20?\n\nОпция 3:\n9/16+4?",
    "ehi_variable_random_loot_format_1" : "Прогресс / Max - (Максимум + Случайно)?",
    "ehi_variable_random_loot_format_2" : "Прогресс / (Максимум + Случайно)?",
    "ehi_variable_random_loot_format_3" : "Прогресс / Максимум + Случайно?",

    "ehi_show_bodybags_counter" : "Показывать счётчик мешков для трупов",
    "ehi_show_bodybags_counter_desc" : "показывать трекер, сколько у вас мешков для трупов",

    "ehi_show_escape_chance" : "Показывать шанс побега",
    "ehi_show_escape_chance_desc" : "показывать трекер с возможным шансом на побег после дня",

    "ehi_waypoints_menu" : "Маркеры",
    "ehi_waypoints_menu_desc" : "",

    "ehi_show_waypoints" : "Показывать маркеры",
    "ehi_show_waypoints_desc" : "Показывать макреры в игре",

    "ehi_show_waypoints_only" : "Показыавть только маркеры",
    "ehi_show_waypoints_only_desc" : "Если включено и для элемента определены как трекер, так и маркер, отображается будет только маркер\nВ противном случае будет показан трекер",

    "ehi_show_waypoints_present_timer" : "Текущий таймер",
    "ehi_show_waypoints_present_timer_desc" : "Задает, как долго маркер будет оставаться на экране, прежде чем она 'переместится' к месту назначения",

    "ehi_show_waypoints_mission" : "Показывать маркеры для элементов ограбления",
    "ehi_show_waypoints_mission_desc" : "Показывает маркеры для элементов ограбления (например правильный образец на 'нет милосердию')",

    "ehi_show_waypoints_enemy_turret" : "Показывать маркеры для турели",
    "ehi_show_waypoints_enemy_turret_desc" : "показывать маркер на вражеской турели, когда она перезаряжается или ремонтируется",

    "ehi_show_waypoints_timers" : "Показать маркеры для таймеров",
    "ehi_show_waypoints_timers_desc" : "Показывать маркеры на доступных таймерах (взлом, сверление, распиливание и т.д...)",

    "ehi_show_waypoints_pager" : "Показать маркеры для пейджеров",
    "ehi_show_waypoints_pager_desc" : "показывать маркер на пейджере, на который нужно ответить",

    "ehi_show_waypoints_cameras" : "Показывать маркер для зацикленных камер",
    "ehi_show_waypoints_cameras_desc" : "показывать маркер на камере, которая в данный момент зациклена",

    "ehi_show_waypoints_zipline" : "Показывать маркеры для зиплайнов",
    "ehi_show_waypoints_zipline_desc" : "Показывать маркер на зиплайне, который находится в движении\nПоказывается только время сброса",
    
    "ehi_show_waypoints_ecmjammer" : "Показывать маркеры для генераторов помех",
    "ehi_show_waypoints_ecmjammer_desc" : "Показывает маркер на активном генераторе помех",

    "ehi_buffs_menu" : "Баффы",
    "ehi_buffs_menu_desc" : "",

    "ehi_show_buffs" : "Показать баффы",
    "ehi_show_buffs_desc": "показывать на экране баффы и кулдауны от умений и перков",

    "ehi_buffs_scale_desc" : "Устанавливает шкалу баффов. Чем выше число, тем сильнее баффы и наоборот.",

    "ehi_buffs_alignment" : "Выравнивание",
    "ehi_buffs_alignment_desc" : "Определяет, как баффы должны располагаться на экране.",
    "ehi_buffs_alignment_1" : "Левее",
    "ehi_buffs_alignment_2" : "По центру",
    "ehi_buffs_alignment_3" : "Справа",

    "ehi_buffs_shape" : "Форма",
    "ehi_buffs_shape_desc" : "Определяет, какую форму должны иметь баффы на экране.",
    "ehi_buffs_shape_1" : "Квадрат",
    "ehi_buffs_shape_2" : "Круг",

    "ehi_buffs_show_progress" : "Показать прогресс",
    "ehi_buffs_show_progress_desc" : "Определяет, должен ли быть виден прогресс в баффе или нет.\nПо умолчанию прогресс будет идти по часовой стрелке",

    "ehi_buffs_invert_progress" : "Инвертировать прогресс",
    "ehi_buffs_invert_progress_desc" : "Если включено, прогресс будет идти против часовой стрелки\nЕсли отключено, прогресс будет идти по часовой стрелке",

    "ehi_buffs_skills_cooldown" : "Показывать время восстановления",
    "ehi_buffs_skills_duration" : "Показывать продолжительность",
    "ehi_buffs_skills_progress" : "Показывать прогресс",

    "ehi_buffs_skills_menu" : "Навыки",
    "ehi_buffs_skills_mastermind_menu" : "Манипулятор",
    "ehi_buffs_skills_mastermind_medic_subclass" : "Медик",
    "ehi_buffs_skills_mastermind_inspire_basic" : "Вдохновение (Базовый)",
    "ehi_buffs_skills_mastermind_inspire_basic_desc" : "показывать время восстановления, когда вы вдохновляете кого-то (путём нажатия кнопки взаимодействия на напарнике)",
    "ehi_buffs_skills_mastermind_inspire_ace" : "Вдохновение (Про)",
    "ehi_buffs_skills_mastermind_inspire_ace_desc" : "показывать время восстановление вдохновения, когда вы кого-то поднимаете криком",
    "ehi_buffs_skills_mastermind_uppers" : "Колёса",
    "ehi_buffs_skills_mastermind_uppers_range" : "Диапазон срабатывания навыка",
    "ehi_buffs_skills_mastermind_uppers_range_desc" : "показывать бафф, когда вы находитесь в диапазоне автолечения АПП",
    "ehi_buffs_skills_mastermind_uppers_range_refresh" : "Обновление диапазона",
    "ehi_buffs_skills_mastermind_uppers_range_refresh_desc" : "Устанавливает как часто бафф 'Колёса' должен обновляться в секунду",
    "ehi_buffs_skills_mastermind_quick_fix" : "Скорая помощь",
    "ehi_buffs_skills_mastermind_painkillers" : "Обезболивающее",
    "ehi_buffs_skills_mastermind_combat_medic" : "Боевой медик",
    "ehi_buffs_skills_mastermind_controller_subclass" : "Командик",
    "ehi_buffs_skills_mastermind_hostage_taker_muscle" : "Спекулянт / Силовик",
    "ehi_buffs_skills_mastermind_forced_friendship" : "Навязанная дружба (поглощение)",
    "ehi_buffs_skills_mastermind_forced_friendship_desc" : "показывать шкалу с текущим накопленным поглощением от навыка 'навязанная дружба'",
    "ehi_buffs_skills_mastermind_sharpshooter_subclass" : "Снайпер",
    "ehi_buffs_skills_mastermind_ammo_efficiency" : "Экономия патронов",
    "ehi_buffs_skills_mastermind_aggressive_reload" : "Ловкость рук",

    "ehi_buffs_skills_enforcer_menu" : "Штурмовик",
    "ehi_buffs_skills_enforcer_shotgunner_subclass" : "Охотник",
    "ehi_buffs_skills_enforcer_overkill" : "Overkill",
    "ehi_buffs_skills_enforcer_underdog" : "Загнанный зверь",
    "ehi_buffs_skills_enforcer_tank_subclass" : "Танк",
    "ehi_buffs_skills_enforcer_bullseye" : "Меткий стрелок",
    "ehi_buffs_skills_enforcer_ammo_specialist_subclass" : "Падальщик",
    "ehi_buffs_skills_enforcer_bulletstorm" : "Свинцовый ливень",

    "ehi_buffs_skills_ghost_menu" : "Призрак",
    "ehi_buffs_skills_ghost_shinobi_subclass" : "Шиноби",
    "ehi_buffs_skills_ghost_sixth_sense_initial" : "Шестое чувство (Начальная задержка)",
    "ehi_buffs_skills_ghost_sixth_sense_marked" : "Шестое чувство (Отмеченные единицы)",
    "ehi_buffs_skills_ghost_sixth_sense_marked_desc" : "показывать датчик, показывающий, сколько юнитов в настоящее время помечено «Шестым чувством».",
    "ehi_buffs_skills_ghost_sixth_sense_refresh" : "Шестое чувство (Задержка обновления)",
    "ehi_buffs_skills_ghost_artful_dodger_subclass" : "Неуловимый",
    "ehi_buffs_skills_ghost_dire_need" : "Паническая атака",
    "ehi_buffs_skills_ghost_silent_killer_subclass" : "Бесшумный убийца",
    "ehi_buffs_skills_ghost_second_wind" : "Второе дыхание",
    "ehi_buffs_skills_ghost_unseen_strike" : "Исподтишка",
    "ehi_buffs_skills_ghost_unseen_strike_initial" : "Исподтишка (Начальная задержка)",

    "ehi_buffs_skills_fugitive_menu" : "Беглец",
    "ehi_buffs_skills_fugitive_revenant_subclass" : "Выживший",
    "ehi_buffs_skills_fugitive_running_from_death_reload" : "Убегая от смерти (Перезарядка и смена оружия)",
    "ehi_buffs_skills_fugitive_running_from_death_movement" : "Убегая от смерти (Передвижение)",
    "ehi_buffs_skills_fugitive_up_you_go" : "Проснись и пой",
    "ehi_buffs_skills_fugitive_swan_song" : "Лебединная песня",
    "ehi_buffs_skills_fugitive_brawler_subclass" : "Буян",
    "ehi_buffs_skills_fugitive_bloodthirst" : "Жажда крови",
    "ehi_buffs_skills_fugitive_bloodthirst_ratio" : "Жажда крови (Процент)",
    "ehi_buffs_skills_fugitive_bloodthirst_ratio_desc" : "Устанавливает процентное соотношение для отображения индикатора Жажда крови\nУстановив его на 0%, бафф всегда будет виден\n\nЗначение по умолчанию — 34%, что соответствует 6 убийствам в ваниле.",
    "ehi_buffs_skills_fugitive_bloodthirst_reload" : "Жажда крови (Перезарядка)",
    "ehi_buffs_skills_fugitive_berserker" : "Берсеркер",
    "ehi_buffs_skills_fugitive_berserker_refresh" : "Обновление Берсеркера",
    "ehi_buffs_skills_fugitive_berserker_refresh_desc" : "Устанавливает, как часто датчик «Берсерк» должен обновляться в секунду.",

    "ehi_buffs_perks_menu" : "Колода перков",
    "ehi_buffs_perks_infiltrator" : "Интервент",
    "ehi_buffs_perks_infiltrator_desc" : "показывать баффы и кулдауны в колоде перков Интервент",
    "ehi_buffs_perks_gambler" : "Шулер",
    "ehi_buffs_perks_gambler_desc" : "показывать баффы и кулдауны в колоде перков Шулер",
    "ehi_buffs_perks_grinder" : "Нападающий",
    "ehi_buffs_perks_grinder_desc" : "показывать баффы и кулдауны в колоде перков Нападающий",
    "ehi_buffs_perks_maniac" : "Маньяк",
    "ehi_buffs_perks_maniac_desc" : "показывать баффы и кулдауны в колоде перков Маньяк",
    "ehi_buffs_perks_anarchist" : "Анархист / Оружейник",
    "ehi_buffs_perks_anarchist_desc" : "показывать баффы и кулдауны в колоде перков Анархист / Оружейник",
    "ehi_buffs_perks_expresident" : "Экс-Президент",
    "ehi_buffs_perks_expresident_desc" : "показывать баффы и кулдауны в колоде перков Экс-Президент",
    "ehi_buffs_perks_biker" : "Байкер",
    "ehi_buffs_perks_biker_desc" : "показывать баффы и кулдауны в колоде перков Байкер",
    "ehi_buffs_perks_kingpin" : "Вор в законе",
    "ehi_buffs_perks_kingpin_desc" : "показывать баффы и кулдауны в колоде перков Вор в законе",
    "ehi_buffs_perks_sicario" : "Sicario",
    "ehi_buffs_perks_sicario_desc" : "показывать баффы и кулдауны в колоде перков Sicario",
    "ehi_buffs_perks_stoic" : "Стоик",
    "ehi_buffs_perks_stoic_desc" : "показывать баффы и кулдауны в колоде перков Стоик",
    "ehi_buffs_perks_tag_team" : "Убойный Тандем",
    "ehi_buffs_perks_tag_team_desc" : "показывать баффы и кулдауны в колоде перков Убойный Тандем",
    "ehi_buffs_perks_hacker" : "Хакер",
    "ehi_buffs_perks_hacker_desc" : "показывать баффы и кулдауны в колоде перков Хакер",
    "ehi_buffs_perks_leech" : "Кровопийца",
    "ehi_buffs_perks_leech_desc" : "показывать баффы и кулдауны в колоде перков Кровопийца",
    "ehi_buffs_perks_copycat" : "Подражатель",
    "ehi_buffs_perks_copycat_desc" : "показывать баффы и кулдауны в колоде перков Подражатель",

    "ehi_buffs_other_menu" : "Остальное",
    "ehi_buffs_other_interact" : "Взаимодействие",
    "ehi_buffs_other_reload" : "Перезарядка",
    "ehi_buffs_other_melee_charge" : "Задержка урона в ближнем бою",
    "ehi_buffs_other_shield_regen" : "Задержка восстановления брони",    
    "ehi_buffs_other_stamina" : "Выносливость",
    "ehi_buffs_other_dodge" : "Шанс уворота",
    "ehi_buffs_other_dodge_refresh" : "Обновление шанса уворота",
    "ehi_buffs_other_dodge_refresh_desc" : "Устанавливает, как часто датчик 'Шанс уворота' должен обновляться в секунду.",
    "ehi_buffs_other_dodge_persistent" : "Постоянный шанс уклонения",
    "ehi_buffs_other_dodge_persistent_desc" : "'Шанс уклонения' останется на вашем экране, когда ваш шанс уклонение ниже, чем 0%",
    "ehi_buffs_other_crit" : "Шанс критического урона",
    "ehi_buffs_other_crit_refresh" : "Обновление шанса критического урона",
    "ehi_buffs_other_crit_refresh_desc" : "Устанавливает, как часто шкала 'Шанс критического урона' должна обновляться в секунду.",
    "ehi_buffs_other_crit_persistent" : "Постоянный шанс критического урона",
    "ehi_buffs_other_crit_persistent_desc" : "'Шанс критического урона' останется на вашем экране, когда ваш крит ниже 0%",
    "ehi_buffs_other_inspire_ai" : "Вдохновение (ИИ)",
    "ehi_buffs_other_regen_throwable_ai" : "Регенерация (ИИ)",

    "ehi_inventory_menu" : "Инвентарь",
    "ehi_inventory_menu_desc" : "",

    "ehi_show_inventory_detailed_description" : "Показывать подробное описание инвентаря",
    "ehi_show_inventory_detailed_description_desc" : "Показывает подробное описание метательных предметов и снаряжения.",

    "ehi_hide_original_desc" : "Скрывать исходное описание",
    "ehi_hide_original_desc_desc" : "Скрывает исходное описание",

    "ehi_bm_charges" : "%s использования (использований) (%s всего использованого)",
    "ehi_bm_charges_no_total" : "%s использования (использований)",
    "ehi_bm_doctor_bag" : "Восстанавливает здоровье и падения",
    "ehi_bm_doctor_bag_2" : "Скорая помощь: после использования $multiplier меньше урона в течение $duration;s",
    "ehi_bm_ammo_bag" : "Сначала перезаряжается вторичное оружие, затем основное",
    "ehi_bm_ammo_bag_2" : "Свинцовый ливень: Неограниченный боезапас после использования от %ds (зависит от того, сколько патронов вы взяли)",
    "ehi_bm_armor_kit" : "Упаковывает выбранную вами броню, и вы начинаете в костюме-двойке\nПосле использования у вас будет выбранная броня\nПосле изменения вы не сможете вернуться к костюму",
    "ehi_bm_ecm_jammer" : "Открывает электронные защитные двери",
    "ehi_bm_ecm_jammer_2" : "Задерживает пейджеры",
    "ehi_bm_bodybags_bag" : "Мешок для трупов может спрятать одно мертвое тело (стелс).",
    "ehi_bm_trip_mine" : "Огненная ловушка",
    "ehi_bm_sentry_gun" : "Здоровье",
    "ehi_bm_sentry_gun_2" : "Патроны",
    "ehi_bm_sentry_gun_3" : "Бронебойный режим (переключаемый)",
    "ehi_bm_sentry_gun_4" : "Бронебойный режим",
    "ehi_bm_sentry_gun_5" : "Защитный экран",
    "ehi_bm_sentry_gun_6" : "Стоимость боеприпасов для размещения",
    "ehi_bm_sentry_gun_8" : "Степень",
    "ehi_bm_sentry_gun_silent" : "Тихий вариант",
    "ehi_bm_first_aid_kit" : "Восстанавливает только здоровье",
    "ehi_bm_first_aid_kit_2" : "Колёса: Автолечение после того, как вы потеряли все здоровье и находитесь в радиусе действия АПП. %sm\nОткат: %ds",
    "ehi_bm_grenade_crate" : "Одно использование восстанавливает все метательные предметы (будь это гранаты или карточки)",
    "ehi_bm_grenade_crate_2" : "Не работает со способностями колоды перков",
    "ehi_bm_damage" : "Урон",
    "ehi_bm_max_damage" : "Максимальный урон",
    "ehi_bm_range" : "Диапазон",
    "ehi_bm_base_cooldown" : "Базовый откат",
    "ehi_bm_duration" : "Продолжительность",
    "ehi_bm_cooldown_drain" : "Каждое убийство ускоряет перезарядку на %ss",
    "ehi_bm_instant" : "Мгновенный",
    "ehi_bm_poison" : "Яд",
    "ehi_bm_fire" : "Огонь",
    "ehi_bm_dot" : "Временный урон",
    "ehi_bm_dot_tick_period" : "Урон каждый %ss",
    "ehi_bm_dot_chance" : "Шанс срабатывания",
    "ehi_bm_explosion" : "Взрыв",
    "ehi_bm_fir_com" : "Сначала взрывается, затем выпускает огненный взрыв",
    "ehi_bm_concussion_1" : "Вспыхивает и оглушает врагов",
    "ehi_bm_concussion_2" : "После восстановления оглушённые враги будут иметь точность %s%s в течение %ds",
    "ehi_bm_poison_gas_grenade_1" : "Сначала взрывается, а затем выделяет ядовитый газ.",
    "ehi_bm_poison_gas_grenade_2" : "Облако",
    "ehi_bm_sticky_grenade" : "Прилипает к поверхностям и врагам",
    "ehi_bm_kingpin_1" : "Исцеляет вас за %s%s за каждый урон (активный)",
    "ehi_bm_kingpin_2" : "Ближайшие враги выберут вас как приоритетную цель (активный)",
    "ehi_bm_kingpin_3" : "Когда ниже %s%s здоровья, эффект увеличивается за счет %s%s (активный)",
    "ehi_bm_kingpin_4" : "При полном показателе здоровья, время восстановления уменьшается на дополнительные $duration;s за $heal полученное здоровье (активный)",
    "ehi_bm_sicario_1" : "Находясь внутри дымовой завесы, вы и ваши союзники избегаете %s%s всех пуль",
    "ehi_bm_sicario_2" : "Точность врагов внутри дымовой завесы снижена на %s%s",
    "ehi_bm_sicario_3" : "Все эффекты вашей колоды перков усиливаются на %s%s пока вы в дымовой завесе",
    "ehi_bm_sicario_4" : "Любой из ваших союзников внутри дымовой завесы получит %s%s шанс уворота",
    "ehi_bm_stoic_1" : "Использование фляжки стоика сводит на нет все ожидаемые повреждения.",
    "ehi_bm_stoic_2" : "Если ваше здоровье ниже %s%s, время восстановления будет уменьшено на %ss за каждое убийство вместо %ss",
    "ehi_bm_tagteam_1" : "Каждый враг, убитый вами или вашим выбранным напарником, исцеляет вас на %s здоровья и напарника на %s здоровья (активный)",
    "ehi_bm_tagteam_2_a" : "Каждое ваше убийство продлевает продолжительность на %ss и уменьшает время восстановления на %ss (активный)",
    "ehi_bm_tagteam_2_b" : "Каждое ваше убийство продлевает продолжительность на %ss (активный)",
    "ehi_bm_tagteam_2_c" : "Каждое ваше убийство сокращает время восстановления на %ss (активный)",
    "ehi_bm_tagteam_2_d" : "Каждое убийство, которое совершает отмеченный напарник сокращает время восстановления на %ss (активный)",
    "ehi_bm_tagteam_3" : "Каждое ваше убийство или отмеченного напарника увеличивает поглощение на %s вплоть до %s (активный)\nСбрасывается после завершения действия парилки",
    "ehi_bm_hacker_1" : "Каждое убийство исцеляет вас на %dздоровья (активный - громкий подход)",
    "ehi_bm_hacker_2" : "Временно увеличивает уворот при убийстве: +%s%s за %ss (активный)",
    "ehi_bm_hacker_3" : "Каждое убийство напарника исцеляет их на %dHP (активный - громкий подход)",
    "ehi_bm_leech_1" : "Восстанавливает %s%s здоровье при активации",
    "ehi_bm_leech_2" : "Отключает вашу броню, пока ампула активна",
    "ehi_bm_leech_3" : "Каждый %s убийств(а) дает вам неуязвимость на %ss (активный)",
    "ehi_bm_leech_4" : "Делит ваше здоровье на %s сегментов и убитые %s враги восстанавливают 1 сегмент (активный)\nПри получении урона удаляется 1 сегмент\nЕсли урон закончился %s, %s сегменты удалены",
    "ehi_bm_leech_5" : "Вы не можете быть сбиты с ног, но если у вас мало здоровья, ваша скорость передвижения замедлится на %s%s (активный)",
    "ehi_bm_leech_6" : "Вы можете активировать ампулу, будучи сбитым с ног, вы останетесь в живых, если оживите товарища по команде или используете медицинскую сумку, и у вас больше 0 HP.",

    "ehi_other_menu" : "Остальное",
    "ehi_other_menu_desc" : "",

    "ehi_other_show_remaining_xp" : "Показать оставшийся опыт для перехода на следующий уровень/резерв бесславия",
    "ehi_other_show_remaining_xp_desc" : "Показывает оставшийся опыт \nЕсли вы достигли 100-го уровня, будет виден оставшийся опыт в вашем резерве бесславия, в противном случае будет виден оставшийся опыт до следующего уровня \nДля вступления в силу требуется перезапуск ограбления",
    "ehi_other_show_remaining_xp_to_100" : "Показать оставшийся опыт до 100-го уровня",
    "ehi_other_show_remaining_xp_to_100_desc" : "Показывает оставшийся опыт до 100-го уровня (виден, если вы ниже 100-го уровня)",

    "ehi_other_show_mission_xp_overview" : "Показать обзор миссии по опыту",
    "ehi_other_show_mission_xp_overview_desc" : "Показывает панель в брифинге ограбления с указанием возможного опыта, который вы можете получить",

    "ehi_colors_menu" : "Цвета",
    "ehi_colors_menu_desc" : "Изменяет используемые цвета",

    "ehi_colors_tracker_waypoint" : "Трекер / Маркер",

    "ehi_colors_inaccurate" : "Ошибка",
    "ehi_colors_inaccurate_desc" : "Изменяет цвет текста, когда трекер/маркер неточны",

    "ehi_colors_pause" : "Пауза",
    "ehi_colors_pause_desc" : "Изменяет цвет текста, когда трекер/маркер приостановлены",

    "ehi_colors_drill_autorepair" : "Автоматический запуск дрели/пилы",
    "ehi_colors_drill_autorepair_desc" : "Изменяет цвет значка, когда дрель/пила может автоматически перезапуститься",

    "ehi_colors_warning" : "Предупреждение",
    "ehi_colors_warning_desc" : "Анимирует цвет текста, когда остается 10 секунд",

    "ehi_colors_completion" : "Завершение",
    "ehi_colors_completion_desc" : "Анимирует цвет текста, когда остается 10 секунд",

    "ehi_colors_mission_briefing" : "Брифинг миссии",

    "ehi_colors_loot_secured" : "Захват добычи",
    "ehi_colors_loot_secured_desc" : "Меняет цвет добычи",
    
    "ehi_colors_total_xp" : "Общий опыт",
    "ehi_colors_total_xp_desc" : "Изменяет цвет общего количества опыта, которое вы можете получить",
    
    "ehi_colors_optional" : "Необязательная цель",
    "ehi_colors_optional_desc" : "Изменяет цвет дополнительной цели, которая не требуется для выполнения миссии\nНо ее выполнение даст вам больше опыта",

    "ehi_experience_infamy_pool" : "Резерв бесславия:",
    "ehi_experience_next_level" : "Следующий уровень через:",
    "ehi_experience_100_in" : "100 уровень через:",
    "ehi_experience_xp_overview" : "Обзор возможного опыта:",
    "ehi_experience_xp" : "Очков опыта",
    "ehi_experience_total_xp" : "Общий опыт: ",
    "ehi_experience_all_gage_packages" : "Со всеми посылками Гейджа:",
    "ehi_experience_stealth" : "Тихо",
    "ehi_experience_loud" : "Громко",
    "ehi_experience_c4_used" : "Использовать С4",
    "ehi_experience_to_secure" : "Защитить: $amount",
    "ehi_experience_xp_bonus" : "Бонусный опыт",
    "ehi_experience_trigger_times" : "$times;x макс.",
    "ehi_experience_random_objectives" : "Случайные цели ($count;):",
    "ehi_experience_random_objectives_no_count" : "Случайные цели:",
    "ehi_experience_heli_escape" : "Побег на вертолёте",
    "ehi_experience_loud_escape" : "Побег по-громкому",
    "ehi_experience_stealth_escape" : "Побег по-тихому",
    "ehi_experience_escape" : "Побег",
    "ehi_experience_each_loot_secured" : "Каждая захваченная сумка",
    "ehi_experience_loot_else" : "Всё остальное",
    "ehi_experience_loot_secured" : "Захват сумки",
    "ehi_experience_each_wave_survived" : "Каждая пережитая полицейская волна",
    "ehi_experience_wave_survived" : "Пережитая $wave; волна: ",
    "ehi_experience_vault_found" : "Нахождение хранилища",
    "ehi_experience_vault_open" : "Открытие хранилища",
    "ehi_experience_turret_secured" : "Захват турели",
    "ehi_experience_pc_found" : "Нахождение ПК",
    "ehi_experience_pc_hack" : "Взлом ПК",
    "ehi_experience_correct_pc_hack" : "Правильный ПК взломан",
    "ehi_experience_c4_set_up" : "Установлено С4",
    "ehi_experience_cage_assembled" : "Сбор клетки",
    "ehi_experience_vault_drill_done" : "Завершение работы дрели",
    "ehi_experience_vault_drills_done" : "Завершение работы всех дрелей",
    "ehi_experience_thermaldrill_done" : "Завершение работы термобура",
    "ehi_experience_saw_done" : "Завершение работы пилы",
    "ehi_experience_saws_done" : "Завершение работы всех пил",
    "ehi_experience_timelock_done" : "Взлом временного замка",
    "ehi_experience_phone_answered" : "Ответ на телефон",
    "ehi_experience_mallcrasher" : "Разрушение торгового центра / Побег",
    "ehi_experience_safe_event_done" : "Открытие временного сейфа",
    "ehi_experience_present_finished" : "За каждый подарок",
    "ehi_experience_van_open" : "Открытие фургона",
    "ehi_experience_shoe_storage_enter" : "Вход в хранилище (Обувь)",
    "ehi_experience_shoe_backroom_enter" : "Вход в подсобку (Обувь)",
    "ehi_experience_shoe_collected" : "Захват обуви",
    "ehi_experience_necklace_collected" : "Захват ожерелья",
    "ehi_experience_toy_found" : "Игрушка найдена (если была в пакете)",
    "ehi_experience_toy_collected" : "Захват игрушки",
    "ehi_experience_vr_collected" : "Захват очков VR",
    "ehi_experience_wine_collected" : "Захват вина",
    "ehi_experience_flare" : "Установка сигнального огня",
    "ehi_experience_c4_drop" : "Сброс С4",
    "ehi_experience_heli_arrival" : "Прибытие вертолёта",
    "ehi_experience_wires_attached" : "Подключение троса",
    "ehi_experience_all_bags_secured" : "Захват всех сумок с добычей",
    "ehi_experience_thermite_done" : "Завершение термита",
    "ehi_experience_watchdogs2_bonus_xp" : "Бонусный опыт за каждую сумку после захвата 3 обязательных сумок",
    "ehi_experience_fs_secured_required_bags" : "Обязательные сумки захвачены",
    "ehi_experience_fs_burned_required_bags" : "Обязательные сумки уничтожены",
    "ehi_experience_rats_lab_exploded" : "Уничтожение лаборатории",
    "ehi_experience_rats_3_bags_cooked" : "3 сумки с метом приготовлены",
    "ehi_experience_rats_all_7_bags_cooked" : "Все 7 сумок с метом приготовлены",
    "ehi_experience_rats2_info_destroyed" : "Уничтожение информации",
    "ehi_experience_rats2_trade" : "Обмен",
    "ehi_experience_rats2_trade_and_steal" : "Обмен, а затем кража",
    "ehi_experience_big_oil_intel_pickup" : "Подбор разведданных",
    "ehi_experience_big_oil2_correct_engine" : "Нахождение правильного двигателя",
    "ehi_experience_ff3_item_deployed" : "Размещение предметов на крыше",
    "ehi_experience_ff3_cocaine_placed" : "Размещение кокаина",
    "ehi_experience_ff3_gold_secured" : "Захват золота",
    "ehi_experience_ed1_tag_right_truck" : "Отметка правильного грузовика",
    "ehi_experience_ed1_hack_1" : "Взлом ПК в первый раз",
    "ehi_experience_ed1_hack_2" : "Взлом ПК во второй раз",
    "ehi_experience_hm1_mobsters_killed" : "Убийство гангстеров",
    "ehi_experience_hm1_cars_destroyed" : "Уничтожение машин",
    "ehi_experience_hm1_gas_station_destroyed" : "Уничтожение заправки",
    "ehi_experience_hm1_hatch_open" : "Открытие люка",
    "ehi_experience_hm1_correct_barcode_scanned" : "Отсканирован правильный штрих-код",
    "ehi_experience_hm1_meth_cooked" : "1 сумка с метом приготовлена",
    "ehi_experience_hm2_enter_building" : "Вход в здание",
    "ehi_experience_hm2_hostage_rescued" : "Спасение заложника",
    "ehi_experience_hm2_yellow_gate_open" : "Открытие жёлтых ворот",
    "ehi_experience_hm2_magnetic_door_open" : "Открытие магнитной двери",
    "ehi_experience_hm2_enter_apartment" : "Вход в квартиру комиссара",
    "ehi_experience_hm2_commissar_dead" : "Убийство комиссара",
    "ehi_experience_hox1_first_corner" : "Прибытие в первый угол",
    "ehi_experience_hox1_second_corner" : "Прибытие во второй угол",
    "ehi_experience_hox1_blockade_cleared" : "Устранение препятствия",
    "ehi_experience_hox1_parking_gate_open" : "Подбор парковочного талона",
    "ehi_experience_hox1_parking_car_reached_garages" : "Броневик добрался до стоянки",
    "ehi_experience_hox2_reached_server_room" : "Хокстон добрался до серверной",
    "ehi_experience_hox2_random_obj" : "Выполнение случайного задания",
    "ehi_experience_hox2_no_keycard_bonus_xp" : "Без использования ключ-карт",
    "ehi_experience_hox3_vault_objective" : "Отключение безопасности хранилища",
    "ehi_experience_hox3_traitor_killed" : "Предатель убит",
    "ehi_experience_mus_powerboxes" : "Отключение блоков питания",
    "ehi_experience_mus_first_timelock" : "Завершение первого временного замка",
    "ehi_experience_mus_second_timelock" : "Завершение второго временного замка",
    "ehi_experience_mus_no_gas_trap" : "Без активации газа в комнате с бриллиантом",
    "ehi_experience_alesso_find_c4" : "С4 найдено",
    "ehi_experience_alesso_pyro_set" : "Зажигайте",
    "ehi_experience_ggc_gear_found" : "Нахождение своего снаряжения",
    "ehi_experience_ggc_blueprint_found" : "Нахождение чертежей",
    "ehi_experience_ggc_blueprint_send" : "Отправление чертежей Бейну",
    "ehi_experience_ggc_got_data" : "Использование USB флешки",
    "ehi_experience_ggc_civie_drugged" : "Отравление гражданского",
    "ehi_experience_ggc_gas_planted" : "Задействование усыпляющего газа",
    "ehi_experience_ggc_color_code" : "Нахождение кода",
    "ehi_experience_ggc_laser_disabled" : "Отключение лазеров в хранилище",
    "ehi_experience_ggc_locker_room_found" : "Нахождение раздевалки",
    "ehi_experience_ggc_c4_taken" : "Подбор С4",
    "ehi_experience_ggc_weak_spot_found" : "Нахождение места с хранилищем",
    "ehi_experience_ggc_winch_part_picked_up" : "Подбор части лебёдки",
    "ehi_experience_ggc_winch_set_up" : "Лебёдка настроена",
    "ehi_experience_ggc_fireworks" : "Запуск фейерверка",
    "ehi_experience_ggc_winch_connected_to_bfd" : "Лебёдка подключена к ОБД",
    "ehi_experience_ggc_bfd_lowered" : "ОБД снижена",
    "ehi_experience_ggc_bfd_started" : "ОБД запущена",
    "ehi_experience_ggc_bfd_done" : "ОБД завершила работу",
    "ehi_experience_the_bomb_open_dock_gate" : "Открытие ворот дока",
    "ehi_experience_the_bomb_find_coordinates" : "Найдены координаты для капитана",
    "ehi_experience_the_bomb_call_captain" : "Вызов капитана, чтобы переместить корабль",
    "ehi_experience_the_bomb_find_bomb" : "Нахождение бомбы",
    "ehi_experience_the_bomb_blowup_dock_gate" : "Ворота дока взорваны",
    "ehi_experience_the_bomb2_vault_filled" : "Хранилище заполнено водой",
    "ehi_experience_scarface_got_usb" : "Нахождение USB флешки",
    "ehi_experience_scarface_entered_house" : "Вход в особняк",
    "ehi_experience_scarface_shutters_open" : "Ставни открыты",
    "ehi_experience_scarface_searched_planted_yayo" : "Нахождение записи",
    "ehi_experience_scarface_made_a_call" : "Звонок Сосе",
    "ehi_experience_scarface_gathered_all_paintings" : "Сбор всех картин",
    "ehi_experience_scarface_all_cars_hooked_up" : "Запецить все 3 машины в вертолёт",
    "ehi_experience_scarface_defeated_security" : "Уничтожение охраны Сосы",
    "ehi_experience_scarface_entered_sosa_office" : "Вход в кабинет Сосы",
    "ehi_experience_scarface_sosa_killed" : "Соса убит",
    "ehi_experience_counterfeit_found_sus_doors" : "Найдена подозрительная дверь",
    "ehi_experience_counterfeit_first_hack_finish" : "Первый взлом завершён",
    "ehi_experience_counterfeit_defuse_c4" : "С4 обезврежено",
    "ehi_experience_counterfeit_printed_money" : "Бонусный опыт за каждую напечатанную фальшивую купюру (сумка)",
    "ehi_experience_fwb_server_room_open" : "Открытие серверной комнаты",
    "ehi_experience_fwb_rewired_circuit_box" : "Перепрограммирован щиток",
    "ehi_experience_fwb_found_code" : "Нахождение защитного кода",
    "ehi_experience_fwb_gates_open" : "Открыте ворот",
    "ehi_experience_fwb_c4_escape" : "Стена взорвана (путь побега)",
    "ehi_experience_fwb_overdrill" : "OVERDRILL",
    "ehi_experience_murky_station_equipment_found" : "Нахожедние оборудования",
    "ehi_experience_murky_station_found_emp_part" : "Нахождение части ЭМИ",
    "ehi_experience_boiling_point_radar_blown_up" : "Взрыв радара",
    "ehi_experience_boiling_point_emp_triggered" : "Срабатывание ЭМИ",
    "ehi_experience_boiling_point_gas_off_hand_taken" : "Отключение газа / Ампутированная рука",
    "ehi_experience_boiling_point_scan_finished" : "Завершение сканирования",
    "ehi_experience_boiling_point_grabbed_server" : "Захват сервера",
    "ehi_experience_gs_start" : "Ошибка опыта в начале миссии",
    "ehi_experience_gs_drill_open_store" : "Открытие магазина с помощью дрели",
    "ehi_experience_gs_turn_off_powerbox" : "Отключение блока питания",
    "ehi_experience_gs_clear_fire_debris" : "Убрано препятствие в доме с пожаром",
    "ehi_experience_gs_saw_lightpost" : "Фонарный столб распилен",
    "ehi_experience_gs2_cage_grabbed" : "Клетка поймана",
    "ehi_experience_gs2_arrived_on_bridge" : "Прибытие на мост",
    "ehi_experience_gs2_drilled_door" : "Открытие двери на управление мостом",
    "ehi_experience_gs2_bridge_rotated" : "Мост повёрнут",
    "ehi_experience_gs2_peta_5" : "Достижение 'Несчастный фермер'",
    "ehi_experience_car_shop_car_secured" : "Захват машины",
    "ehi_experience_biker_mike_in_the_trailer" : "Майк добрался до грузовика",
    "ehi_experience_biker_seat_collected" : "Сиденье взято",
    "ehi_experience_biker_skull_collected" : "Череп взят",
    "ehi_experience_biker_exhaust_pipe_collected" : "Выхлопные трубы взяты",
    "ehi_experience_biker_engine_collected" : "Двигатель взят",
    "ehi_experience_biker_tools_collected" : "Инстументы взяты",
    "ehi_experience_biker_cola_collected" : "Кола взята",
    "ehi_experience_biker_help_mike_garage" : "Майкл защищён в гараже",
    "ehi_experience_biker_defend_mike" : "Защищать Майкла в грузовике",
    "ehi_experience_biker2_boss_dead" : "Босс убит",
    "ehi_experience_panic_room_found" : "Нахождение комнаты паники",
    "ehi_experience_panic_room_killed_all_snipers" : "Убийство всех снайперов",
    "ehi_experience_panic_room_roof_secured" : "Зачистка крыши",
    "ehi_experience_panic_room_magnet_attached" : "Прикрепление магнита",
    "ehi_experience_panic_room_defended_heli" : "Защита вертолёта",
    "ehi_experience_prison_entered" : "Вход в тюрьму",
    "ehi_experience_brooklyn_1010_opened_door_to_roof" : "Открытие двери на крышу",
    "ehi_experience_brooklyn_1010_secured_briefcase" : "Захват кейса",
    "ehi_experience_brooklyn_1010_used_zipline" : "Использование зиплайна",
    "ehi_experience_undercover_deal_stealth" : "Сделка без подозрений",
    "ehi_experience_undercover_deal_loud" : "Сделка прервана",
    "ehi_experience_undercover_limo_open" : "Открытие лимузина",
    "ehi_experience_undercover_taxman_is_in_chair" : "Коллектор привязан к креслу",
    "ehi_experience_undercover_hack_fixed" : "Восстановление взлома",
    "ehi_experience_slaughterhouse_entered" : "Вход на скотобойню",
    "ehi_experience_slaughterhouse_tires_burn" : "Создание дымовой завесы",
    "ehi_experience_slaughterhouse_trap_lifted" : "Подготовление ловушки",
    "ehi_experience_slaughterhouse_gold_lifted" : "Золото вытащено",
    "ehi_experience_lab_rats_added_ephedrin_pill" : "Добавление таблетки эфедрина",
    "ehi_experience_lab_rats_added_correct_ingredient" : "Добавление каждого правильного ингридиента",
    "ehi_experience_lab_rats_bagged_meth" : "Каждый упакованный мет",
    "ehi_experience_lab_rats_safe_event_1" : "Взлом временного сейфа завершён и выпали деньги и украшения",
    "ehi_experience_lab_rats_safe_event_2" : "Взлом временного сейфа завершён и выпали картины и кокаин",
    "ehi_experience_lab_rats_safe_event_3" : "Взлом временного сейфа завершён и выпала другая добыча",
    "ehi_experience_btm_blasted_entrance" : "Открыть вход взрывчаткой",
    "ehi_experience_btm_used_keycard" : "Использование ключ-карты",
    "ehi_experience_btm_request_approved" : "Запрос одобрен",
    "ehi_experience_btm_vault_open_loot" : "Хранилище с добычей открыто",
    "ehi_experience_btm_destroyed_comm" : "Уничтоженный спутник связи",
    "ehi_experience_btm_heli_refueled" : "Вертолет заправлен",
    "ehi_experience_bos_cargo_door_open" : "Грузовая дверь открыта",
    "ehi_experience_bos_money_released" : "Деньги выпущены из самолета",
    "ehi_experience_bos_money_pallet_found" : "Нахождение паллеты с деньгами",
    "ehi_experience_bos_found_scattered_money" : "Нахождение разбросанных денег",
    "ehi_experience_bos_heli_picked_up_money" : "Вертолёт поднял поддон с деньгами",
    "ehi_experience_heat_street_reached_crashsite" : "Достигнуто место крушения",
    "ehi_experience_heat_street_reached_parking" : "Достигнута парковка",
    "ehi_experience_heat_street_reached_hill" : "Достигнута вершины эстакады",
    "ehi_experience_green_bridge_prisoner_found" : "Заключённый найден",
    "ehi_experience_green_bridge_prisoner_escorted" : "Сопровождение заключённого до строительных лесов",
    "ehi_experience_green_bridge_prisoner_defended" : "Защита заключённого на строительных лесах",
    "ehi_experience_alaskan_deal_crew_saved" : "Спасение капитана корабля",
    "ehi_experience_alaskan_deal_captain_reached_boat" : "Капитан добрался до корабля",
    "ehi_experience_alaskan_deal_boat_fueled" : "Корабль заправлен топливом",
    "ehi_experience_diamond_heist_boxes_hack" : "Оба роутера взломаны",
    "ehi_experience_diamond_heist_found_color_codes" : "Нахождение всех трёх цветов кода",
    "ehi_experience_diamond_heist_found_keycard" : "Ключ-карта найдена",
    "ehi_experience_diamond_heist_cfo_in_heli" : "Директор сопровождён до вертолёта",
    "ehi_experience_rvd1_defended_warehouse" : "Защита склада",
    "ehi_experience_rvd1_escorted_pink" : "Сопровождение мистера Розового на склад",
    "ehi_experience_rvd2_hacking_done" : "Взлом завершён",
    "ehi_experience_rvd2_vault_frozen" : "Жидкий азот завершён",
    "ehi_experience_brb_medallion_taken" : "Подобран медальон",
    "ehi_experience_breakin_feds_found_garret_office" : "Находение кабинета Гаррета",
    "ehi_experience_breakin_feds_lure" : "Гаррет выманен из кабинета",
    "ehi_experience_breakin_feds_entered_office" : "Вход в кабинет Гаррета",
    "ehi_experience_breakin_feds_safe_found" : "Нахождение скрытого сейфа",
    "ehi_experience_henrys_rock_first_mission_bag_on_belt" : "Первая обязательная сумка закинута на конвейерную ленту",
    "ehi_experience_henrys_rock_drilled_archaelogy_door" : "Металлическая дверь в археологической лаборатории просверлена",
    "ehi_experience_henrys_rock_archaelogy_chest_open" : "Сундук открыт",
    "ehi_experience_henrys_rock_made_concoction" : "Смесь в биолаборатории приготовлена",
    "ehi_experience_henrys_rock_weapon_fired" : "Задействована пушка в оружейной лаборатории",
    "ehi_experience_henrys_rock_crane" : "Кран с ящиком прибыл",
    "ehi_experience_sah_entered_vault_code" : "Ввод кода в хранилище",
    "ehi_experience_sah_retrieved_tablet" : "Получен обсидиан",
    "ehi_experience_bph_found_control_room" : "Найдена диспетчерская",
    "ehi_experience_bph_opening_correct_cell" : "Камера Бэйна начала открываться",
    "ehi_experience_bph_follow_bain" : "Следуйте за Бейном через тюрьму",
    "ehi_experience_bph_met_on_rooftop" : "Встреча Бейна на крыше",
    "ehi_experience_bph_extended_bridge" : "Мост расширен",
    "ehi_experience_bph_helipad_is_accessible" : "Вертолетная площадка открыта",
    "ehi_experience_nmh_cameras_taken_out" : "Камеры уничтожены",
    "ehi_experience_nmh_keep_hostages_down" : "Заложники запуганы",
    "ehi_experience_nmh_found_patients_file" : "Найдено дело пациента",
    "ehi_experience_nmh_set_up_fake_sentries" : "Установлены муляжные турели",
    "ehi_experience_nmh_found_correct_patient" : "Правильный кабель обрезан",
    "ehi_experience_nmh_icu_open" : "Отделение интенсивной терапии распилено",
    "ehi_experience_nmh_saw_patient_room" : "Пила закончила распил комнаты пациента",
    "ehi_experience_nmh_valid_sample" : "Найден правильный образец",
    "ehi_experience_nmh_elevator_arrived" : "Лифт прибыл",
    "ehi_experience_nmh_exit_elevator" : "Побег из лифта",
    "ehi_experience_twh_entered" : "Вход в Белый дом",
    "ehi_experience_twh_wireboxes_hacked" : "Взлом ящиков",
    "ehi_experience_twh_wireboxes_cut" : "Перерезать провода ящиков",
    "ehi_experience_twh_enter_west_wing" : "Вход в восточное крыло",
    "ehi_experience_twh_found_thermite" : "Нахождение термита",
    "ehi_experience_twh_use_thermite" : "Использование термита",
    "ehi_experience_twh_enter_oval_office" : "Вход в Овальный кабинет",
    "ehi_experience_twh_safe_open" : "Открытие сейфа",
    "ehi_experience_twh_access_peoc" : "Найден доступ к PEOC",
    "ehi_experience_twh_mainframe_hacked" : "Мейнфрейм взломан",
    "ehi_experience_twh_pardons_stolen" : "Помилования украдены",
    "ehi_experience_twh_left_peoc" : "Команда покинула PEOC",
    "ehi_experience_twh_disable_aa" : "Отключение турели",
    "ehi_experience_mex1_red_door_found" : "Нахождение красной двери",
    "ehi_experience_mex1_tunnel_found" : "Нахождение входа в туннель",
    "ehi_experience_mex1_explosives_found" : "Нахождение взрывчатки",
    "ehi_experience_mex1_tunnel_open" : "Открытие туннеля",
    "ehi_experience_mex1_plane_found" : "Нахождение самолёта",
    "ehi_experience_mex1_secured_mandatory_bags" : "Захват обязательных сумок",
    "ehi_experience_mex1_started_fueling" : "Команда начала заправлять самолёт",
    "ehi_experience_mex1_hose_detached" : "Отсоединение топливного шланга",
    "ehi_experience_mex2_found_managers_safe" : "Нахождение сейфа менеджера",
    "ehi_experience_mex2_picked_up_tape" : "Подбор скотча",
    "ehi_experience_mex2_used_tape" : "Использован скотч на чашке",
    "ehi_experience_mex2_picked_up_keychain" : "Найдены брелки от хранилища",
    "ehi_experience_mex2_found_manual" : "Найдено руководство",
    "ehi_experience_mex2_it_guy_escorted" : "Сопровождение айтишника в серверную",
    "ehi_experience_mex2_beast_arrived" : "Зверь доставлен",
    "ehi_experience_mex3_found_rfid_tag" : "Подобран RFID код",
    "ehi_experience_mex3_found_cells" : "Нахождение камеры",
    "ehi_experience_mex3_armory_opened" : "Открытие оружейной",
    "ehi_experience_mex3_handcuffs_cut" : "Перерезание цепей",
    "ehi_experience_mex3_hajrudin_found_his_car" : "Сопровождение Хайрудина к его машине",
    "ehi_experience_mex3_evidence_opened" : "Открытие комнат улик",
    "ehi_experience_mex3_evidence_burned" : "Доказательства сожжены",
    "ehi_experience_mex4_found_bulucs_office" : "Нахождение офиса Булука",
    "ehi_experience_mex4_found_inner_sanctum" : "Нахождение погреба",
    "ehi_experience_mex4_discover_keycard_holder_mask_list" : "Обнаружен держатель ключ-карты или список масок (если дверь с ключ-картой закрыта)",
    "ehi_experience_mex4_found_keycard" : "Найдена ключ-карта (если дверь с ключ-картой)",
    "ehi_experience_mex4_inner_sanctum_open" : "Открытие погреба",
    "ehi_experience_mex4_codex_room_open" : "Комната Кодекса открыта",
    "ehi_experience_mex4_bulucs_office_open" : "Открытие офиса Булука",
    "ehi_experience_mex4_interacted_with_safe" : "Взаимодействие с сейфом",
    "ehi_experience_mex4_contact_list_stolen" : "Список контактов украден",
    "ehi_experience_mex4_found_car_keys" : "Найдены ключи от машины (если побег на машине)",
    "ehi_experience_mex4_found_all_bomb_parts_hack_start" : "Найдены все части бомбы / Взлом начат",
    "ehi_experience_mex4_inner_sanctum_open_bomb" : "Погреб открыли с помощью бомбы",
    "ehi_experience_mex4_saw_placed" : "Пила установлена для открытия комнаты кодекса",
    "ehi_experience_mex4_contact_list_stolen_car_escape" : "Украденный список контактов (в случае побега автомобиля)",
    "ehi_experience_mex4_turret_discovered_car_escape" : "Обнаружена полицейская турель (при побеге автомобиля)",
    "ehi_experience_mex4_turret_destroyed_car_escape" : "Турель уничтожена (если побег на машине)",
    "ehi_experience_mex4_flare_lit_heli_escape" : "Сигнал вертолёту установлен (если побег на вертолёте)",
    "ehi_experience_china1_alarm_disabled" : "Сигнализация отключена",
    "ehi_experience_china1_found_basement_door" : "Нахождение двери в подвал",
    "ehi_experience_china1_enter_warehouse" : "Вход на склад",
    "ehi_experience_china1_auction_room_stealth" : "Отключение света в аукционном зале",
    "ehi_experience_china1_vault_gate_open" : "Ворота хранилища открылись",
    "ehi_experience_china1_dragon_statue_picked_up" : "Статуетка дракона подобрана",
    "ehi_experience_china1_dragon_statue_secured" : "Статуетка дракона захвачена",
    "ehi_experience_china1_vault_pc_hack" : "Взлом компьютера рядом с хранилищем (необязательно)",
    "ehi_experience_china1_found_forklift_keys" : "Найдены ключи от погрузчика",
    "ehi_experience_china1_pick_up_thermal_drill" : "Захвачен доставленный термобур",
    "ehi_experience_china1_placed_thermal_drill" : "Установка термобура",
    "ehi_experience_china1_gas_disabled" : "Газ отключен или предотвращен",
    "ehi_experience_china1_auction_room_loud" : "Взлом завершен в аукционном зале",
    "ehi_experience_texas3_evidences_found" : "Найдены доказательства",
    "ehi_experience_texas3_prototype_secured" : "Прототип захвачен",
    "ehi_experience_texas3_documents_secured" : "Захвачены исследовательские документы",
    "ehi_experience_texas3_lab_destroyed" : "Лаборатория уничтожена",
    "ehi_experience_texas3_escape_1" : "Побег (Инспекторы отсутствуют/турель не установлена)",
    "ehi_experience_texas3_escape_2" : "Побег (Прибыли инспекторы/установлена турель)"
}