{
    "ehi_mod_title" : "Extra Heist Info",
    "ehi_mod_desc" : "更多劫案信息",

    "ehi_save_data_corrupted" : "EHI设置存档已损坏",
    "ehi_save_data_corrupted_desc" : "EHI的模组设置的保存文件已经损毁并无法读取\nEHI已将所有设置恢复默认值以避免引起崩溃",

    "ehi_menu_reset_to_default" : "$BTN_RESET;恢复默认",
    "ehi_menu_large_steps" : "$BTN_STEP;大量调整",

    "ehi_level_restart_required" : "重启劫案以应用更改",

    "ehi_item_depends_on" : "需要勾选'$option;'选项以正常使用",

    "ehi_menu_next_page" : "下一页 -->",
    "ehi_menu_previous_page" : "<-- 上一页",

    "ehi_language" : "语言(Language)",
    "ehi_language_desc" : "修改 EHI 的显示语言。重启劫案以生效",
    "ehi_language_1" : "自动侦测",

    "ehi_menu_only" : "仅显示菜单",
    "ehi_show_preview_text" : "显示预览文本",
    "ehi_show_preview_text_desc" : "隐藏/显示预览文本",

    "ehi_mission_briefing_toggle_plan_text" : "切换",
    "ehi_mission_briefing_next_plan_text" : "下一个",
    
    "ehi_popup_experience" : "经验获取",
    "ehi_popup_experience_base_gained" : "基础经验获取: ",
    "ehi_popup_experience_gained" : "已获取: ",
    "ehi_popup_experience_total" : "总计获取: ",
    "ehi_popup_gage_packages" : "盖奇包裹",
    "ehi_popup_minion" : "变节警察",
    "ehi_popup_minion_killed" : "你的变节警察已阵亡",
    "ehi_popup_achievement_failed" : "挑战成就失败！",
    "ehi_popup_achievement_started" : "开始挑战成就!",
    "ehi_popup_trophy_started" : "开始解锁纪念品!",
    "ehi_popup_trophy_failed" : "纪念品解锁失败!",
    "ehi_popup_daily_started" : "开始每日挑战!",
    "ehi_popup_daily_failed" : "每日挑战失败!",
    "ehi_popup_loot_counter" : "战利品计数器",
    "ehi_popup_all_loot_secured" : "所有战利品已被你收入囊中",
	"ehi_popup_all_xp_loot_secured" : "已获得所有来自战利品的经验",
    "ehi_popup_sniper" : "狙击手!",
    "ehi_popup_sniper_spawned" : "敌对狙击手入场",
    "ehi_popup_snipers" : "狙击手!",
    "ehi_popup_snipers_spawned" : "数名狙击手入场",
    "ehi_popup_sniper_logic_start" : "狙击手开始刷新",
    "ehi_popup_sniper_logic_started" : "已开始敌对狙击手刷新逻辑",
    "ehi_popup_sniper_logic_end" : "狙击手结束刷新",
    "ehi_popup_sniper_logic_ended" : "已结束敌对狙击手刷新逻辑",
    "ehi_status_ok" : "OK",
    "ehi_status_done" : "完成",
    "ehi_status_pass" : "通过",
    "ehi_status_defend" : "坚守",
    "ehi_status_finish" : "达成",
    "ehi_status_secure" : "劫获",
    "ehi_status_no_down" : "0倒",
    "ehi_status_destroy" : "摧毁",
    "ehi_status_alarm" : "警报",
    "ehi_status_ready" : "就绪",
    "ehi_status_loud" : "强袭",
    "ehi_status_mark" : "标记",
    "ehi_status_push" : "按下",
    "ehi_status_hack" : "黑入",
    "ehi_status_land" : "着陆",
    "ehi_status_find" : "找到",
    "ehi_status_bring" : "带走",
    "ehi_status_objective" : "目标",
    "ehi_status_fail" : "失败",
    "ehi_status_endless" : "无尽",
    "ehi_hint_drill" : "钻机",
    "ehi_hint_hack" : "黑入",
    "ehi_hint_laser" : "镭射",
    "ehi_hint_pager" : "对讲机",
    "ehi_hint_process" : "进程",
    "ehi_hint_saw" : "电锯",
    "ehi_hint_timelock" : "定时锁",
    "ehi_hint_timer" : "计时器",
    "ehi_hint_gained_xp" : "获得经验",
    "ehi_hint_total_xp" : "总计经验",
    "ehi_hint_endless_assault" : "无尽突击",
    "ehi_hint_fire" : "火焰",
    "ehi_hint_fire_recharge" : "火焰充能",
    "ehi_hint_escape" : "撤离",
    "ehi_hint_loot_escape" : "劫获区撤离",
    "ehi_hint_loot" : "劫获区",
    "ehi_hint_loot_timed" : "限时劫获区",
    "ehi_hint_cooking_chance" : "制毒概率",
    "ehi_hint_scripted_bulldozer" : "预设重装特警出现",
    "ehi_hint_enemy_snipers" : "狙击手",
    "ehi_hint_enemy_snipers_heli" : "直升机载狙击手",
    "ehi_hint_enemy_snipers_loop" : "巡回狙击手",
    "ehi_hint_van_crash_chance" : "车祸概率",
    "ehi_hint_cutter" : "切割器",
    "ehi_hint_wait" : "等待",
    "ehi_hint_teargas" : "催泪弹",
    "ehi_hint_drill_delivery" : "投送钻机",
    "ehi_hint_drill_parts_delivery" : "投送钻机部件",
    "ehi_hint_thermite" : "铝热剂",
    "ehi_hint_explosion" : "爆炸物",
    "ehi_hint_pick_up_phone" : "接电话",
    "ehi_hint_kills" : "需要击杀数",
    "ehi_hint_winch" : "绞盘",
    "ehi_hint_c4_delivery" : "投送C4",
    "ehi_hint_code" : "密码",
    "ehi_hint_color_codes" : "颜色密码",
    "ehi_hint_keypad_reset" : "键盘重置",
    "ehi_hint_fuel_transfer" : "输送原油",
    "ehi_hint_charging" : "充能",
    "ehi_hint_alarm" : "警报",
    "ehi_hint_drama" : "剧本值",
    "ehi_hint_assault" : "突击",
    "ehi_hint_assault_delay" : "突击延迟",
    "ehi_hint_assault_time" : "突击时间",
    "ehi_hint_pager_counter" : "对讲机计数",
    "ehi_hint_pager_chance" : "对讲机可用次数",
    "ehi_hint_zipline_bag" : "滑索（运包）",
    "ehi_hint_zipline_person" : "滑索（乘坐）",
    "ehi_hint_zipline_reset" : "滑索复位",
    "ehi_hint_chance" : "概率",
    "ehi_hint_loot_counter" : "战利品计数",
    "ehi_hint_trade_delay" : "交易延迟",
    "ehi_hint_deployables" : "部署物",
    "ehi_hint_doctor_fak" : "医疗箱+急救包",
    "ehi_hint_doctor_bag" : "医疗箱",
    "ehi_hint_ammo_bag" : "弹药包",
    "ehi_hint_fak" : "急救包",
    "ehi_hint_bodybags_bag" : "尸体袋",
    "ehi_hint_throwables" : "投掷物",
    "ehi_hint_defend" : "坚守",
    "ehi_hint_restarting" : "重启",
    "ehi_hint_civilians" : "平民",
    "ehi_hint_damage_reduction" : "伤害减免",
    "ehi_hint_enemy_count" : "敌人计数",
    "ehi_hint_bodybags_counter" : "尸体袋计数",
    "ehi_hint_gage" : "盖奇包",
    "ehi_hint_converts" : "变节警察",
    "ehi_hint_sentry_reload" : "炮塔(装填)",
    "ehi_hint_sentry_repair" : "炮塔(修理)",
    "ehi_hint_sentry_teargas" : "炮塔(催泪弹)",
    "ehi_hint_diff" : "突击难度",
    "ehi_hint_ecm_jammer" : "ECM",
    "ehi_hint_ecm_feedback" : "ECM啸叫",
    "ehi_hint_ecm_feedback_refresh" : "ECM啸叫充能",
    "ehi_hint_phalanx_chance" : "队长入场概率",
    "ehi_hint_hostage" : "人质计数",

    "ehi_hint_big_piggy" : "移动小猪",
    "ehi_hint_brb_winch_delivery" : "投送绞盘",
    "ehi_hint_cane_safe" : "保险箱事件",
    "ehi_hint_crojob3_water" : "注水",
    "ehi_hint_crojob3_water_enroute" : "载水直升机",
    "ehi_hint_crojob3_water_refill" : "直升机加水",
    "ehi_hint_des_crane" : "起重机",
    "ehi_hint_des_chem_set" : "放置化学品",
    "ehi_hint_des_chem_set_restart" : "重新混合化学品",
    "ehi_hint_des_chem_set_interrupt" : "混合化学品中断",
    "ehi_hint_des_chem_set_cooking" : "化学品混合中",
    "ehi_hint_election_day_3_crash_chance" : "抢劫概率",
    "ehi_hint_election_day_3_crash_chance_time" : "大闹一场吧",
    "ehi_hint_friend_heli" : "在途直升机",
    "ehi_hint_friend_heli_random" : "直升机前往随机车辆",
    "ehi_hint_friend_heli_caddilac" : "直升机前往凯迪拉克",
    "ehi_hint_friend_heli_drop_car" : "直升机投下车辆",
    "ehi_hint_hox_1_vehicle_move" : "移动载具",
    "ehi_hint_hox_1_car" : "移动卡车",
    "ehi_hint_hox_2_request" : "请求计数",
    "ehi_hint_hox_2_evidence" : "扫出证据概率",
    "ehi_hint_kosugi_heli" : "直升机到达",
    "ehi_hint_kosugi_loot" : "投放战利品",
    "ehi_hint_kosugi_guards" : "投放警卫",
    "ehi_hint_kosugi_keycard" : "插入钥匙卡",
    "ehi_hint_mad_bomb" : "炸弹投放",
    "ehi_hint_mad_scan" : "扫描",
    "ehi_hint_mad_emp" : "EMP",
    "ehi_hint_mallcrasher_destruction" : "摧毁",
    "ehi_hint_man_code" : "密码概率",
    "ehi_hint_mia_1_meth_done" : "制毒完成",
    "ehi_hint_mia_1_next_meth_ingredient" : "下一轮制毒原料",
    "ehi_hint_mia_2_loot" : "可卡因销毁计时",
    "ehi_hint_nail_chemicals_en_route" : "在途化学品",
    "ehi_hint_nmh_incoming_police_patrol" : "巡逻警卫入场",
    "ehi_hint_nmh_incoming_civilian" : "平民入场",
    "ehi_hint_nmh_patient_file_chance" : "正确病历概率",
    "ehi_hint_nmh_vial_fail" : "失败样本",
    "ehi_hint_nmh_vial_success" : "成功样本",
    "ehi_hint_pal_money" : "印制伪钞",
    "ehi_hint_pent_chance" : "发电机启动概率",
    "ehi_hint_peta2_loot_zone_delivery" : "劫获区运包",
    "ehi_hint_pines_chance" : "掉落礼物概率",
    "ehi_hint_pines_chance_reduction" : "减少礼物掉落概率",
    "ehi_hint_pines_santa" : "接圣诞老人的直升机",
    "ehi_hint_ranc_chance" : "接走劫获区概率",
    "ehi_hint_red2_thermite" : "铝热剂减少时间",
    "ehi_hint_roberts_gensec" : "金塞克到场",
    "ehi_hint_roberts_gensec_warning" : "赶快！",
    "ehi_hint_roberts_next_phone_call" : "下次呼叫计时",
    "ehi_hint_run_final_zone" : "清空着陆区",
    "ehi_hint_run_gas" : "油桶计数",
    "ehi_hint_run_gas_final" : "最后的油桶",
    "ehi_hint_rvd_pink" : "粉先生到场",
    "ehi_hint_rvd2_liquid_nitrogen" : "液氮计时",
    "ehi_hint_sand_revive" : "救治概率",
    "ehi_hint_sand_heli_turret_timer" : "直升机炮塔计时",
    "ehi_hint_trai_crane" : "起重机断开概率",
    "ehi_hint_trat_loco_start" : "机车启动概率",
    "ehi_hint_vit_teargas" : "催泪弹概率",
    
    "ehi_r" : "红色",
    "ehi_g" : "绿色",
    "ehi_b" : "蓝色",
    "ehi_button_ok" : "确认",
    "ehi_color_reset" : "重置颜色",

    "ehi_preview" : "预览 (重启劫案以应用更改)\n带有红色角标的窗口为第一个追踪器出现的位置",

    "ehi_x_offset" : "X轴偏移",
    "ehi_x_offset_desc" : "X轴偏移设置（数值越小追踪器越靠左）",
    "ehi_y_offset" : "Y轴偏移",
    "ehi_y_offset_desc" : "Y轴偏移设置（数值越小追踪器越靠上）",
    
    "ehi_text_scale" : "文本大小",
    "ehi_text_scale_desc" : "设置追踪器中文本的显示大小",

    "ehi_scale" : "追踪器大小",
    "ehi_scale_desc" : "更改追踪器大小，数值越大追踪器越大",

    "ehi_time_format" : "时间显示格式",
    "ehi_time_format_desc" : "选择追踪器中时间显示格式",
    "ehi_time_format_1" : "只显示秒数",
    "ehi_time_format_2" : "分钟和秒数",

    "ehi_tracker_alignment" : "追踪器对齐",
    "ehi_tracker_alignment_desc" : "设置追踪器对齐模式",
    "ehi_tracker_alignment_1" : "垂直; 从上至下",
    "ehi_tracker_alignment_2" : "垂直; 从下至上",
    "ehi_tracker_alignment_3" : "水平; 从左至右",
    "ehi_tracker_alignment_4" : "水平; 从右至左",

    "ehi_tracker_vertical_w_anim" : "(垂直)界面宽度变化动画",
    "ehi_tracker_vertical_w_anim_desc" : "设置追踪器界面变化时动画的方向",
    "ehi_tracker_vertical_w_anim_1" : "从左至右",
    "ehi_tracker_vertical_w_anim_2" : "从右至左",

    "ehi_vr_x_offset" : "X轴偏移 (VR)",
    "ehi_vr_y_offset" : "Y轴偏移 (VR)",

    "ehi_vr_scale": "VR追踪器大小",
    "ehi_vr_scale_desc": "更改VR模式下的追踪器大小，数值越大追踪器越大",

    "ehi_vr_tracker_alignment" : "VR追踪器对齐",
    "ehi_vr_tracker_alignment_desc" : "设置使用VR时如何对齐追踪器",

    "ehi_visuals_menu" : "显示设置",
    "ehi_visuals_menu_desc" : "",

    "ehi_show_tracker_bg" : "追踪器背景",
    "ehi_show_tracker_bg_desc" : "显示追踪器的底色与边框\n取消勾选后，追踪器的底色与边框将被隐藏且动画不会生效",

    "ehi_show_tracker_corners" : "显示追踪器边框",
    "ehi_show_tracker_corners_desc" : "显示追踪器四周的白色边框",

    "ehi_show_one_icon" : "精简追踪器",
    "ehi_show_one_icon_desc" : "每个追踪器仅显示1个图标\n如果取消勾选将显示该追踪器的所有图标",

    "ehi_show_icon_position" : "图标位置",
    "ehi_show_icon_position_desc" : "设置追踪器中图标的位置",
    "ehi_show_icon_position_1" : "左侧",
    "ehi_show_icon_position_2" : "右侧",

    "ehi_show_tracker_hint" : "显示追踪器简介",
    "ehi_show_tracker_hint_desc" : "如果追踪器有简介则显示简介",

    "ehi_show_tracker_hint_t" : "简介显示时间",
    "ehi_show_tracker_hint_t_desc" : "设置追踪器简介在屏幕上显示多久后隐藏\n\n若设置为0则永久显示",

    "ehi_trackers_menu" : "追踪器",
    "ehi_trackers_menu_desc" : "",

    "ehi_show_mission_trackers": "显示任务追踪器",
    "ehi_show_mission_trackers_desc": "显示当前任务目标的追踪器 (例如: 撤离车/飞机抵达时间,距离下一个目标触发时间, 诸如此类。。。)\n\n此选项可兼容自定义劫案\n如果该地图支持EHI",

    "ehi_show_unlockables" : "显示可解锁内容",
    "ehi_show_unlockables_desc" : "在玩家界面上显示纪念品、安全屋每日挑战、成就等追踪器",

    "ehi_unlockables_menu" : "可解锁内容",
    "ehi_unlockables_menu_desc" : "",
    
    "ehi_show_achievements" : "显示成就追踪器",
    "ehi_show_achievements_desc" : "在屏幕上显示可追踪的成就\n某些劫案中没有可追踪的成就",
    
    "ehi_show_achievement_description" : "显示成就简介",
    "ehi_show_achievement_description_desc" : "在聊天栏中显示成就的简介\n\n此简介仅你可见",

    "ehi_show_achievements_mission" : "显示成就 (劫案)",
    "ehi_show_achievements_mission_desc" : "显示仅限在劫案中完成的成就",

    "ehi_hide_unlocked_achievements" : "不显示已解锁的成就 (劫案)",
    "ehi_hide_unlocked_achievements_desc" : "启用后, EHI 将不再显示已完成的仅限在劫案中完成的成就的追踪器\n禁用后, EHI 将显示所有可解锁的仅限在劫案中完成的成就追踪器",
    
    "ehi_show_achievements_weapon" : "显示成就 (武器)",
    "ehi_show_achievements_weapon_desc" : "显示需要你用武器击杀敌人的成就\n\n若完成成就，追踪器将自动隐藏",

    "ehi_show_achievements_melee" : "显示成就 (近战)",
    "ehi_show_achievements_melee_desc" : "显示需要你用近战武器击杀敌人的成就\n\n若完成成就，追踪器将自动隐藏",

    "ehi_show_achievements_grenade" : "显示成就 (投掷物)",
    "ehi_show_achievements_grenade_desc" : "显示需要你用投掷物击杀敌人的成就\n\n若完成成就，追踪器将自动隐藏",

    "ehi_show_achievements_vehicle" : "显示成就 (载具)",
    "ehi_show_achievements_vehicle_desc" : "显示需要你用载具碾压敌人的成就\n\n若完成成就，追踪器将自动隐藏",

    "ehi_show_achievements_other" : "显示成就 (其它)",
    "ehi_show_achievements_other_desc" : "显示达成条件不属于以上类型的成就\n\n若完成成就，追踪器将自动隐藏",
    
    "ehi_show_achievement_failed_popup" : "显示 '挑战成就失败'提示",
    "ehi_show_achievement_failed_popup_desc" : "在成就条件无法完成时弹出标题为红色字体的窗口提示",

    "ehi_show_achievement_started_popup" : "显示'开始挑战成就' 弹出窗口",
    "ehi_show_achievement_started_popup_desc" : "正在跟踪的成就会弹出以绿色字体为标题的弹窗",

    "ehi_show_trophies" : "显示纪念品",
    "ehi_show_trophies_desc" : "在界面上显示安全屋的纪念品解锁追踪器\n有些劫案可能没有任何可进行解锁的纪念品",

    "ehi_show_trophy_description" : "显示纪念品简介",
    "ehi_show_trophy_description_desc" : "在游戏聊天框中显示纪念品的简介\n\n此简介仅你可见",
    
    "ehi_hide_unlocked_trophies" : "不显示已解锁的挑战",
    "ehi_hide_unlocked_trophies_desc" : "启用后，EHI将不再显示已解锁的纪念品追踪器\n禁用后, EHI将显示当前所有可进行解锁的纪念品",

    "ehi_show_trophy_failed_popup" : "显示 '纪念品解锁失败' 弹出窗口",
    "ehi_show_trophy_failed_popup_desc" : "解锁纪念品失败后会弹出主题为红色的窗口",

    "ehi_show_trophy_started_popup" : "显示'开始解锁纪念品' 弹出窗口",
    "ehi_show_trophy_started_popup_desc" : "开始解锁纪念品后会弹出主题为绿色的窗口",

    "ehi_show_dailies" : "显示每日挑战",
    "ehi_show_dailies_desc" : "当有可进行的每日挑战时会在界面上显示\n\n已经完成的每日挑战将不会显示",

    "ehi_show_daily_description" : "显示每日任务简介",
    "ehi_show_daily_description_desc" : "在聊天框中显示每日任务的简介\n\n此简介仅你可见",
 
    "ehi_show_daily_failed_popup" : "显示 '每日挑战失败' 弹出窗口",
    "ehi_show_daily_failed_popup_desc" : "每日挑战失败时将弹出主题为红色的窗口",

    "ehi_show_daily_started_popup" : "显示 '开始每日挑战' 弹出窗口",
    "ehi_show_daily_started_popup_desc" : "开始每日挑战时将弹出主题为绿色的窗口",
    
    "ehi_show_gained_xp" : "显示获得的经验",
    "ehi_show_gained_xp_desc" : "显示当前获得的经验\n此追踪器将在罪无止境模式下禁用",

    "ehi_xp_format" : "经验计算方式",
    "ehi_xp_format_desc" : "例如: 基础经验: 1000; 风险等级：死亡之愿\n仅计算基础经验: 1000\n计算风险等级加成: 13000\n计算所有经验加成: 13000+",
    "ehi_xp_format_1" : "仅计算基础经验",
    "ehi_xp_format_2" : "计算风险等级加成",
    "ehi_xp_format_3" : "计算所有经验加成",

    "ehi_xp_panel" : "经验显示模式",
    "ehi_xp_panel_desc" : "",
    "ehi_xp_panel_1" : "在每次获得经验时显示面板",
    "ehi_xp_panel_2" : "显示劫案中总共获得的经验",
    "ehi_xp_panel_3" : "获得经验时弹出窗口",
    "ehi_xp_panel_4" : "获得经验时显示提示",

    "ehi_show_xp_in_mission_briefing_only" : "仅在简报页面显示获得的经验",
    "ehi_show_xp_in_mission_briefing_only_desc" : "如果你想在简报页面而不在游戏中看到经验显示，请启用此功能",

    "ehi_total_xp_difference" : "显示经验值差异",
	"ehi_total_xp_difference_desc" : "显示你获得了多少经验",
    "ehi_total_xp_difference_1" : "不显示",
    "ehi_total_xp_difference_2" : "显示提示",

    "ehi_show_trade_delay" : "显示交易延迟",
    "ehi_show_trade_delay_desc" : "当您或您的队友杀死人质时显示交易延迟",

    "ehi_show_trade_delay_option" : "何时显示交易延迟",
    "ehi_show_trade_delay_option_desc": "总是: 在您或者您的队友杀死平民时常态显示交易延迟\n被捕: 在您或者您的队友至少杀死1位平民后被捕时显示交易延迟",
    "ehi_show_trade_delay_option_1" : "总是",
    "ehi_show_trade_delay_option_2" : "被捕",

    "ehi_show_trade_delay_other_players_only": "仅为其他玩家显示交易延迟",
    "ehi_show_trade_delay_other_players_only_desc": "启用后无论你杀死了多少平民都不会显示交易延迟追踪器，但您的队友击杀平民仍然会显示交易延迟追踪器",

    "ehi_show_trade_delay_suppress_in_stealth" : "潜入阶段隐藏交易延迟",
    "ehi_show_trade_delay_suppress_in_stealth_desc" : "勾选后在潜入阶段将隐藏交易延迟追踪器，直到警报触发后才显示已积累的交易延迟",

    "ehi_show_trade_delay_amount_of_killed_civilians" : "交易延迟显示杀死平民数",
    "ehi_show_trade_delay_amount_of_killed_civilians_desc" : "显示每位玩家杀死的多少平民",

    "ehi_show_timers" : "显示计时器",
    "ehi_show_timers_desc" : "显示地图上正在进行的黑入，钻机，电锯等进程的剩余时间",
	
    "ehi_show_timers_max_in_group" : "一组计时器数量上限",
    "ehi_show_timers_max_in_group_desc" : "设置追踪器中最多有几个计时器。如追踪器内计时器已达最大值则创建一个或数个追踪器以显示。\n\n若要禁用此功能则将数值设置为“1”\n\nIf the value is set to any than 1 and Horizontal alignment is selected, EHI will prefer unlimited number of timers in a group, to preserve space",

    "ehi_show_camera_loop" : "显示摄像头回路追踪器",
    "ehi_show_camera_loop_desc" : "显示地图上已被设置回路的摄像头的回路持续时间",

    "ehi_show_enemy_turret_trackers" : "显示敌方炮塔追踪器",
    "ehi_show_enemy_turret_trackers_desc" : "在敌方炮塔维修或装弹时显示追踪器",

    "ehi_show_zipline_timer" : "显示滑索追踪器",
    "ehi_show_zipline_timer_desc" : "显示2个滑索计时器\n第一个表示运送战利品/玩家的时间, 第二个表示滑索再次可用的冷却时间",

    "ehi_show_gage_tracker" : "显示盖奇包追踪器",
    "ehi_show_gage_tracker_desc" : "显示追踪地图上的盖奇包裹\n若地图上没有盖奇包裹，此追踪器会自动隐藏",

    "ehi_gage_tracker_panel" : "显示盖奇包收集进度方式",
    "ehi_gage_tracker_panel_desc" : "",
    "ehi_gage_tracker_panel_1" : "追踪器",
    "ehi_gage_tracker_panel_2" : "弹出窗口",

    "ehi_show_captain_damage_reduction" : "显示敌人伤害减免",
    "ehi_show_captain_damage_reduction_desc" : "显示冬日队长列阵后为敌人提供的伤害减免效果",

    "ehi_show_captain_spawn_chance" : "显示队长入场几率",
    "ehi_show_captain_spawn_chance_desc" : "显示当前冬日队长入场几率",

    "ehi_show_equipment_tracker" : "显示随身装备追踪器",
    "ehi_show_equipment_tracker_desc" : "为医疗箱，急救包，弹药包，手雷箱，尸体袋箱等随身装备显示追踪器",

    "ehi_equipment_menu" : "装备显示设置",
    "ehi_equipment_menu_desc" : "",

    "ehi_equipment_format" : "装备显示格式",
    "ehi_equipment_format_desc" : "选择随身装备追踪器显示的格式",
    "ehi_equipment_format_1" : "可用次数 (已部署数量)",
    "ehi_equipment_format_2" : "(已部署数量) 可用次数",
    "ehi_equipment_format_3" : "(可用次数) 已部署数量",
    "ehi_equipment_format_4" : "已部署数量 (可用次数)",
    "ehi_equipment_format_5" : "可用次数",
    "ehi_equipment_format_6" : "已部署数量",

    "ehi_show_equipment_doctorbag" : "显示医疗箱追踪器",
    "ehi_show_equipment_doctorbag_desc" : "显示医疗箱的追踪器",

    "ehi_show_equipment_ammobag" : "显示弹药包追踪器",
    "ehi_show_equipment_ammobag_desc" : "显示弹药包的追踪器",

    "ehi_show_equipment_grenadecases" : "显示手雷箱追踪器",
    "ehi_show_equipment_grenadecases_desc" : "显示手雷箱的追踪器",
    
    "ehi_grenadecases_block_on_abilities_or_no_throwable" : "无投掷物需求时隐藏手雷箱追踪器",
    "ehi_grenadecases_block_on_abilities_or_no_throwable_desc" : "若你携带了天赋投掷物或无需补充的投掷物则隐藏手雷箱追踪器",

    "ehi_show_equipment_bodybags": "显示尸体袋箱追踪器",
    "ehi_show_equipment_bodybags_desc": "显示尸体袋箱追踪器\n此追踪器将在劫案进入强袭时自动隐藏",

    "ehi_show_equipment_firstaidkit": "显示急救包追踪器",
    "ehi_show_equipment_firstaidkit_desc": "显示急救包的追踪器",
    
    "ehi_show_equipment_ecmjammer" : "显示ECM干扰时间追踪器",
    "ehi_show_equipment_ecmjammer_desc" : "显示ECM干扰持续时间追踪器\n默认显示结束时间最晚的ECM时间",

    "ehi_ecmjammer_block_ecm_without_pager_delay" : "忽略不能屏蔽对讲机的ECM",
    "ehi_ecmjammer_block_ecm_without_pager_delay_desc" : "",

    "ehi_show_equipment_ecmfeedback" : "显示ECM啸叫时间追踪器",
    "ehi_show_equipment_ecmfeedback_desc" : "显示ECM啸叫持续时间追踪器\n默认显示结束时间最晚的ECM时间",
    
    "ehi_show_ecmfeedback_refresh" : "显示ECM啸叫充能追踪器",
    "ehi_show_ecmfeedback_refresh_desc" : "显示ECM啸叫充能时间的追踪器",
	
    "ehi_show_equipment_aggregate_health" : "整合医疗箱与急救包追踪器",
    "ehi_show_equipment_aggregate_health_desc" : "把医疗箱与急救包追踪器整合为一个追踪器 ",

    "ehi_show_equipment_aggregate_all" : "整合所有部署装备追踪器",
    "ehi_show_equipment_aggregate_all_desc" : "把所有已部署的随身装备追踪器整合为一个追踪器\n部署物的颜色将按照以下的设置显示",

    "ehi_doctor_bag" : "医疗箱",
    "ehi_ammo_bag" : "弹药箱",
    "ehi_grenade_crate" : "手雷箱",
    "ehi_first_aid_kit" : "急救包",
    "ehi_bodybags_bag" : "尸体袋",
    
    "ehi_show_minion_tracker" : "显示变节警察追踪器",
    "ehi_show_minion_tracker_desc" : "显示地图上已变节警察的数量追踪器",

    "ehi_show_minion_option" : "变节警察显示方式",
    "ehi_show_minion_option_1" : "仅显示自己的变节警察",
    "ehi_show_minion_option_2" : "显示地图上变节警察总数",
    "ehi_show_minion_option_3" : "分别显示每个玩家的变节警察",

    "ehi_show_minion_killed_message" : "显示 '变节警察阵亡' 提示",
    "ehi_show_minion_killed_message_desc" : "在你的变节警察死亡时发出提示",

    "ehi_show_minion_killed_message_type" : "'变节警察阵亡' 提示方式",
    "ehi_show_minion_killed_message_type_2" : "在提示面板内",

    "ehi_show_difficulty_tracker" : "显示难度追踪器",
    "ehi_show_difficulty_tracker_desc" : "显示当前突击波次的难度追踪器\n难度：一个介于0%~100%的数值，其大小决定了本次突击人数的多寡与突击持续时间的长短\n每个地图都有自己预设的难度，多数地图警报触发后一段时间由0%提升至最高50%，在第一波突击结束后一般会达到75%，第二波结束后会达到100%",
    
    "ehi_show_drama_tracker" : "显示导演系统追踪器",
    "ehi_show_drama_tracker_desc" : "显示导演系统当前的剧本值（仅主机）\n 剧本值：决定突击波次进度的值，它会根据劫案中发生的事件动态变化 \n此值从0开始，并会因为以下事件发生变动： \n -有劫匪受到伤害（根据伤害量增加剧本值）\n -有劫匪被击倒（+10%） \n -有劫匪被逮捕（+20%） \n -随时间流逝而减少（-3%/秒）\n当剧本值达到一定数值时可以跳过突击的某一阶段（如剧本值超过95%则跳过构建阶段直接进入持续阶段；剧本值低于25%时，将跳过撤退阶段直接进入控场阶段） \n PS:剧本值会被诸多因素影响，本简介只是介绍了该机制的冰山一角",

    "ehi_show_pager_tracker" : "显示对讲机追踪器",
    "ehi_show_pager_tracker_desc" : "显示剩余可回答对讲机数",
    
    "ehi_show_pager_callback_trackers" : "显示应答时限追踪器",
    "ehi_show_pager_callback_trackers_desc" : "显示需应答对讲机的时限",

    "ehi_show_pager_callback_answered_behavior" : "当对讲机被应答时",
    "ehi_show_pager_callback_answered_behavior_desc" : "决定在对讲机正在应答时如何处理导航点和追踪器",
    "ehi_show_pager_callback_answered_behavior_1" : "变为绿色，完毕后删除",
    "ehi_show_pager_callback_answered_behavior_2" : "直接删除",
    
    "ehi_show_enemy_count_tracker" : "显示敌人追踪器",
    "ehi_show_enemy_count_tracker_desc" : "显示地图上正在行动的敌人数量追踪器",
    
    "ehi_show_enemy_count_show_pagers" : "显示有对讲机的敌人(潜入)",
    "ehi_show_enemy_count_show_pagers_desc" : "在追踪器面板左侧显示装备有对讲机的敌人数量而在右侧显示未装备对讲机的敌人数量，强袭开始后追踪器只统计部分敌人",

    "ehi_show_civilian_count_tracker" : "显示平民追踪器",
    "ehi_show_civilian_count_tracker_desc" : "显示劫案中的平民计数\n\n若已无平民则隐藏此追踪器",
    
    "ehi_civilian_count_tracker_format" : "平民追踪器显示格式",
    "ehi_civilian_count_tracker_format_desc" : "",
    "ehi_civilian_count_tracker_format_1" : "平民总数",
    "ehi_civilian_count_tracker_format_2" : "已捆绑 | 未捆绑",
    "ehi_civilian_count_tracker_format_3" : "未捆绑 | 已捆绑",

    "ehi_show_hostage_count_tracker" : "显示人质计数追踪器",
    "ehi_show_hostage_count_tracker_desc" : "显示地图上人质数量的追踪器",

    "ehi_hostage_count_tracker_format" : "人质追踪器显示格式",
    "ehi_hostage_count_tracker_format_desc" : "",
    "ehi_hostage_count_tracker_format_1" : "人质总数",
    "ehi_hostage_count_tracker_format_2" : "总数 | 警察",
    "ehi_hostage_count_tracker_format_3" : "警察 | 总数",
    "ehi_hostage_count_tracker_format_4" : "平民 | 警察",
    "ehi_hostage_count_tracker_format_5" : "警察 | 平民",
    
    "ehi_show_laser_tracker" : "显示镭射循环追踪器",
    "ehi_show_laser_tracker_desc" : "显示地图上传感器镭射的循环时间追踪器",

    "ehi_show_assault_delay_tracker" : "显示突击延迟追踪器",
    "ehi_show_assault_delay_tracker_desc" : "显示突击延迟的时间追踪器\n\n当客机中途加入后难度增加时追踪器将自动隐藏",

    "ehi_show_assault_time_tracker" : "显示突击持续时间追踪器",
    "ehi_show_assault_time_tracker_desc" : "显示突击持续的时间\n\n若为客机中途加入游戏，此追踪器在突击难度提升后不再显示",

    "ehi_show_assault_diff_in_assault_trackers" : "在突击追踪器中显示突击难度",
    "ehi_show_assault_diff_in_assault_trackers_desc" : "In Holdout game mode, this option will show enemy damage and health boost, respectively\n\nIn other game modes, this option will show assault difficulty, in percent",
    
    "ehi_show_loot_counter" : "显示战利品追踪器",
    "ehi_show_loot_counter_desc" : "显示你已经劫获多少战利品",

    "ehi_show_all_loot_secured_popup" : "显示 '已劫获所有战利品'弹出窗口",
    "ehi_show_all_loot_secured_popup_desc" : "显示劫获地图中所有战利品的弹出窗口",

    "ehi_variable_random_loot_format" : "随机战利品显示格式",
    "ehi_variable_random_loot_format_desc" : "设置如何显示有可能获得的战利品\n\n例:地图中有16个固定刷新的战利品和4个可能空无一物的保险箱;你已经劫获9包战利品\n\n选项 1:\n9/16-20?\n\n选项 2:\n9/20?\n\n选项 3:\n9/16+4?",
    "ehi_variable_random_loot_format_1" : "已劫获数 / 最大战利品数 - (最大战利品数 + 可能战利品数)?",
    "ehi_variable_random_loot_format_2" : "已劫获数 / (最大战利品数 + 可能战利品数)?",
    "ehi_variable_random_loot_format_3" : "已劫获数 / 最大战利品数 + 可能战利品数?",

    "ehi_show_loot_max_xp_bags" : "显示战利品经验获取最大值",
    "ehi_show_loot_max_xp_bags_desc" : "当地图限制战利品获取的经验最大值时显示其值\n若已达最大值则文本变为黄色",

    "ehi_show_bodybags_counter" : "显示尸体袋追踪器",
    "ehi_show_bodybags_counter_desc" : "显示你当前持有尸体袋数量追踪器",

    "ehi_show_escape_chance" : "显示撤离关追踪器",
    "ehi_show_escape_chance_desc" : "显示出现撤离关概率的追踪器",
    
    "ehi_show_sniper_tracker" : "显示预设生成的狙击手",
    "ehi_show_sniper_tracker_desc" : "显示地图预设生成的狙击手追踪器\n\n注意:\n不统计联邦法警\n因为每个地图狙击手逻辑不同（若有），所以此追踪器可能有偏差",

    "ehi_show_sniper_spawned_popup" : "显示'狙击手！'弹出窗口",
    "ehi_show_sniper_spawned_popup_desc" : "在预设狙击手生成时弹出窗口",

    "ehi_show_sniper_logic_start_popup" : "显示'狙击手开始刷新'弹出窗口",
    "ehi_show_sniper_logic_start_popup_desc" : "当地图预设狙击手刷新逻辑开始时显示黄色弹窗",

    "ehi_show_sniper_logic_end_popup" : "显示'狙击手结束刷新'弹出窗口",
    "ehi_show_sniper_logic_end_popup_desc" : "当地图预设狙击手刷新逻辑结束时显示绿色弹窗",
 
    "ehi_waypoints_menu" : "路径导航",
    "ehi_waypoints_menu_desc" : "",

    "ehi_show_waypoints" : "显示路径导航点",
    "ehi_show_waypoints_desc" : "在游戏中显示路径导航点",

    "ehi_show_waypoints_only" : "仅显示导航点",
    "ehi_show_waypoints_only_desc" : "勾选后，当一个可追踪的元素可以被导航点和追踪器追踪时，仅显示导航点\n否则将显示追踪器",

    "ehi_show_waypoints_present_timer" : "动画时间",
    "ehi_show_waypoints_present_timer_desc" : "设置导航点在'移动'到目标前在屏幕上停留的时间。",

    "ehi_show_waypoints_mission" : "显示劫案事件的导航点",
    "ehi_show_waypoints_mission_desc" : "在劫案中将发生的事件处显示导航点",

    "ehi_show_waypoints_escape" : "显示撤离载具的导航点",
    "ehi_show_waypoints_escape_desc" : "在载具到达处显示导航点（无计时器）",
    
    "ehi_show_waypoints_enemy_turret" : "显示敌方机枪塔导航点",
    "ehi_show_waypoints_enemy_turret_desc" : "在敌方炮塔装弹或修理时显示一个导航点",

    "ehi_show_waypoints_timers" : "显示计时器导航点",
    "ehi_show_waypoints_timers_desc" : "显示地图上正在进行的黑入，钻机，电锯等进程的剩余时间",

    "ehi_show_waypoints_pager" : "显示对讲机导航点",
    "ehi_show_waypoints_pager_desc" : "当有待回复的对讲机时显示导航点",

    "ehi_show_waypoints_cameras" : "显示已设置回路的摄像头导航点",
    "ehi_show_waypoints_cameras_desc" : "当摄像头被设置摄像头回路时显示导航点",

    "ehi_show_waypoints_zipline" : "显示滑索导航点",
    "ehi_show_waypoints_zipline_desc" : "在使用中的滑索上显示导航点\n仅显示滑索重新可用时间",

    "ehi_show_waypoints_ecmjammer" : "显示ECM导航点",
    "ehi_show_waypoints_ecmjammer_desc" : "在激活中的电子干扰器（ECM）上显示导航点",

    "ehi_buffs_menu" : "技能/天赋效果",
    "ehi_buffs_menu_desc" : "",

    "ehi_show_buffs" : "显示效果追踪器",
    "ehi_show_buffs_desc": "在屏幕上显示技能和天赋的增益与冷却时间",

    "ehi_buffs_scale_desc" : "设置效果追踪器的大小。越大的数字意味着越大的大小，反之亦然",

    "ehi_buffs_alignment" : "对齐方式",
    "ehi_buffs_alignment_desc" : "设置效果追踪器的对齐方式",
    "ehi_buffs_alignment_1" : "左侧",
    "ehi_buffs_alignment_2" : "中间",
    "ehi_buffs_alignment_3" : "右侧",

    "ehi_buffs_shape" : "追踪器样式",
    "ehi_buffs_shape_desc" : "设置效果追踪器的显示样式",
    "ehi_buffs_shape_1" : "矩形",
    "ehi_buffs_shape_2" : "圆环",

    "ehi_buffs_show_progress" : "显示进度",
    "ehi_buffs_show_progress_desc" : "设置是否显示效果的进度\n默认以顺时针方向显示",

    "ehi_buffs_invert_progress" : "反向进度",
    "ehi_buffs_invert_progress_desc" : "启用后进度将以逆时针方向显示\n禁用时以顺时针方向显示",

    "ehi_buffs_skills_cooldown" : "显示冷却",
    "ehi_buffs_skills_duration" : "显示持续时间",
    "ehi_buffs_skills_progress" : "显示进度",
    "ehi_buffs_skills_value" : "显示数值",
    
    "ehi_buffs_skills_menu" : "技能",
    "ehi_buffs_skills_mastermind_menu" : "黑手",
    "ehi_buffs_skills_mastermind_medic_subclass" : "医疗系",
    "ehi_buffs_skills_mastermind_inspire_basic" : "激励战吼 (基础)",
    "ehi_buffs_skills_mastermind_inspire_basic_desc" : "显示呼喊队友后激励战吼的冷却时间",
    "ehi_buffs_skills_mastermind_inspire_ace" : "激励战吼 (精通)",
    "ehi_buffs_skills_mastermind_inspire_ace_desc" : "显示救起队友后激励战吼的冷却时间",
    "ehi_buffs_skills_mastermind_uppers" : "兴奋剂",
    "ehi_buffs_skills_mastermind_uppers_range" : "兴奋剂距离",
    "ehi_buffs_skills_mastermind_uppers_range_desc" : "当你在“兴奋剂”技能自动使用急救包的范围内显示",
    "ehi_buffs_skills_mastermind_uppers_range_refresh" : "距离刷新频率",
    "ehi_buffs_skills_mastermind_uppers_range_refresh_desc" : "设置每秒内刷新多少次“兴奋剂“生效距离显示",
    "ehi_buffs_skills_mastermind_quick_fix" : "应急处理",
    "ehi_buffs_skills_mastermind_painkillers" : "镇痛剂",
    "ehi_buffs_skills_mastermind_combat_medic" : "战地医师",
    "ehi_buffs_skills_mastermind_controller_subclass" : "控制系",
    "ehi_buffs_skills_mastermind_hostage_taker_muscle" : "绑架大师 / 肌肉男",
    "ehi_buffs_skills_mastermind_forced_friendship" : "强制友谊 (伤害吸收)",
    "ehi_buffs_skills_mastermind_forced_friendship_desc" : "显示”强制友谊“提供的伤害吸收量",
    "ehi_buffs_skills_mastermind_sharpshooter_subclass" : "神枪系",
    "ehi_buffs_skills_mastermind_ammo_efficiency" : "节能弹药",
    "ehi_buffs_skills_mastermind_aggressive_reload" : "迅猛装填",

    "ehi_buffs_skills_enforcer_menu" : "暴徒",
    "ehi_buffs_skills_enforcer_shotgunner_subclass" : "霰弹系",
    "ehi_buffs_skills_enforcer_overkill" : "大开杀戒",
    "ehi_buffs_skills_enforcer_underdog" : "困兽之斗",
    "ehi_buffs_skills_enforcer_tank_subclass" : "重甲系",
    "ehi_buffs_skills_enforcer_bullseye" : "正中靶心",
    "ehi_buffs_skills_enforcer_ammo_specialist_subclass" : "弹药系",
    "ehi_buffs_skills_enforcer_bulletstorm" : "子弹风暴",

    "ehi_buffs_skills_ghost_menu" : "幽灵",
    "ehi_buffs_skills_ghost_shinobi_subclass" : "忍术系",
    "ehi_buffs_skills_ghost_sixth_sense_initial" : "第六感 (启动延迟)",
    "ehi_buffs_skills_ghost_sixth_sense_marked" : "第六感 (标记单位数)",
    "ehi_buffs_skills_ghost_sixth_sense_marked_desc" : "显示有多少单位被”第六感“技能标记",
    "ehi_buffs_skills_ghost_sixth_sense_refresh" : "第六感 (刷新标记延迟)",
    "ehi_buffs_skills_ghost_artful_dodger_subclass" : "闪避系",
    "ehi_buffs_skills_ghost_dire_need" : "燃眉之急",
    "ehi_buffs_skills_ghost_silent_killer_subclass" : "消音系",
    "ehi_buffs_skills_ghost_second_wind" : "卷土重来",
    "ehi_buffs_skills_ghost_unseen_strike" : "暗中打击",
    "ehi_buffs_skills_ghost_unseen_strike_initial" : "暗中打击 (启动延迟)",

    "ehi_buffs_skills_fugitive_menu" : "逃犯",
    "ehi_buffs_skills_fugitive_gunslinger_subclass" : "快抢系",
    "ehi_buffs_skills_fugitive_trigger_happy" : "好战分子",
    "ehi_buffs_skills_fugitive_desperado" : "亡命之徒",
    "ehi_buffs_skills_fugitive_revenant_subclass" : "重生系",
    "ehi_buffs_skills_fugitive_running_from_death_reload" : "逃离死劫 (武器装填与切换)",
    "ehi_buffs_skills_fugitive_running_from_death_movement" : "逃离死劫 (移动速度)",
    "ehi_buffs_skills_fugitive_up_you_go" : "重获新生",
    "ehi_buffs_skills_fugitive_swan_song" : "天鹅绝唱",
    "ehi_buffs_skills_fugitive_brawler_subclass" : "格斗系",
    "ehi_buffs_skills_fugitive_bloodthirst" : "嗜血渴望",
    "ehi_buffs_skills_fugitive_bloodthirst_ratio" : "嗜血渴望显示比率",
    "ehi_buffs_skills_fugitive_bloodthirst_ratio_desc" : "设置累计了百分之多少的加成后显示该技能的追踪器\n将其设置为 0% 可以使该追踪器常驻\n\n默认值为 34%，在原版游戏中为6次击杀",
    "ehi_buffs_skills_fugitive_bloodthirst_reload" : "嗜血渴望 (装填加成)",
    "ehi_buffs_skills_fugitive_berserker" : "狂战士",
    "ehi_buffs_skills_fugitive_berserker_refresh" : "狂战士刷新频率",
    "ehi_buffs_skills_fugitive_berserker_refresh_desc" : "设置每秒内刷新多少次”狂战士“伤害加成效果显示",
    "ehi_buffs_skills_fugitive_berserker_format" : "狂战士显示格式",
    "ehi_buffs_skills_fugitive_berserker_format_desc" : "显示狂战士近战于远程效果的显示格式\n\n倍数: 1.4x 2.6x\n\n百分比: 140% 260%",
    "ehi_buffs_skills_fugitive_berserker_format_1" : "倍数",
    "ehi_buffs_skills_fugitive_berserker_format_2" : "百分比",
    "ehi_buffs_skills_fugitive_berserker_persistent" : "常驻狂战士显示",
    "ehi_buffs_skills_fugitive_berserker_persistent_desc" : "当血量大于狂战士触发条件时也显示狂战士效果图标",

    "ehi_buffs_perks_menu" : "天赋牌组",
    "ehi_buffs_perks_infiltrator" : "渗透者",
    "ehi_buffs_perks_infiltrator_desc" : "显示渗透者的效果与冷却",
    "ehi_buffs_perks_infiltrator_melee_cooldown" : "生命汲取",
    "ehi_buffs_perks_gambler" : "赌徒",
    "ehi_buffs_perks_gambler_desc" : "显示赌徒的效果与冷却",
    "ehi_buffs_perks_gambler_regain_health_cooldown" : "医疗补给",
    "ehi_buffs_perks_gambler_ammo_give_out_cooldown" : "弹药分享",
    "ehi_buffs_perks_grinder" : "冰球手",
    "ehi_buffs_perks_grinder_desc" : "显示冰球手的效果与冷却",
    "ehi_buffs_perks_grinder_regen_duration" : "治疗持续时间",
    "ehi_buffs_perks_grinder_stack_cooldown" : "叠加冷却时间",
    "ehi_buffs_perks_maniac" : "瘾君子",
    "ehi_buffs_perks_maniac_desc" : "显示瘾君子的效果与冷却",
    "ehi_buffs_perks_maniac_stack" : "狂乱度层数",
    "ehi_buffs_perks_maniac_stack_persistent" : "常驻显示狂乱度",
    "ehi_buffs_perks_maniac_stack_persistent_desc" : "即使狂乱度为0也显示该效果",
    "ehi_buffs_perks_maniac_stack_refresh" : "狂乱度叠加刷新频率",
    "ehi_buffs_perks_maniac_stack_refresh_desc" : "设置每秒内刷新多少次”狂乱度层数“伤害吸收效果显示",
    "ehi_buffs_perks_maniac_stack_convert_rate" : "狂乱度转化率",
    "ehi_buffs_perks_maniac_stack_decay" : "狂乱度衰减",
    "ehi_buffs_perks_anarchist" : "无政府主义者 / 军械士",
    "ehi_buffs_perks_anarchist_desc" : "显示无政府主义者 / 军械士的效果与冷却",
    "ehi_buffs_perks_anarchist_continuous_armor_regen" : "持续护甲恢复",
    "ehi_buffs_perks_anarchist_immunity" : "伤害免疫",
    "ehi_buffs_perks_anarchist_immunity_cooldown" : "免伤冷却",
    "ehi_buffs_perks_anarchist_kill_armor_regen_cooldown" : "护甲恢复冷却-造成伤害",
    "ehi_buffs_perks_expresident" : "前总统",
    "ehi_buffs_perks_expresident_desc" : "显示前总统的效果与冷却",
    "ehi_buffs_perks_expresident_stored_health" : "存储血量",
    "ehi_buffs_perks_biker" : "飞车党",
    "ehi_buffs_perks_biker_desc" : "显示飞车党的效果与冷却",
    "ehi_buffs_perks_biker_kill_counter" : "击杀计数",
    "ehi_buffs_perks_biker_kill_counter_persistent" : "常驻击杀计数",
    "ehi_buffs_perks_biker_kill_counter_persistent_desc" : "即使“击杀计数”为0也显示该效果",
    "ehi_buffs_perks_kingpin" : "首脑",
    "ehi_buffs_perks_kingpin_desc" : "显示首脑的效果与冷却",
    "ehi_buffs_perks_kingpin_injector" : "注射器",
    "ehi_buffs_perks_kingpin_injector_cooldown" : "注射器冷却",
    "ehi_buffs_perks_sicario" : "行者",
    "ehi_buffs_perks_sicario_desc" : "显示行者的效果与冷却",
    "ehi_buffs_perks_sicario_smoke_bomb" : "烟雾弹",
    "ehi_buffs_perks_sicario_smoke_bomb_cooldown" : "烟雾弹冷却",
    "ehi_buffs_perks_sicario_twitch" : "反射躲避",
    "ehi_buffs_perks_sicario_twitch_cooldown" : "躲避冷却",
    "ehi_buffs_perks_stoic" : "修士",
    "ehi_buffs_perks_stoic_desc" : "显示修士的效果与冷却",
    "ehi_buffs_perks_stoic_dot" : "随时间结算伤害",
    "ehi_buffs_perks_stoic_cooldown" : "酒壶冷却",
    "ehi_buffs_perks_tag_team" : "双人组",
    "ehi_buffs_perks_tag_team_desc" : "显示双人组的效果与冷却",
    "ehi_buffs_perks_tag_team_cooldown" : "电子烟",
    "ehi_buffs_perks_tag_team_effect" : "双人组 - 效果",
    "ehi_buffs_perks_tag_team_tagged" : "双人组 - 标记",
    "ehi_buffs_perks_hacker" : "黑客",
    "ehi_buffs_perks_hacker_desc" : "显示黑客的效果与冷却",
    "ehi_buffs_perks_hacker_pecm_cooldown" : "便携式ECM冷却",
    "ehi_buffs_perks_hacker_pecm_dodge" : "攒机设备",
    "ehi_buffs_perks_hacker_pecm_jammer" : "便携式ECM干扰",
    "ehi_buffs_perks_hacker_pecm_feedback" : "便携式ECM啸叫",
    "ehi_buffs_perks_leech" : "水蛭",
    "ehi_buffs_perks_leech_desc" : "显示水蛭的效果与冷却",
    "ehi_buffs_perks_leech_ampule" : "安瓿瓶",
    "ehi_buffs_perks_leech_ampule_cooldown" : "安瓿瓶冷却",
    "ehi_buffs_perks_copycat" : "模仿犯",
    "ehi_buffs_perks_copycat_desc" : "显示模仿犯的效果与冷却",
    "ehi_buffs_perks_copycat_head_games_cooldown" : "抢占先机冷却",
    "ehi_buffs_perks_copycat_grace_period" : "你的子弹",
    "ehi_buffs_perks_copycat_grace_period_cooldown" : "子弹反弹冷却",

    "ehi_buffs_other_menu" : "其他",
    "ehi_buffs_other_interact" : "互动",
    "ehi_buffs_other_reload" : "装填",
    "ehi_buffs_other_melee_charge" : "近战蓄力延迟",
    "ehi_buffs_other_shield_regen" : "护甲恢复延迟",
    "ehi_buffs_other_stamina" : "耐力",
    "ehi_buffs_other_dodge" : "闪避概率",
    "ehi_buffs_other_dodge_refresh" : "闪避刷新频率",
    "ehi_buffs_other_dodge_refresh_desc" : "设置每秒内刷新多少次闪避概率显示",
    "ehi_buffs_other_dodge_persistent" : "常驻闪避概率显示",
    "ehi_buffs_other_dodge_persistent_desc" : "即使你的闪避概率低于 0% 依旧会显示当前闪避概率",
    "ehi_buffs_other_crit" : "暴击概率",
    "ehi_buffs_other_crit_refresh" : "暴击刷新频率",
    "ehi_buffs_other_crit_refresh_desc" : "设置每秒内刷新多少次暴击概率显示",
    "ehi_buffs_other_crit_persistent" : "常驻暴击概率显示",
    "ehi_buffs_other_crit_persistent_desc" : "即使你的暴击概率低于 0% 依旧会显示当前闪避概率",
    "ehi_buffs_other_damage_absorption" : "伤害吸收",
    "ehi_buffs_other_damage_absorption_refresh" : "伤害吸收刷新频率",
    "ehi_buffs_other_damage_absorption_refresh_desc" : "设置每秒内刷新多少次伤害吸收显示",
    "ehi_buffs_other_damage_absorption_persistent" : "常驻伤害吸收显示",
    "ehi_buffs_other_damage_absorption_persistent_desc" : "即使你的伤害吸收低于0依旧会显示当前伤害吸收",
    "ehi_buffs_other_damage_reduction" : "伤害减免",
    "ehi_buffs_other_damage_reduction_refresh" : "伤害减免刷新频率",
    "ehi_buffs_other_damage_reduction_refresh_desc" : "设置每秒内刷新多少次伤害减免显示",
    "ehi_buffs_other_damage_reduction_persistent" : "常驻伤害伤害减免",
    "ehi_buffs_other_damage_reduction_persistent_desc" : "即使你的伤害减免低于0%依旧会显示当前伤害减免",
    "ehi_buffs_other_inspire_ai" : "鼓舞士气 (AI小队)",
    "ehi_buffs_other_regen_throwable_ai" : "有备无患 (AI小队)",
    "ehi_buffs_other_health" : "你的生命值",
    "ehi_buffs_other_armor" : "你的护甲值",

    "ehi_inventory_menu" : "库存",
    "ehi_inventory_menu_desc" : "",

    "ehi_show_inventory_detailed_description" : "显示详细库存简介",
    "ehi_show_inventory_detailed_description_desc" : "显示关于投掷物和随身装备的详细介绍",

    "ehi_hide_original_desc" : "隐藏原版简介",
    "ehi_hide_original_desc_desc" : "隐藏物品原版的简介",

    "ehi_bm_charges" : "%s次使用次数 (总计%s次)",
    "ehi_bm_charges_no_total" : "%s次使用次数",
    "ehi_bm_doctor_bag" : "恢复血量并重置倒地次数",
    "ehi_bm_doctor_bag_2" : "应急处理: 使用后$duration;秒内受到的伤害减少$multiplier",
    "ehi_bm_ammo_bag" : "优先装填副武器，主武器次之",
    "ehi_bm_ammo_bag_2" : "子弹风暴: 使用后获得至多%d秒的无限弹药(时间长短取决于你补充弹药量的多少)",
    "ehi_bm_armor_kit" : "把你选择的盔甲打包，劫案开始时你将穿着两件套西装\n使用后你的护甲将更换为你选择的护甲\n更换护甲后便无法换回西装",
    "ehi_bm_ecm_jammer" : "可以解锁电子安全门",
    "ehi_bm_ecm_jammer_2" : "可以延后回答对讲机",
    "ehi_bm_bodybags_bag" : "尸体袋可以用来移动并隐藏尸体 (潜入)",
    "ehi_bm_trip_mine" : "火焰陷阱",
    "ehi_bm_sentry_gun" : "耐久",
    "ehi_bm_sentry_gun_2" : "弹药",
    "ehi_bm_sentry_gun_3" : "可切换穿甲弹",
    "ehi_bm_sentry_gun_4" : "穿甲弹",
    "ehi_bm_sentry_gun_5" : "装有护盾",
    "ehi_bm_sentry_gun_6" : "部署消耗弹药",
    "ehi_bm_sentry_gun_7" : "偏差",
    "ehi_bm_sentry_gun_8" : "度",
    "ehi_bm_sentry_gun_silent" : "消音",
    "ehi_bm_first_aid_kit" : "仅恢复血量",
    "ehi_bm_first_aid_kit_2" : "兴奋剂: 当玩家在急救包%s米内损失所有血量时将自动使用急救包并恢复所有血量\n冷却时间: %d秒",
    "ehi_bm_grenade_crate" : "使用一次后投掷物将全部补充",
    "ehi_bm_grenade_crate_2" : "无法补充天赋牌组的投掷物",
    "ehi_bm_damage" : "伤害",
    "ehi_bm_max_damage" : "最大伤害",
    "ehi_bm_range" : "范围",
    "ehi_bm_base_cooldown" : "基础冷却时间",
    "ehi_bm_duration" : "持续时间",
    "ehi_bm_cooldown_drain" : "每次击杀将减少%s秒冷却时间",
    "ehi_bm_instant" : "瞬发",
    "ehi_bm_poison" : "毒性武器",
    "ehi_bm_fire" : "火焰",
    "ehi_bm_dot" : "持续伤害",
    "ehi_bm_dot_tick_period" : "每%s秒造成一次伤害",
    "ehi_bm_dot_chance" : "触发概率",
    "ehi_bm_explosion" : "爆炸",
    "ehi_bm_fir_com" : "先发生爆炸，随后点燃目标",
    "ehi_bm_concussion_1" : "致盲并眩晕敌方单位",
    "ehi_bm_concussion_2" : "敌人从眩晕恢复后，被致盲的单位只有本来%s%s的精准率持续%d秒",
    "ehi_bm_poison_gas_grenade_1" : "先发生爆炸，随后释放毒气",
    "ehi_bm_poison_gas_grenade_2" : "烟幕",
    "ehi_bm_sticky_grenade" : "可以黏着在物体表面或者敌人上",
    "ehi_bm_kingpin_1" : "受到伤害时治疗该次伤害%s%s的血量(使用时)",
    "ehi_bm_kingpin_2" : "周围的敌人会优先把你选作攻击目标 (使用时)",
    "ehi_bm_kingpin_3" : "血量低于%s%s后,血量恢复效果将提升%s%s (使用时)",
    "ehi_bm_kingpin_4" : "如果血量全满, 每治疗$heal;血量便额外减少$duration;秒冷却 (使用时)",
    "ehi_bm_sicario_1" : "在烟幕内,你与队友将自动躲避掉%s%s射来的子弹",
    "ehi_bm_sicario_2" : "在烟幕中的敌人精准度将减少%s%s",
    "ehi_bm_sicario_3" : "在烟幕内你所有的天赋牌组效果将增加%s%s",
    "ehi_bm_sicario_4" : "所有在烟幕中的队友将获得%s%s闪避",
    "ehi_bm_stoic_1" : "使用修士酒壶会立刻消除未结算的伤害",
    "ehi_bm_stoic_2" : "如果你的血量低于%s%s, 杀敌减少的冷却将改为%s秒而非%s",
    "ehi_bm_tagteam_1" : "你和搭档击杀的每个敌方单位将为你恢复%s血量并为搭档恢复%s血量(使用时)",
    "ehi_bm_tagteam_2_a" : "你的每次击杀将延长%s秒持续时间并减少%s秒冷却(使用时)",
    "ehi_bm_tagteam_2_b" : "你的每次击杀将延长%s秒持续时间(使用时)",
    "ehi_bm_tagteam_2_c" : "你的每次击杀将减少%s秒冷却时间(使用时)",
    "ehi_bm_tagteam_2_d" : "你的搭档每次击杀将减少%s秒冷却时间(使用时)",
    "ehi_bm_tagteam_3" : "你或你的搭档每次击杀将获得%s点伤害吸收，上限为%s(使用时)\n此效果在搭档标记结束时重置",
    "ehi_bm_hacker_1" : "每次击杀治疗你%d血量(在强袭中使用)",
    "ehi_bm_hacker_2" : "在你杀死敌人后暂时增加闪避: +%s%s闪避，持续%s秒(使用时)",
    "ehi_bm_hacker_3" : "全队击杀敌人将恢复%d血量(在强袭中使用)",
    "ehi_bm_leech_1" : "使用时立刻恢复%s%s血量",
    "ehi_bm_leech_2" : "在使用时移除你所有的护甲",
    "ehi_bm_leech_3" : "每%s次击杀将给予你%s秒无敌时间(使用时)",
    "ehi_bm_leech_4" : "将你的血量划分为%s格，每击杀%s个敌人就恢复一格(使用时)\n受到伤害时将移除一格血量\n如果该次伤害超过%s, 则移除%s格血量",
    "ehi_bm_leech_5" : "你不会倒地，但是你损失所有生命值时移动速度将降低%s%s (使用时)",
    "ehi_bm_leech_6" : "你可以在倒地时使用安瓿瓶，使用后可以暂时起身，在生效期间救起队友或者使用医疗箱并血量在0以上即可避免再次倒地",

    "ehi_other_menu" : "其它",
    "ehi_other_menu_desc" : "",

    "ehi_other_show_remaining_xp" : "显示还有多少经验升级/充满恶名池",
    "ehi_other_show_remaining_xp_desc" : "显示到下一级还要多少经验\n如你声望等级已达100，那么将显示离你恶名池充满还要多少经验，反之则显示离你下次升级还要多少经验\n需要重启劫案以应用更改",
    "ehi_other_show_remaining_xp_to_100" : "显示到声望等级100所需的经验",
    "ehi_other_show_remaining_xp_to_100_desc" : "显示距离你声望等级升级至100还要多少经验 (当你声望等级未达100时显示)",

    "ehi_other_show_mission_xp_overview" : "显示合约任务经验概览",
    "ehi_other_show_mission_xp_overview_desc" : "在合约简报上显示一个含有你可以获得的经验的界面",
    
    "ehi_other_show_floating_health_bar" : "显示浮动血条",
    "ehi_other_show_floating_health_bar_desc" : "在你瞄向目标时显示其生命值",

    "ehi_colors_menu" : "颜色",
    "ehi_colors_menu_desc" : "更改颜色",

    "ehi_colors_tracker_waypoint" : "追踪器 / 导航点",

    "ehi_colors_inaccurate" : "误差",
    "ehi_colors_inaccurate_desc" : "当追踪器/导航点不准确时更改文本颜色",

    "ehi_colors_pause" : "暂停",
    "ehi_colors_pause_desc" : "当追踪器暂停时改变文本颜色",

    "ehi_colors_drill_autorepair" : "钻机/电锯自动重启",
    "ehi_colors_drill_autorepair_desc" : "当钻机/电锯可以自动修复时更改图标颜色",

    "ehi_colors_warning" : "警告",
    "ehi_colors_warning_desc" : "设定追踪器剩余时间小于10秒时的文本动画颜色",

    "ehi_colors_completion" : "完成",
    "ehi_colors_completion_desc" : "设定追踪器剩余时间小于10秒时的文本动画颜色",
    
    "ehi_colors_mission_briefing" : "任务简报",

    "ehi_colors_loot_secured" : "劫获战利品",
    "ehi_colors_loot_secured_desc" : "设置劫获战利品的颜色",

    "ehi_colors_total_xp" : "总计经验",
    "ehi_colors_total_xp_desc" : "设置总计经验的颜色",

    "ehi_colors_optional" : "可选目标",
    "ehi_colors_optional_desc" : "设置非必要的目标的颜色\n但完成这些目标会有奖励",

    "ehi_colors_achievement" : "成就",
    "ehi_colors_achievement_desc" : "设置追踪器正在追踪成就时图标的颜色",

    "ehi_colors_sidejob" : "额外挑战",
    "ehi_colors_sidejob_desc" : "设置追踪器正在追踪额外挑战时图标的颜色",

    "ehi_colors_trophy" : "安全屋奖杯",
    "ehi_colors_trophy_desc" : "设置追踪器正在追踪安全屋奖杯时图标的颜色",

    "ehi_experience_infamy_pool" : "距恶名池满:",
    "ehi_experience_next_level" : "距下一级还有:",
    "ehi_experience_100_in" : "距满级还有:",
    "ehi_experience_xp_overview" : "经验概览:",
    "ehi_experience_xp" : "经验",
    "ehi_experience_total_xp" : "总计经验: ",
    "ehi_experience_all_gage_packages" : "集齐盖奇包：",
    "ehi_experience_stealth" : "潜入",
    "ehi_experience_loud" : "强袭",
    "ehi_experience_c4_used" : "使用C4",
    "ehi_experience_to_secure" : "劫获: $amount",
    "ehi_experience_xp_bonus" : "额外经验",
    "ehi_experience_mandatory_bags" : "必须$count;包",
    "ehi_experience_additional_bag" : "额外包数",
    "ehi_experience_trigger_times" : "最多$times;次",
    "ehi_experience_random_objectives" : "随机目标($count;):",
    "ehi_experience_random_objectives_no_count" : "随机目标:",
    "ehi_experience_or" : "---或---",
    "ehi_experience_modifier_projob" : "专家级",
    "ehi_experience_heli_escape" : "直升机撤离",
    "ehi_experience_loud_escape" : "强袭撤离",
    "ehi_experience_stealth_escape" : "潜入撤离",
    "ehi_experience_escape" : "撤离",
    "ehi_experience_each_goat_secured" : "每个劫获的山羊",
    "ehi_experience_each_loot_secured" : "每个劫获的战利品",
    "ehi_experience_loot_any" : "任意",
    "ehi_experience_loot_else" : "其它战利品",
    "ehi_experience_loot_secured" : "劫获战利品",
    "ehi_experience_each_wave_survived" : "每个突击波次存活",
    "ehi_experience_wave_survived" : "通过第$wave;波: ",
    "ehi_experience_vault_found" : "找到金库",
    "ehi_experience_vault_open" : "打开金库",
    "ehi_experience_turret_secured" : "劫获炮塔",
    "ehi_experience_pc_found" : "找到PC",
    "ehi_experience_pc_hack" : "黑入PC",
    "ehi_experience_correct_pc_hack" : "黑入正确PC",
    "ehi_experience_c4_set_up" : "放置C4",
    "ehi_experience_cage_assembled" : "组装笼子",
    "ehi_experience_vault_drill_done" : "钻开金库",
    "ehi_experience_vault_drills_done" : "钻开金库",
    "ehi_experience_thermaldrill_done" : "热力钻机钻开金库",
    "ehi_experience_saw_done" : "电锯完成",
    "ehi_experience_saws_done" : "电锯完成",
    "ehi_experience_timelock_done" : "定时锁完成",
    "ehi_experience_phone_answered" : "回答电话",
    "ehi_experience_all_bags_destroyed" : "摧毁所有战利品($carry;)",
    "ehi_experience_mallcrasher" : "摧毁商场/撤离",
    "ehi_experience_safe_event_done" : "完成保险箱事件",
    "ehi_experience_present_finished" : "礼物制作完成",
    "ehi_experience_van_open" : "打开货车",
    "ehi_experience_shoe_storage_enter" : "进入储物间(鞋子)",
    "ehi_experience_shoe_backroom_enter" : "进入后台储藏室(鞋子)",
    "ehi_experience_shoe_collected" : "劫获鞋子",
    "ehi_experience_necklace_collected" : "劫获项链",
    "ehi_experience_toy_found" : "找到小锡人 (可能在购物袋中)",
    "ehi_experience_toy_collected" : "劫获小锡人",
    "ehi_experience_vr_collected" : "劫获VR",
    "ehi_experience_wine_collected" : "劫获红酒",
    "ehi_experience_flare" : "放置信号弹",
    "ehi_experience_c4_drop" : "投放C4",
    "ehi_experience_heli_arrival" : "直升机抵达",
    "ehi_experience_wires_attached" : "接线完成",
    "ehi_experience_all_bags_secured" : "劫获全部战利品",
    "ehi_experience_thermite_done" : "铝热剂完成",
    "ehi_experience_watchdogs2_bonus_xp" : "劫获3个任务指定战利品后额外战利品奖励经验",
    "ehi_experience_fs_secured_required_bags" : "劫获任务战利品",
    "ehi_experience_fs_burned_required_bags" : "摧毁任务战利品",
    "ehi_experience_rats_lab_exploded" : "实验室爆炸",
    "ehi_experience_rats_3_bags_cooked" : "制毒3包",
    "ehi_experience_rats_all_7_bags_cooked" : "制作7包毒品",
    "ehi_experience_rats2_info_destroyed" : "摧毁情报",
    "ehi_experience_rats2_trade" : "交易",
    "ehi_experience_rats2_trade_and_steal" : "交易后偷回",
    "ehi_experience_big_oil_intel_pickup" : "拿取情报",
    "ehi_experience_big_oil2_correct_engine" : "找到正确引擎",
    "ehi_experience_ff3_item_deployed" : "在屋顶放置设备",
    "ehi_experience_ff3_cocaine_placed" : "放置可卡因",
    "ehi_experience_ff3_gold_secured" : "劫获黄金",
    "ehi_experience_ed1_tag_right_truck" : "标记正确卡车",
    "ehi_experience_ed1_hack_1" : "黑入第一台PC",
    "ehi_experience_ed1_hack_2" : "黑入第二台PC",
    "ehi_experience_hm1_mobsters_killed" : "杀死俄罗斯黑手党成员",
    "ehi_experience_hm1_cars_destroyed" : "摧毁车辆",
    "ehi_experience_hm1_gas_station_destroyed" : "摧毁加油站",
    "ehi_experience_hm1_hatch_open" : "打开地窖",
    "ehi_experience_hm1_correct_barcode_scanned" : "扫描正确条形码",
    "ehi_experience_hm1_meth_cooked" : "制毒1包",
    "ehi_experience_hm2_enter_building" : "进入建筑",
    "ehi_experience_hm2_hostage_rescued" : "救援人质",
    "ehi_experience_hm2_yellow_gate_open" : "打开黄门",
    "ehi_experience_hm2_magnetic_door_open" : "打开磁力门",
    "ehi_experience_hm2_enter_apartment" : "进入“政委”的公寓",
    "ehi_experience_hm2_commissar_dead" : "杀死“政委”",
    "ehi_experience_hox1_first_corner" : "到达第一个街角",
    "ehi_experience_hox1_second_corner" : "到达第二个街角",
    "ehi_experience_hox1_blockade_cleared" : "清除障碍",
    "ehi_experience_hox1_parking_gate_open" : "拿取停车票",
    "ehi_experience_hox1_parking_car_reached_garages" : "装甲车辆抵达停车场",
    "ehi_experience_hox2_reached_server_room" : "霍斯顿进入机房",
    "ehi_experience_hox2_random_obj" : "完成随机任务目标",
    "ehi_experience_hox2_no_keycard_bonus_xp" : "不使用钥匙卡",
    "ehi_experience_hox3_vault_objective" : "解除金库安保措施",
    "ehi_experience_hox3_traitor_killed" : "杀死叛徒",
    "ehi_experience_mus_powerboxes" : "禁用警报盒",
    "ehi_experience_mus_first_timelock" : "完成第一个定时锁",
    "ehi_experience_mus_second_timelock" : "完成第二个定时锁",
    "ehi_experience_mus_no_gas_trap" : "在蓝钻房间内不触发毒气陷阱",
    "ehi_experience_alesso_find_c4" : "找到C4",
    "ehi_experience_alesso_pyro_set" : "设置焰火",
    "ehi_experience_ggc_gear_found" : "找到你的装备",
    "ehi_experience_ggc_blueprint_found" : "找到蓝图",
    "ehi_experience_ggc_blueprint_send" : "发送蓝图",
    "ehi_experience_ggc_got_data" : "使用U盘",
    "ehi_experience_ggc_civie_drugged" : "给贵宾下药",
    "ehi_experience_ggc_gas_planted" : "部署催眠气体",
    "ehi_experience_ggc_color_code" : "找到一个颜色密码",
    "ehi_experience_ggc_laser_disabled" : "关闭金库镭射",
    "ehi_experience_ggc_locker_room_found" : "找到更衣室",
    "ehi_experience_ggc_c4_taken" : "拿走C4",
    "ehi_experience_ggc_weak_spot_found" : "找到薄弱点",
    "ehi_experience_ggc_winch_part_picked_up" : "拿取绞盘零件",
    "ehi_experience_ggc_winch_set_up" : "设置绞盘",
    "ehi_experience_ggc_fireworks" : "发射烟花",
    "ehi_experience_ggc_winch_connected_to_bfd" : "连接绞盘与暴风巨钻",
    "ehi_experience_ggc_bfd_lowered" : "降下暴风巨钻",
    "ehi_experience_ggc_bfd_in_position" : "暴风巨钻就位",
    "ehi_experience_ggc_bfd_started" : "启动暴风巨钻",
    "ehi_experience_ggc_bfd_done" : "暴风巨钻完成",
    "ehi_experience_the_bomb_open_dock_gate" : "打开闸门",
    "ehi_experience_the_bomb_find_coordinates" : "找到船长室号码",
    "ehi_experience_the_bomb_call_captain" : "呼叫船长移动船只",
    "ehi_experience_the_bomb_find_bomb" : "找到炸弹",
    "ehi_experience_the_bomb_blowup_dock_gate" : "炸毁闸门",
    "ehi_experience_the_bomb2_vault_filled" : "将水注满金库",
    "ehi_experience_scarface_got_usb" : "找到U盘",
    "ehi_experience_scarface_entered_house" : "进入庄园",
    "ehi_experience_scarface_shutters_open" : "打开屏障",
    "ehi_experience_scarface_searched_planted_yayo" : "搜索可可精",
    "ehi_experience_scarface_made_a_call" : "呼叫索萨开门",
    "ehi_experience_scarface_gathered_all_paintings" : "收集所有画作",
    "ehi_experience_scarface_all_cars_hooked_up" : "将3辆豪车与直升机连接",
    "ehi_experience_scarface_defeated_security" : "击败索萨的安保措施",
    "ehi_experience_scarface_entered_sosa_office" : "进入索萨办公室",
    "ehi_experience_scarface_sosa_killed" : "杀死索萨",
    "ehi_experience_counterfeit_found_sus_doors" : "找到可疑入口",
    "ehi_experience_counterfeit_first_hack_finish" : "第一个黑入完成",
    "ehi_experience_counterfeit_defuse_c4" : "拆除C4",
    "ehi_experience_counterfeit_printed_money" : "每包伪钞额外经验奖励",
    "ehi_experience_fwb_server_room_open" : "打开机房",
    "ehi_experience_fwb_rewired_circuit_box" : "重接电箱",
    "ehi_experience_fwb_found_code" : "找到安全密码",
    "ehi_experience_fwb_gates_open" : "打开金库门",
    "ehi_experience_fwb_c4_escape" : "炸毁墙壁（逃跑路线）",
    "ehi_experience_fwb_overdrill" : "OVERDRILL超级钻机",
    "ehi_experience_murky_station_equipment_found" : "找到装备",
    "ehi_experience_murky_station_found_emp_part" : "找到EMP部件",
    "ehi_experience_boiling_point_radar_blown_up" : "炸毁雷达",
    "ehi_experience_boiling_point_emp_triggered" : "EMP爆炸",
    "ehi_experience_boiling_point_gas_off_hand_taken" : "关闭毒气/取走手掌",
    "ehi_experience_boiling_point_scan_finished" : "扫描完成",
    "ehi_experience_boiling_point_grabbed_server" : "拿走服务器",
    "ehi_experience_gs_start" : "因为BUG在任务开始时给予经验",
    "ehi_experience_gs_drill_open_store" : "钻开上锁的商店",
    "ehi_experience_gs_turn_off_powerbox" : "关闭电箱",
    "ehi_experience_gs_clear_fire_debris" : "清理火灾现场",
    "ehi_experience_gs_saw_lightpost" : "锯断灯柱",
    "ehi_experience_gs2_cage_drop" : "投放笼子",
    "ehi_experience_gs2_cage_grabbed" : "拿取笼子",
    "ehi_experience_gs2_arrived_on_bridge" : "到达桥上",
    "ehi_experience_gs2_drilled_door" : "钻开桥梁控制室",
    "ehi_experience_gs2_bridge_rotated" : "桥调整完毕",
    "ehi_experience_gs2_peta_5" : "完成'悲惨农夫'成就",
    "ehi_experience_car_shop_car_secured" : "劫获车辆",
    "ehi_experience_biker_mike_in_the_trailer" : "护送麦克（机械师）到卡车",
    "ehi_experience_biker_seat_collected" : "收集座椅",
    "ehi_experience_biker_skull_collected" : "收集骷髅头",
    "ehi_experience_biker_exhaust_pipe_collected" : "收集排气管",
    "ehi_experience_biker_engine_collected" : "收集引擎",
    "ehi_experience_biker_tools_collected" : "收集工具",
    "ehi_experience_biker_cola_collected" : "收集饮料",
    "ehi_experience_biker_help_mike_garage" : "掩护在车库的麦克",
    "ehi_experience_biker_defend_mike" : "掩护在卡车上的麦克",
    "ehi_experience_biker2_boss_dead" : "击杀首领",
    "ehi_experience_panic_room_found" : "找到避难室",
    "ehi_experience_panic_room_killed_all_snipers" : "清理所有狙击手",
    "ehi_experience_panic_room_roof_secured" : "清空屋顶",
    "ehi_experience_panic_room_magnet_attached" : "连接磁铁",
    "ehi_experience_panic_room_defended_heli" : "保卫直升机",
    "ehi_experience_prison_entered" : "进入监狱",
    "ehi_experience_brooklyn_1010_opened_door_to_roof" : "打开前往邻楼的门",
    "ehi_experience_brooklyn_1010_secured_briefcase" : "收集公文包",
    "ehi_experience_brooklyn_1010_used_zipline" : "使用滑索",
    "ehi_experience_undercover_deal_stealth" : "完成交易",
    "ehi_experience_undercover_deal_loud" : "打断交易",
    "ehi_experience_undercover_limo_open" : "打开挡板",
    "ehi_experience_undercover_taxman_is_in_chair" : "护送税务官到椅子",
    "ehi_experience_undercover_hack_fixed" : "恢复黑入",
    "ehi_experience_slaughterhouse_entered" : "进入屠宰场",
    "ehi_experience_slaughterhouse_tires_burn" : "制造烟幕",
    "ehi_experience_slaughterhouse_trap_lifted" : "准备陷阱",
    "ehi_experience_slaughterhouse_gold_lifted" : "运走黄金",
    "ehi_experience_lab_rats_added_ephedrin_pill" : "加入麻黄素药丸",
    "ehi_experience_lab_rats_added_correct_ingredient" : "添加所有正确材料",
    "ehi_experience_lab_rats_bagged_meth" : "每个打包的冰毒",
    "ehi_experience_lab_rats_safe_event_1" : "完成保险箱事件并获得珠宝和现金",
    "ehi_experience_lab_rats_safe_event_2" : "完成保险箱事件并获得画作和可卡因",
    "ehi_experience_lab_rats_safe_event_3" : "完成保险箱事件并获得其它战利品",
    "ehi_experience_btm_blasted_entrance" : "冲入大门",
    "ehi_experience_btm_used_keycard" : "使用钥匙卡",
    "ehi_experience_btm_request_approved" : "批准访问请求",
    "ehi_experience_btm_vault_open_loot" : "打开金库内有战利品",
    "ehi_experience_btm_destroyed_comm" : "摧毁雷达",
    "ehi_experience_btm_heli_refueled" : "给直升机加油",
    "ehi_experience_bos_cargo_door_open" : "打开舱门",
    "ehi_experience_bos_money_released" : "解绑飞机上的现金",
    "ehi_experience_bos_money_pallet_found" : "找到完整的一捆现金",
    "ehi_experience_bos_found_scattered_money" : "找到散落的现金",
    "ehi_experience_bos_heli_picked_up_money" : "直升机运走现金",
    "ehi_experience_heat_street_reached_crashsite" : "到达车祸现场",
    "ehi_experience_heat_street_reached_parking" : "到达停车场",
    "ehi_experience_heat_street_reached_hill" : "到达天桥上方",
    "ehi_experience_green_bridge_prisoner_found" : "找到囚犯",
    "ehi_experience_green_bridge_prisoner_escorted" : "护送囚犯到脚手架",
    "ehi_experience_green_bridge_prisoner_defended" : "在脚手架上保护囚犯",
    "ehi_experience_alaskan_deal_crew_saved" : "救援船员",
    "ehi_experience_alaskan_deal_captain_reached_boat" : "船长上船",
    "ehi_experience_alaskan_deal_boat_fueled" : "船只加油完毕",
    "ehi_experience_diamond_heist_boxes_hack" : "黑入所有电路盒",
    "ehi_experience_diamond_heist_found_color_codes" : "找齐3个带颜色密码",
    "ehi_experience_diamond_heist_found_keycard" : "找到钥匙卡",
    "ehi_experience_diamond_heist_cfo_in_heli" : "护送CFO上直升机",
    "ehi_experience_rvd1_defended_warehouse" : "坚守仓库",
    "ehi_experience_rvd1_escorted_pink" : "护送粉先生进入仓库",
    "ehi_experience_rvd2_hacking_done" : "黑入完成",
    "ehi_experience_rvd2_vault_frozen" : "液氮冷冻完毕",
    "ehi_experience_brb_medallion_taken" : "拿取奖章",
    "ehi_experience_breakin_feds_found_garret_office" : "找到加内特的办公室",
    "ehi_experience_breakin_feds_lure" : "将加内特引出办公室",
    "ehi_experience_breakin_feds_entered_office" : "进入加内特的办公室",
    "ehi_experience_breakin_feds_safe_found" : "找到隐藏保险箱",
    "ehi_experience_henrys_rock_first_mission_bag_on_belt" : "将第一个目标战利品放上传输带",
    "ehi_experience_henrys_rock_drilled_archaelogy_door" : "钻开考古研究室的门",
    "ehi_experience_henrys_rock_archaelogy_chest_open" : "打开箱子",
    "ehi_experience_henrys_rock_made_concoction" : "在实验室制作混合物",
    "ehi_experience_henrys_rock_weapon_fired" : "在武器实验室发射武器",
    "ehi_experience_henrys_rock_crane" : "起重机运达板条箱",
    "ehi_experience_sah_entered_vault_code" : "输入密码打开金库",
    "ehi_experience_sah_retrieved_tablet" : "取走黑色石板",
    "ehi_experience_bph_found_control_room" : "找到总控室",
    "ehi_experience_bph_opening_correct_cell" : "打开贝恩的牢房",
    "ehi_experience_bph_follow_bain" : "跟随贝恩穿过监区",
    "ehi_experience_bph_met_on_rooftop" : "在屋顶与贝恩汇合",
    "ehi_experience_bph_extended_bridge" : "延展桥面",
    "ehi_experience_bph_helipad_is_accessible" : "打开通往直升机坪的通道",
    "ehi_experience_nmh_cameras_taken_out" : "摧毁摄像头",
    "ehi_experience_nmh_keep_hostages_down" : "控制人质",
    "ehi_experience_nmh_found_patients_file" : "找到患者档案",
    "ehi_experience_nmh_set_up_fake_sentries" : "部署假哨戒机枪",
    "ehi_experience_nmh_found_correct_patient" : "切断正确电线",
    "ehi_experience_nmh_icu_open" : "锯开ICU",
    "ehi_experience_nmh_saw_patient_room" : "病房前电锯工作完毕",
    "ehi_experience_nmh_valid_sample" : "获得有效样本",
    "ehi_experience_nmh_elevator_arrived" : "电梯到达",
    "ehi_experience_nmh_exit_elevator" : "逃出电梯",
    "ehi_experience_twh_entered" : "进入白宫",
    "ehi_experience_twh_wireboxes_hacked" : "黑入电线盒",
    "ehi_experience_twh_wireboxes_cut" : "切断电线盒",
    "ehi_experience_twh_enter_west_wing" : "进入西翼厅",
    "ehi_experience_twh_found_thermite" : "找到铝热剂",
    "ehi_experience_twh_enter_oval_office" : "进入椭圆办公室",
    "ehi_experience_twh_safe_open" : "打开保险箱",
    "ehi_experience_twh_access_peoc" : "找到进入总统应急行动中心的方法",
    "ehi_experience_twh_mainframe_hacked" : "黑入主机",
    "ehi_experience_twh_pardons_stolen" : "偷走特赦令",
    "ehi_experience_twh_left_peoc" : "离开总统应急行动中心",
    "ehi_experience_twh_disable_aa" : "瘫痪防空系统",
    "ehi_experience_twh_secret" : "隐藏结局",
    "ehi_experience_mex1_red_door_found" : "找到红门",
    "ehi_experience_mex1_tunnel_found" : "找到隧道入口",
    "ehi_experience_mex1_explosives_found" : "找到炸药",
    "ehi_experience_mex1_tunnel_open" : "打开隧道",
    "ehi_experience_mex1_plane_found" : "找到飞机",
    "ehi_experience_mex1_secured_mandatory_bags" : "劫获足量指定战利品",
    "ehi_experience_mex1_started_fueling" : "开始给飞机加油",
    "ehi_experience_mex1_hose_detached" : "拔出加油管",
    "ehi_experience_mex2_found_managers_safe" : "找到经理的保险箱",
    "ehi_experience_mex2_picked_up_tape" : "拿走胶带",
    "ehi_experience_mex2_used_tape" : "在茶杯上使用胶带",
    "ehi_experience_mex2_picked_up_keychain" : "找到金库钥匙串",
    "ehi_experience_mex2_found_manual" : "找到手册",
    "ehi_experience_mex2_it_guy_escorted" : "护送IT人员到服务器机房",
    "ehi_experience_mex2_beast_arrived" : "野兽钻机运达",
    "ehi_experience_mex3_found_rfid_tag" : "拿走已编码的射频识别标签",
    "ehi_experience_mex3_found_cells" : "找到牢房",
    "ehi_experience_mex3_armory_opened" : "打开军械库",
    "ehi_experience_mex3_handcuffs_cut" : "切断锁链",
    "ehi_experience_mex3_hajrudin_found_his_car" : "护送赫鲁丁到他的车",
    "ehi_experience_mex3_evidence_opened" : "打开证物室",
    "ehi_experience_mex3_evidence_burned" : "烧毁证物",
    "ehi_experience_mex4_found_bulucs_office" : "找到布鲁克的办公室",
    "ehi_experience_mex4_found_inner_sanctum" : "找到“内部净土”",
    "ehi_experience_mex4_discover_keycard_holder_mask_list" : "发现持有钥匙卡的警卫或面具名单(如找到钥匙卡门)",
    "ehi_experience_mex4_found_keycard" : "找到钥匙卡(如找到钥匙卡门)",
    "ehi_experience_mex4_inner_sanctum_open" : "打开“内部净土”",
    "ehi_experience_mex4_codex_room_open" : "打开秘密会议室门",
    "ehi_experience_mex4_bulucs_office_open" : "打开布鲁克办公室门",
    "ehi_experience_mex4_interacted_with_safe" : "打开保险箱",
    "ehi_experience_mex4_contact_list_stolen_stealth" : "偷走联系人名单",
    "ehi_experience_mex4_found_car_keys" : "找到车钥匙",
    "ehi_experience_mex4_found_all_bomb_parts_hack_start" : "集齐炸弹零件/开始黑入",
    "ehi_experience_mex4_inner_sanctum_open_bomb" : "炸开“内部净土”",
    "ehi_experience_mex4_saw_placed" : "在秘密会议室门上部署电锯",
    "ehi_experience_mex4_contact_list_stolen_car_escape" : "偷走联系人名单",
    "ehi_experience_mex4_turret_discovered_car_escape" : "发现警方机枪塔",
    "ehi_experience_mex4_turret_destroyed_car_escape" : "摧毁机枪塔",
    "ehi_experience_mex4_flare_lit_heli_escape" : "点亮信号弹",
    "ehi_experience_mex4_boat_escape" : "小船",
    "ehi_experience_mex4_car_escape" : "车辆",
    "ehi_experience_mex4_heli_escape" : "直升机",
    "ehi_experience_china1_alarm_disabled" : "解除警报",
    "ehi_experience_china1_found_basement_door" : "找到通往地下室的门",
    "ehi_experience_china1_enter_warehouse" : "进入仓库",
    "ehi_experience_china1_auction_room_stealth" : "关闭拍卖间的灯光",
    "ehi_experience_china1_vault_gate_open" : "打开金库门",
    "ehi_experience_china1_dragon_statue_picked_up" : "打包金龙雕像",
    "ehi_experience_china1_dragon_statue_secured" : "劫获金龙雕像",
    "ehi_experience_china1_vault_pc_hack" : "黑入金库旁的电脑（可选）",
    "ehi_experience_china1_found_forklift_keys" : "找到叉车钥匙",
    "ehi_experience_china1_pick_up_thermal_drill" : "拾起运达的热力钻机",
    "ehi_experience_china1_placed_thermal_drill" : "放置热力钻机",
    "ehi_experience_china1_gas_disabled" : "阻止或中断毒气攻击",
    "ehi_experience_china1_auction_room_loud" : "黑入拍卖间系统",
    "ehi_experience_china2_entered_dockyard" : "进入码头",
    "ehi_experience_china2_found_vlad" : "通过摄像头找到弗拉德",
    "ehi_experience_china2_hacked_into_control_room" : "黑入控制室大门",
    "ehi_experience_china2_downloaded_manifest" : "下载仓库清单",
    "ehi_experience_china2_found_warehouse_with_vlad" : "找到关押弗拉德的仓库",
    "ehi_experience_china2_found_foremans_office" : "找到工头办公室（如需钥匙卡）",
    "ehi_experience_china2_called_foremans_extension" : "呼叫工头的分机（如需钥匙卡）",
    "ehi_experience_china2_lured_foreman_out" : "将工头引出办公室（如需钥匙卡）",
    "ehi_experience_china2_found_keycard_keypad_keycode" : "找到钥匙卡/小键盘/密码",
    "ehi_experience_china2_warehouse_open" : "打开仓库",
    "ehi_experience_china2_opened_vlads_container" : "打开弗拉德所在的集装箱",
    "ehi_experience_china2_cut_vlad_free" : "解救弗拉德",
    "ehi_experience_china2_gathered_at_the_security_gate" : "在安检处集合",
    "ehi_experience_china2_inject_adrenaline" : "注射肾上腺素",
    "ehi_experience_china2_vlad_at_security_gate" : "弗拉德到达安检门",
    "ehi_experience_china2_second_path" : "到达码头办公室（走右侧路线）",
    "ehi_experience_china2_found_it_room" : "找到机房",
    "ehi_experience_china2_copied_documents" : "把文档复制到U盘上",
    "ehi_experience_china2_lowered_bollards" : "降下护柱",
    "ehi_experience_china2_ramp" : "抵达坡道",
    "ehi_experience_china2_ramp_raised" : "升起坡道",
    "ehi_experience_china2_final_area" : "到达码头的最终区域",
    "ehi_experience_china2_route_done" : "护送弗拉德",
    "ehi_experience_china2_signaled_jiu_feng" : "给九凤发撤离信号",
    "ehi_experience_china2_escape_arrived" : "撤离抵达",
    "ehi_experience_china2_resuscitated_vlad" : "复苏弗拉德",
    "ehi_experience_china2_harddrive_taken" : "拿走硬盘",
    "ehi_experience_china2_found_fireworks" : "找到烟花",
    "ehi_experience_china2_placed_fireworks" : "放置烟花",
    "ehi_experience_china3_met_insider" : "与内应碰面",
    "ehi_experience_china3_found_insider_info" : "打开内应提供的公文包",
    "ehi_experience_china3_guest_entrance" : "如果选择访客通道",
    "ehi_experience_china3_crew_deck_entrance" : "如果选择船员通道",
    "ehi_experience_china3_found_lideng_or_xunkang" : "找到李登或讯康",
    "ehi_experience_china3_found_lideng_safe" : "找到李登的隐藏保险箱",
    "ehi_experience_china3_found_xunkang" : "找到讯康(找到李登后)",
    "ehi_experience_china3_bugged_meeting" : "安装窃听装置",
    "ehi_experience_china3_found_phone_number" : "找到讯康的新电话号码",
    "ehi_experience_china3_guards_distracted" : "引开金库旁的警卫",
    "ehi_experience_china3_lifeboat_lowered" : "降下救生艇",
    "ehi_experience_china3_glass_broken" : "损坏会议室玻璃",
    "ehi_experience_china3_glass_destroyed" : "打破会议室玻璃",
    "ehi_experience_china3_got_xunkang_hand" : "拿走讯康的手",
    "ehi_experience_china3_firewall_disabled" : "禁用防火墙",
    "ehi_experience_china3_vault_empty" : "劫获或销毁多余现金",
    "ehi_experience_china3_signaled_heli" : "示意撤离直升机",
    "ehi_experience_china3_wall_exploded" : "爆破金库墙",
    "ehi_experience_china3_vault_out" : "移动金库",
    "ehi_experience_china3_got_rid_of_police_heli" : "摆脱警卫队的直升机",
    "ehi_experience_china3_vault_secured" : "劫获金库",
    "ehi_experience_china3_boat_escape" : "小船撤离就绪",
    "ehi_experience_china3_c4_route" : "C4路线经验",
    "ehi_experience_china3_c4" : "C4路线",
    "ehi_experience_china3_most_xp" : "最多经验",
    "ehi_experience_china4_infiltrate_the_building" : "进入大楼",
    "ehi_experience_china4_flip_correct_switches" : "正确打开开关",
    "ehi_experience_china4_call_elevator_from_basement" : "在地下室呼叫电梯",
    "ehi_experience_china4_disable_elevator_power" : "关闭电梯电源",
    "ehi_experience_china4_elevator_shaft" : "在电梯井乘坐滑索上楼",
    "ehi_experience_china4_get_on_cleaning_platform" : "走上擦窗平台",
    "ehi_experience_china4_found_hidden_server_room" : "找到隐藏服务器机房",
    "ehi_experience_china4_steal_harddrive" : "偷走硬盘",
    "ehi_experience_china4_decrypt_harddrive" : "解密硬盘",
    "ehi_experience_china4_fire_alarm_on" : "触发火警",
    "ehi_experience_china4_triad_leader_killed" : "杀死三合会领导",
    "ehi_experience_china4_hack_building_security" : "黑入大楼安全系统",
    "ehi_experience_china4_restart_and_call_elevator" : "重启并呼叫电梯",
    "ehi_experience_china4_force_open_penthouse_door" : "破拆公寓大门",
    "ehi_experience_china4_put_thermite" : "在门上放置铝热剂",
    "ehi_experience_china4_car_is_in_position" : "车辆就位",
    "ehi_experience_china4_car_is_ready" : "发动车辆并加满油",
    "ehi_experience_china4_car_smashed_through" : "车撞开大门",
    "ehi_experience_china4_thermite_route" : "铝热剂",
    "ehi_experience_china4_defend_lights" : "坚守避障灯",
    "ehi_experience_texas1_entered_ranch_house" : "进入牧场小屋",
    "ehi_experience_texas1_found_laptop" : "找到埃斯特班的笔记本电脑",
    "ehi_experience_texas1_collected_biometrics" : "收集埃斯特班的指纹或声音样本",
    "ehi_experience_texas1_gates_open" : "打开前往工坊的大门",
    "ehi_experience_texas1_picked_up_weapons" : "收集武器",
    "ehi_experience_texas1_sabotaged_workbenches" : "破坏工作台",
    "ehi_experience_texas1_entered_office" : "找到并进入埃斯特班的办公室",
    "ehi_experience_texas1_laptop_decrypted" : "解密笔记本电脑",
    "ehi_experience_texas1_found_gates_workshop" : "找到通向工坊的大门",
    "ehi_experience_texas1_fulton_cage_assembled" : "组装富尔顿回收系统",
    "ehi_experience_texas1_defended_fulton_cage" : "坚守富尔顿系统直到其撤离",
    "ehi_experience_texas2_used_walkie_talkie" : "使用对讲机",
    "ehi_experience_texas2_enter_rail_yard" : "进入铁路车厂",
    "ehi_experience_texas2_got_inside_office" : "进入管理员办公室",
    "ehi_experience_texas2_found_motion_sensor" : "找到运动传感器",
    "ehi_experience_texas2_motion_sensor_disabled" : "禁用运动传感器",
    "ehi_experience_texas2_found_correct_wagon" : "找到正确的车厢",
    "ehi_experience_texas2_use_pa_system" : "使用PA系统",
    "ehi_experience_texas2_loco_prepared" : "准备出发的机车",
    "ehi_experience_texas2_rotated_the_turntable" : "旋转调度转盘",
    "ehi_experience_texas2_used_thermite" : "使用铝热剂",
    "ehi_experience_texas2_blocked_train_tracks" : "阻止列车离开",
    "ehi_experience_texas2_crane_moved" : "移动吊臂",
    "ehi_experience_texas2_crane_attached" : "吊臂连接机车",
    "ehi_experience_texas2_loco_moved" : "机车移动完毕",
    "ehi_experience_texas2_loco_started" : "启动引擎",
    "ehi_experience_texas3_evidences_found" : "找到证据",
    "ehi_experience_texas3_prototype_secured" : "劫获原型机",
    "ehi_experience_texas3_documents_secured" : "劫获研究文件",
    "ehi_experience_texas3_lab_destroyed" : "摧毁实验室",
    "ehi_experience_texas3_escape_1" : "撤离(检查员未到场/警方机枪塔未部署)",
    "ehi_experience_texas3_escape_2" : "撤离(检查员到场/警方已部署机枪塔)",
    "ehi_experience_texas4_found_server_room" : "找到服务器机房",
    "ehi_experience_texas4_accessed_security_computer" : "访问服务器机房的电脑",
    "ehi_experience_texas4_updated_docking_schedule" : "更新输油计划表",
    "ehi_experience_texas4_found_the_purest_sample" : "找到最纯的原油样本",
    "ehi_experience_texas4_found_the_good_sample" : "找到合格的原油样本",
    "ehi_experience_texas4_entered_the_processing_area" : "进入处理区",
    "ehi_experience_texas4_crane_lowered" : "放下起重机",
    "ehi_experience_texas4_pipeline_connected" : "连接输油管",
    "ehi_experience_texas4_pumping_complete" : "运送原油完毕",
    "ehi_experience_texas4_entered_the_drilling_tower" : "进入钻塔",
    "ehi_experience_texas4_lasers_disabled" : "禁用镭射",
    "ehi_experience_texas4_fan_jammed" : "破坏排气扇",
    "ehi_experience_texas4_disabled_gas_can" : "移开气罐",
    "ehi_experience_texas4_disabled_blowout_preventor" : "禁用防喷器",
    "ehi_experience_texas4_build_pressure" : "转动阀门增压",
    "ehi_experience_texas4_drill_activated" : "开启钻井",
    "ehi_experience_texas4_servers_destroyed" : "摧毁服务器",
    "ehi_experience_texas4_gabriel_killed" : "杀死加百列",
    "ehi_experience_custom_informant_killed" : "杀死线人",
    "ehi_experience_custom_defeated_backup_enemies" : "击退敌人增援",
    "ehi_experience_custom_opened_security_door" : "打开安全门",
    "ehi_experience_custom_pc_powered_on" : "打开PC电源",
    "ehi_experience_custom_escort" : "护送人员",
    "ehi_experience_custom_removed_gps_tracker" : "移除GPS追踪器",

    "menu_achievements_progress_ehi_tracked" : "于EHI中追踪",
    "menu_achievements_progress_ehi_secret" : "隐藏结局"
}