{
    "ehi_mod_title" : "ข้อมูลเพื่มเติมในแต่ละด่านที่เจ๋งที่สุด",
    "ehi_mod_desc" : "Extra Heist Info(EHI): คลิกเพื่อปรับเปลี่ยนตัวเลือก",

    "ehi_save_data_corrupted" : "ไฟล์ที่บันทึกไว้ในม็อด EHI เสียหาย",
    "ehi_save_data_corrupted_desc" : "ไฟล์ที่บันทึกไว้ในม็อด EHI เสียหายและไม่สามารถโหลดใช้งานได้\nม็อด EHI จะใช้ค่าดั้งเดิมเพื่อเพื่อไม่ให้เกมเด้ง",

    "ehi_menu_reset_to_default" : "$BTN_RESET รีเซ็ตเป็นค่าเดิม",
    "ehi_menu_large_steps" : "$BTN_STEP เพิ่ม/ลดค่า",
    
    "ehi_level_restart_required" : "A level restart is required for options to take effect",

    "ehi_item_depends_on" : "ตัวเลือก '$option;' ต้องถูกเปิดใช้งานเพื่อให้ตัวเลือกนี้เกิดผล",
    
    "ehi_menu_next_page" : "ไปที่หน้าถัดไป -->",
    "ehi_menu_previous_page" : "<-- ย้อนกลับไปหน้าที่แล้ว",

    "ehi_language" : "ภาษา",
    "ehi_language_desc" : "เปลี่ยนภาษาของม็อด.\nจำเป็นต้องมีการรีสตาร์ทด่านเพื่อให้การเปลี่ยนแปลงนี้ส่งผลลัพธ์",
    "ehi_language_1" : "ค้นพบภาษาอัตโนมัติ",

    "ehi_menu_only" : "สำหรับเมนูเท่านั้น",
    "ehi_show_preview_text" : "แสดงข้อความตัวอย่าง",
    "ehi_show_preview_text_desc" : "แสดงหรือซ่อนข้อความและไอคอนตัวอย่างในหน้าเมนู",

    "ehi_mission_briefing_toggle_plan_text" : "เปิดใช้งาน",
    "ehi_mission_briefing_next_plan_text" : "NEXT",

    "ehi_popup_experience" : "ประสบการณ์",
    "ehi_popup_experience_base_gained" : "ค่าประสบการณ์เริ่มต้น: ",
    "ehi_popup_experience_gained" : "ได้รับ: ",
    "ehi_popup_experience_total" : "ทั้งหมด: ",
    "ehi_popup_gage_packages" : "บรรจุุภัณฑ์เกจ",
    "ehi_popup_minion" : "ลูกน้อง",
    "ehi_popup_minion_killed" : "ลูกน้องของคุณเสียชีวิต",
    "ehi_popup_achievement_failed" : "ล้มเหลวในการทำรางวัลความสำเร็จ!",
    "ehi_popup_achievement_started" : "เริ่มล่ารางวัลความสำเร็จ!",
    "ehi_popup_trophy_started" : "เริ่มล่าถ้วยรางวัล!",
    "ehi_popup_trophy_failed" : "ล่าถ้วยรางวัลล้มเหลว!",
    "ehi_popup_daily_started" : "เริ่มล่ารางวัลรายวัน!",
    "ehi_popup_daily_failed" : "ล่ารางวัลรายวันล้มเหลว!",
    "ehi_popup_loot_counter" : "ของปล้นทั้งหมดในด่าน",
    "ehi_popup_all_loot_secured" : "ของที่ปล้นได้ทั้งหมด",
    "ehi_status_ok" : "โอเค",
    "ehi_status_done" : "เสร็จสิ้น",
    "ehi_status_pass" : "อนุมัติ",
    "ehi_status_defend" : "DEFEND",
    "ehi_status_finish" : "จบด่าน",
    "ehi_status_secure" : "ได้รับ",
    "ehi_status_no_down" : "ห้ามล้ม",
    "ehi_status_destroy" : "ทำลาย",
    "ehi_status_alarm" : "ALARM",
    "ehi_status_ready" : "พร้อม",
    "ehi_status_loud" : "โหมดบู๊",
    "ehi_status_mark" : "เป้าหมาย",
    "ehi_status_push" : "กดปุ่ม",
    "ehi_status_hack" : "แฮ็ก",
    "ehi_status_land" : "ลงจอด",
    "ehi_status_find" : "ค้นหา",
    "ehi_status_bring" : "นำตัว",
    "ehi_status_objective" : "เป้าหมาย",
    "ehi_status_fail" : "ล้มเหลว",
    "ehi_hint_drill" : "สว่าน",
    "ehi_hint_hack" : "เจาะระบบ",
    "ehi_hint_laser" : "เลเซอร์",
    "ehi_hint_pager" : "เพจเจอร์",
    "ehi_hint_process" : "ดำเนินการ",
    "ehi_hint_saw" : "เลื่อย",
    "ehi_hint_timelock" : "นับเวลาถอยหลัง",
    "ehi_hint_timer" : "ตัวบอกเวลา",
    "ehi_hint_gained_xp" : "ได้รับXP",
    "ehi_hint_total_xp" : "ค่าXPทั้งหมด",
    "ehi_hint_endless_assault" : "การจู่โจมไม่มีที่สิ้นสุด",
    "ehi_hint_fire" : "ไฟ",
    "ehi_hint_fire_recharge" : "เติมไฟ",
    "ehi_hint_escape" : "หลบหนี",
    "ehi_hint_loot_escape" : "หลบหนีด้วยที่เก็บของปล้น",
    "ehi_hint_loot" : "ที่เก็บของปล้น",
    "ehi_hint_loot_timed" : "ที่เก็บของปล้นจำกัดเวลา",
    "ehi_hint_cooking_chance" : "โอกาสปรุงยา",
    "ehi_hint_scripted_bulldozer" : "การเกิดบูลโดเซอร์จากสคริปส์",
    "ehi_hint_enemy_snipers" : "ยูนิตพิเศษสไนเปอร์",
    "ehi_hint_enemy_snipers_heli" : "สไนเปอร์ในฮ.",
    "ehi_hint_enemy_snipers_loop" : "สไนเปอร์จากจุดเกิดเฉพาะ",
    "ehi_hint_van_crash_chance" : "โอกาสรถตู้คว่ำ",
    "ehi_hint_cutter" : "เครื่องตัดกระจก",
    "ehi_hint_wait" : "รอ",
    "ehi_hint_teargas" : "แก๊สน้ำตา",
    "ehi_hint_drill_delivery" : "ส่งมอบสว่าน",
    "ehi_hint_drill_parts_delivery" : "ส่งมอบชิ้นส่วนสว่าน",
    "ehi_hint_thermite" : "เธอร์ไมท์",
    "ehi_hint_explosion" : "ระเบิด",
    "ehi_hint_pick_up_phone" : "รับโทรศัพท์",
    "ehi_hint_kills" : "จำนวนที่ต้องฆ่า",
    "ehi_hint_winch" : "เครื่องยก",
    "ehi_hint_c4_delivery" : "ส่งมอบ C4",
    "ehi_hint_color_codes" : "รหัส(สี)",
    "ehi_hint_keypad_reset" : "รีเซ็ตแผงแป้นรหัส",
    "ehi_hint_fuel_transfer" : "ถ่ายโอนน้ำมัน",
    "ehi_hint_charging" : "กำลังชาร์ต",
    "ehi_hint_alarm" : "คำเตือน",
    "ehi_hint_drama" : "ดราม่า",
    "ehi_hint_assault" : "จู่โจม",
    "ehi_hint_assault_delay" : "ชะลอจู่โจม",
    "ehi_hint_assault_time" : "เวลาจู่โจม",
    "ehi_hint_pager_counter" : "เพจเจอร์ทั้งหมด",
    "ehi_hint_pager_chance" : "โอกาสตอบเพจเจอร์",
    "ehi_hint_zipline_bag" : "ซิปไลน์ (กระเป๋า)",
    "ehi_hint_zipline_person" : "ซิปไลน์ (คน)",
    "ehi_hint_zipline_reset" : "รีเซ็ตซิปไลน์",
    "ehi_hint_chance" : "โอกาส",
    "ehi_hint_loot_counter" : "จำนวนของปล้น",
    "ehi_hint_trade_delay" : "ปล่อยตัวล่าช้า",
    "ehi_hint_deployables" : "อุปกรณ์พกพา",
    "ehi_hint_doctor_fak" : "กระเป๋าแพทย์ + ปฐมพยาบาล",
    "ehi_hint_doctor_bag" : "กระเป๋าแพทย์ ",
    "ehi_hint_ammo_bag" : "กระเป๋ากระสุน",
    "ehi_hint_fak" : "กล่องปฐมพยาบาล",
    "ehi_hint_bodybags_bag" : "กระเป๋าใส่ศพ",
    "ehi_hint_throwables" : "อาวุธขว้างปา",
    "ehi_hint_defend" : "ป้องกัน",
    "ehi_hint_restarting" : "เริ่มต้นใหม่",
    "ehi_hint_civilians" : "พลเรือน",
    "ehi_hint_damage_reduction" : "ลดความเสียหาย",
    "ehi_hint_enemy_count" : "จำนวนศัตรู",
    "ehi_hint_bodybags_counter" : "จำนวนกระเป๋าใส่ศพ",
    "ehi_hint_gage" : "Gage Packages",
    "ehi_hint_converts" : "ลูกน้อง",
    "ehi_hint_sentry_reload" : "Turret (Reload)",
    "ehi_hint_sentry_repair" : "Turret (Repair)",
    "ehi_hint_sentry_teargas" : "Turret (Teargas)",
    "ehi_hint_diff" : "Assault Difficulty",
    
    "ehi_hint_big_piggy" : "พิคกี้เคลื่อนที่",
    "ehi_hint_brb_winch_delivery" : "ส่งมอบเครื่องยก",
    "ehi_hint_cane_safe" : "อีเว้นต์ตู้เซฟ",
    "ehi_hint_crojob3_water" : "เติมน้ำ",
    "ehi_hint_crojob3_water_enroute" : "ฮ.ไปเอาน้ำ",
    "ehi_hint_crojob3_water_refill" : "ฮ.กำลังเติมน้ำ",
    "ehi_hint_des_crane" : "เครน",
    "ehi_hint_des_chem_set" : "Chemistry Set",
    "ehi_hint_des_chem_set_restart" : "เริ่มต้นชุดปรุงยาใหม่",
    "ehi_hint_des_chem_set_interrupt" : "ชุดปรุงยาถูกยับยั้ง",
    "ehi_hint_des_chem_set_cooking" : "กำลังปรุงยา",
    "ehi_hint_election_day_3_crash_chance" : "โอกาสแฮคล้มเหลว",
    "ehi_hint_election_day_3_crash_chance_time" : "เวลาที่ล้มเหลว",
    "ehi_hint_friend_heli" : "ฮ.ไปที่จุดหมาย",
    "ehi_hint_friend_heli_random" : "ฮ.ไปที่รถ",
    "ehi_hint_friend_heli_caddilac" : "ฮ.ไปที่คาดิลแลค",
    "ehi_hint_friend_heli_drop_car" : "ฮ.ทิ้งรถลงทะเล",
    "ehi_hint_hox_1_vehicle_move" : "พาหนะเคลื่อนที่",
    "ehi_hint_hox_1_car" : "รถบรรทุกเครื่องที่",
    "ehi_hint_hox_2_request" : "จำนวนคำขอ",
    "ehi_hint_hox_2_evidence" : "โอกาสเจอหลักฐาน",
    "ehi_hint_kosugi_heli" : "ฮ.จะมาถึง",
    "ehi_hint_kosugi_loot" : "ฮ.ส่งมอบวัตถุโบราณ",
    "ehi_hint_kosugi_guards" : "ฮ.ส่งมอบรปภ.",
    "ehi_hint_kosugi_keycard" : "ใส่บัตร",
    "ehi_hint_mad_bomb" : "ทิ้งระเบิด",
    "ehi_hint_mad_scan" : "แสกน",
    "ehi_hint_mad_emp" : "ระเบิด EMP",
    "ehi_hint_mallcrasher_destruction" : "การทำลาย",
    "ehi_hint_man_code" : "โอกาสได้โค้ด",
    "ehi_hint_mia_1_meth_done" : "ยาไอซ์เสร็จ",
    "ehi_hint_mia_1_next_meth_ingredient" : "วัตถุดิบทำยาไอซ์ถัดไป",
    "ehi_hint_mia_2_loot" : "เวลาที่ยาไอซ์จะถูกทำลาย",
    "ehi_hint_nail_chemicals_en_route" : "ฮ.ไปเอาชุดปรุงยา",
    "ehi_hint_nmh_incoming_police_patrol" : "ตำรวจสายตรวจกำลังมา",
    "ehi_hint_nmh_incoming_civilian" : "พลเรือนกำลังมา",
    "ehi_hint_nmh_patient_file_chance" : "โอกาสเจอแฟ้มผู้ป่วย",
    "ehi_hint_nmh_vial_fail" : "ตย.เลือดที่ล้มเหลว",
    "ehi_hint_nmh_vial_success" : "ตย.เลือดที่สำเร็จ",
    "ehi_hint_pal_money" : "ปริ้นเงิน",
    "ehi_hint_pent_chance" : "โอกาสเริ่มเครื่องปั่นไฟ",
    "ehi_hint_peta2_loot_zone_delivery" : "การส่งมอบที่เก็บของปล้น",
    "ehi_hint_pines_chance" : "โอกาสส่งมอบของขวัญ",
    "ehi_hint_pines_chance_reduction" : "ลดการส่งมอบ",
    "ehi_hint_pines_santa" : "ฮ.สำหรับซานต้า",
    "ehi_hint_ranc_chance" : "โอกาสเก็บอาวุธที่ปล้นสำเร็จ",
    "ehi_hint_red2_thermite" : "ลดเวลาจากเธอร์ไมท์", 
    "ehi_hint_roberts_gensec" : "GenSecกำลังมา",
    "ehi_hint_roberts_gensec_warning" : "เร็วเข้าสิ!",
    "ehi_hint_roberts_next_phone_call" : "เวลาโทรเข้าถัดไป",
    "ehi_hint_run_final_zone" : "เคลียร์ที่จอดฮ.",
    "ehi_hint_run_gas" : "จำนวนถังน้ำมัน",
    "ehi_hint_run_gas_final" : "เติมถังน้ำมันสุดท้าย",
    "ehi_hint_rvd_pink" : "Mr.Pinkกำลังมา",
    "ehi_hint_rvd2_liquid_nitrogen" : "เวลาไนโตรเจนเหลว",
    "ehi_hint_sand_revive" : "โอกาสคืนชีพ",
    "ehi_hint_sand_heli_turret_timer" : "เวลาป้อมปืนติดฮ.",
    "ehi_hint_trai_crane" : "โอกาสเครนยกพัง",
    "ehi_hint_trat_loco_start" : "โอกาสเริ่มหัวรถไฟ",
    "ehi_hint_vit_teargas" : "โอกาสแก๊สน้ำตา",

    "ehi_r": "แดง",
    "ehi_g": "เขียว",
    "ehi_b": "น้ำเงิน",
    "ehi_button_ok" : "โอเค",
    "ehi_color_reset": "รีเซ็ตสี",

    "ehi_preview" : "พรีวิว (จำเป็นต้องรีสตาร์ทด่านเพื่อให้เกิดผลลัพธ์)\nขีดสีแดงตรงมุมซ้ายสุดของไอคอนติดตามตัวอย่างจากเมนูอันแรกสุดแสดงไอคอนที่กำลังจะเกิดเหตุการณ์ขึ้น",

    "ehi_x_offset" : "ตำแหน่งแกน X",
    "ehi_x_offset_desc" : "ปรับตำแหน่งไอคอนติดตามในแนวนอน",
    "ehi_y_offset" : "ตำแหน่งแกน Y",
    "ehi_y_offset_desc" : "ปรับตำแหน่งไอคอนติดตามในแนวตั้ง",

    "ehi_text_scale" : "ขนาดตัวอักษร",
    "ehi_text_scale_desc" : "ปรับขนาดตัวอักษร\nตัวเลือกนี้มีประโยชน์ต่อผู้เล่นที่มี mod ที่เกี่ยวข้องกับตัวอักษร",

    "ehi_scale" : "ขนาด",
    "ehi_scale_desc" : "ปรับขนาดของไอคอนติดตาม\nยิ่งตัวเลขค่ามากขึ้นเเพียงใด ขนาดไอคอนติดตามยิ่งใหญ่ขึ้นเท่านั้น ฯลฯ",

    "ehi_time_format" : "รูปแบบเวลา",
    "ehi_time_format_desc" : "กำหนดรูปแบบเวลาของไอคอนติดตามว่าควรมีลักษณะเป็นอย่างไร",
    "ehi_time_format_1" : "แสดงหน่วยเป็นวินาทีเท่านั้น",
    "ehi_time_format_2" : "แสดงหน่วยเป็นนาทีและวินาที",

    "ehi_tracker_alignment" : "จัดตำแหน่งไอคอนติดตาม",
    "ehi_tracker_alignment_desc" : "กำหนดการจัดตำแหน่งไอคอนติดตาม",
    "ehi_tracker_alignment_1" : "แนวตั้ง; บนลงล่าง",
    "ehi_tracker_alignment_2" : "แนวตั้ง; ล่างขึ้นบน",
    "ehi_tracker_alignment_3" : "แนวนอน; ซ้ายไปขวา",
    "ehi_tracker_alignment_4" : "แนวนอน; ขวาไปซ้าย",

    "ehi_tracker_vertical_w_anim_1" : "ซ้ายไปขวา",
    "ehi_tracker_vertical_w_anim_2" : "ขวาไปซ้าย",

    "ehi_vr_x_offset" : "ตำแหน่งแกน X (VR)",
    "ehi_vr_y_offset" : "ตำแหน่งแกน Y (VR)",

    "ehi_vr_scale": "ขนาดในโหมด VR",
    "ehi_vr_scale_desc": "ปรับขนาดของไอคอนติดตามในโหมด VR\nยิ่งตัวเลขค่ามากขึ้นเเพียงใด ขนาดไอคอนติดตามยิ่งใหญ่ขึ้นเท่านั้น ฯลฯ",

    "ehi_vr_tracker_alignment" : "จัดตำแหน่งไอคอนติดตาม VR",
    "ehi_vr_tracker_alignment_desc" : "กำหนดการจัดตำแหน่งไอคอนติดตาม VR",
	
    "ehi_visuals_menu" : "ภาพไอคอน",
    "ehi_visuals_menu_desc" : "",

    "ehi_show_tracker_bg" : "แสดงพื้นหลังไอคอนติดตาม",
    "ehi_show_tracker_bg_desc" : "Shows tracker background:\nเมื่อปิดตัวเลือกนี้ พื้นหลังของไอคอนติดตามจะถูกซ่อนและไม่มีการแสดงแอนิเมชันใดๆ ",
    
    "ehi_show_tracker_corners" : "กำหนดขอบไอคอนติดตาม",
    "ehi_show_tracker_corners_desc" : "กำหนดขอบสีขาวให้แก่ไอคอนติดตาม",

    "ehi_show_one_icon" : "แสดงรูปภาพของไอคอนติดตามเพียง 1 รูป",
    "ehi_show_one_icon_desc" : "เมื่อเลือกตัวเลือกนี้ ขณะเล่นเกม จะแสดงรูปภาพของไอคอนติดตามเพียง 1 รูปเท่านั้น\nรูปภาพแสดงไอคอนอธิบายถัดจากนั้นจะถูกซ่อน",

    "ehi_show_tracker_hint" : "แสดงคำอธิบายไอคอนติดตาม",
    "ehi_show_tracker_hint_desc" : "แสดงคำอธิบายสำหรับไอคอนติดตามในแต่ละด่าน",

    "ehi_show_tracker_hint_t" : "คำอธิบายไอคอนติดตาม (เเวลา)",
    "ehi_show_tracker_hint_t_desc" : "กำหนดให้คำอธิบายปรากฎบนหน้าจอนานเท่าใดก่อนที่จะหายไป\n\nหากปรับตัวเลือกไปที่ 0 จะทำให้คำอธิบายแสดงบนจอตลอดเวลา",

    "ehi_trackers_menu" : "ไอคอนติดตาม",
    "ehi_trackers_menu_desc" : "Trackers หรือ ไอคอนแสดงการติดตามเหตุการณ์ที่เกิดขึ้นอยู่หรือกำลังเกิดขึ้นในด่านนั้นๆ",

    "ehi_show_mission_trackers": "แสดงไอคอนติดตามจากแต่ละด่าน",
    "ehi_show_mission_trackers_desc": "แสดงไอคอนติดตามจากแต่ละด่านบนหน้าจอ (ตย. : เวลาที่รถตู้/คอปเตอร์ มาถึง, เวลารอที่จะถึงภารกิจถัดไป ฯลฯ)\n\nตัวเลือกนี้ยังมีผลไปถึงด่านที่ชุมชนสร้างขึ้นมาด้วย\nถ้าด่านเหล่านั้นรองรับ EHI",

    "ehi_show_unlockables" : "แสดงรางวัลที่สามารถปลดล็อค",
    "ehi_show_unlockables_desc" : "แสดงรางวัลความสำเร็จ, ถ้วยรางวัลและรางวัลรายวัน บนหน้าจอ",
    
    "ehi_unlockables_menu" : "การปลดล็อค",
    "ehi_unlockables_menu_desc" : "",
    
    "ehi_show_achievements" : "แสดงไอคอนติดตามรางวัลความสำเร็จ",
    "ehi_show_achievements_desc" : "Show achievement tracker เป็นการแสดงไอคอนติดตามรางวัลความสำเร็จที่เกี่ยวข้องกับเวลาหรือจำนวนในแต่ละด่าน\nบางด่านอาจไม่มีไอคอนติดตามรางวัลความสำเร็จปรากฎให้เห็น",

    "ehi_show_achievement_description" : "แสดงคำอธิบายรางวัลความสำเร็จ",
    "ehi_show_achievement_description_desc" : "แสดงคำอธิบายรางวัลความสำเร็จผ่านกล่องข้อความในเกม\n\nมีแค่คุณที่จะเห็นคำอธิบาย",

    "ehi_show_achievements_mission" : "แสดงรางวัลความสำเร็จ (ด่าน)",
    "ehi_show_achievements_mission_desc" : "แสดงรางวัลความสำเร็จที่สามารถทำได้เฉพาะในด่านนั้นๆ",
     
    "ehi_hide_unlocked_achievements" : "อย่าแสดงรางวัลความสำเร็จที่ปลดล็อคแล้ว (ด่าน)",
    "ehi_hide_unlocked_achievements_desc" : "เมื่อเลือก EHI จะไม่แสดงรางวัลความสำเร็จที่ถูกปลดล็อคแล้ว\nเมื่อไม่ได้เลือก EHI จะแสดงรางวัลความสำเร็จทุกอย่างในด่าน",    

    "ehi_show_achievements_weapon" : "แสดงรางวัลความสำเร็จ (อาวุธ)",
    "ehi_show_achievements_weapon_desc" : "แสดงรางวัลความสำเร็จที่เกี่ยวข้องกับการฆ่าศัตรูด้วยอาวุธเฉพาะ\n\nหากรางวัลความสำเร็จนี้ปลดล็อคไปแล้วไอคอนติดตามจะไม่แสดงให้เห็น",
     
    "ehi_show_achievements_melee" : "แสดงรางวัลความสำเร็จ (โจมตี)",
    "ehi_show_achievements_melee_desc" : "แสดงรางวัลความสำเร็จที่เกี่ยวข้องกับการฆ่าศัตรูด้วยอาวุธโจมตีระยะประชิด\n\nหากรางวัลความสำเร็จนี้ปลดล็อคไปแล้วไอคอนติดตามจะไม่แสดงให้เห็น",
     
    "ehi_show_achievements_grenade" : "แสดงรางวัลความสำเร็จ (อาวุธปา)",
    "ehi_show_achievements_grenade_desc" : "แสดงรางวัลความสำเร็จที่เกี่ยวข้องกับการฆ่าศัตรูด้วยอาวุธปา\n\nหากรางวัลความสำเร็จนี้ปลดล็อคไปแล้วไอคอนติดตามจะไม่แสดงให้เห็น",
     
    "ehi_show_achievements_vehicle" : "แสดงรางวัลความสำเร็จ (พาหนะ)",
    "ehi_show_achievements_vehicle_desc" : "แสดงรางวัลความสำเร็จที่เกี่ยวข้องกับการฆ่าศัตรูด้วยยานพาหนะ\n\nหากรางวัลความสำเร็จนี้ปลดล็อคไปแล้วไอคอนติดตามจะไม่แสดงให้เห็น",
     
    "ehi_show_achievements_other" : "แสดงรางวัลความสำเร็จ (อื่นๆ)",
    "ehi_show_achievements_other_desc" : "แสดงรางวัลความสำเร็จที่ไม่อยู่ในกลุ่มที่ระบุไว้\n\nหากรางวัลความสำเร็จนี้ปลดล็อคไปแล้วไอคอนติดตามจะไม่แสดงให้เห็น",
    
    "ehi_show_achievement_failed_popup" : "แสดงหน้าต่าง 'ทำรางวัลความสำเร็จล้มเหลว' ",
    "ehi_show_achievement_failed_popup_desc" : "หน้าต่างทำรางวัลความสำเร็จล้มเหลวจะแสดงเป็นข้อความสีแดง",

    "ehi_show_achievement_started_popup" : "แสดงไอคอน 'เริ่มล่ารางวัลความสำเร็จ'",
    "ehi_show_achievement_started_popup_desc" : "แสดงหน้าต่างรางวัลความสำเร็จเป็นข้อความสีเขียว",

    "ehi_show_trophies" : "แสดงไอคอนถ้วยรางวัล",
    "ehi_show_trophies_desc" : "แสดงไอคอนถ้วยรางวัลในเกม\nบางด่านอาจไม่มีถ้วยรางวัลใดๆ",

    "ehi_show_trophy_description" : "Show Trophy Description",
    "ehi_show_trophy_description_desc" : "Shows trophy description in the game chat\n\nThe description is only visible to you",
     
    "ehi_hide_unlocked_trophies" : "อย่าแสดงไอคอนถ้วยรางวัล",
    "ehi_hide_unlocked_trophies_desc" : "เมื่อเลือกตัวเลือกนี้ EHI จะไม่แสดงถ้วยรางวัลที่ถูกปลดล็อคแล้ว\nเมื่อไม่ได้เลือก EHI จะแสดงไอคอนติดตามสำหรับถ้วยรางวัลทั้งหมด",
     
    "ehi_show_trophy_failed_popup" : "แสดงไอคอน 'ล่าถ้วยรางวัลล้มเหลว'",
    "ehi_show_trophy_failed_popup_desc" : "หน้าต่างล่าถ้วยรางวัลล้มเหลวจะแสดงเป็นข้อความสีแดง",
     
    "ehi_show_trophy_started_popup" : "แสดงไอคอน 'เริ่มล่าถ้วยรางวัล'",
    "ehi_show_trophy_started_popup_desc" : "แสดงหน้าต่างเริ่มล่าถ้วยรางวัลเป็นข้อความสีเขียว",
     
    "ehi_show_dailies" : "แสดงไอคอนรางวัลรายวัน",
    "ehi_show_dailies_desc" : "แสดงหน้าต่างรางวัลรายวัน(Daily Side Job) ที่สามารถดำเนินการได้\n\nรางวัลรายวันที่ทำสำเร็จแล้วจะไม่แสดงให้เห็น",

    "ehi_show_daily_description" : "Show Daily Side Job Description",
    "ehi_show_daily_description_desc" : "Shows daily side job description in the game chat\n\nThe description is only visible to you",
     
    "ehi_show_daily_failed_popup" : "แสดงไอคอน 'ล่ารางวัลรายวันล้มเหลว'",
    "ehi_show_daily_failed_popup_desc" : "หน้าต่างล่ารางวัลรายวันล้มเหลวจะแสดงเป็นข้อความสีแดง",
     
    "ehi_show_daily_started_popup" : "แสดงไอคอน 'เริ่มล่ารางวัลรายวัน'",
    "ehi_show_daily_started_popup_desc" : "แสดงหน้าต่างเริ่มล่ารางวัลรายวันเป็นข้อความสีเขียว",
    
    "ehi_show_gained_xp" : "แสดงค่าประสบการณ์ที่ได้รับ",
    "ehi_show_gained_xp_desc" : "Show gained XP แสดงค่าประสบการณ์ที่ได้รับในด่านที่กำลังเล่นอยู่\nไอคอนติดตามจะถูกปิดการแสดงผลอัตโนมัติหากโหมดที่เลือก คือ Crime Spree",

    "ehi_xp_format" : "เลือกรูปแบบการแสดงผลค่าประสบการณ์ที่ได้รับ",
    "ehi_xp_format_desc" : "ตัวอย่าง: ค่าประสบการณ์เริ่มต้น: 1000; ความยากระดับ Death Wish\nค่าประสบการณ์เริ่มต้นเพีบงแค่: 1000\nค่าประสบการณ์คูณด้วยระดับความยากที่เลือก: 13000\nค่าประสบการณ์คูณด้วยค่าประสบการณ์เพิ่มเติมที่ได้รับจากในด่านที่เลือก: 13000+",
    "ehi_xp_format_1" : "แสดงค่าประสบการณ์เริ่มต้นเท่านั้น",
    "ehi_xp_format_2" : "แสดงค่าประสบการณ์คูณด้วยระดับความยาก",
    "ehi_xp_format_3" : "แสดงค่าประสบการณ์คูณด้วยค่าประสบการณ์เพิ่มเติมที่ได้รับ",

    "ehi_xp_panel" : "เลือกวิธีการแสดงค่าประสบการณ์ที่ได้รับ",
    "ehi_xp_panel_desc" : "",
    "ehi_xp_panel_1" : "แสดงค่าประสบการณ์ที่ได้รับแยกกันในแต่ละไอคอนติดตาม",
    "ehi_xp_panel_2" : "แสดงค่าประสบการณ์ทั้งหมดที่ได้รับจากด่านนั้นๆ",
    "ehi_xp_panel_3" : "แสดงหน้าต่างค่าประสบการณ์ที่ได้รับแต่ละครั้งและที่ได้รับทั้งหมด",
    "ehi_xp_panel_4" : "แสดงคำใบ้ว่าคุณได้รับค่าประสบการณ์ในแต่ละครั้งและที่ได้รับทั้งหมด",

    "ehi_show_xp_in_mission_briefing_only" : "แสดงค่าประสบการณ์ที่ได้ในช่วงวางแผน",
    "ehi_show_xp_in_mission_briefing_only_desc" : "เปิดใช้ตัวเลือกนี้หากต้องการทราบค่าประสบการณ์แค่ในช่วงวางแผน (Mission Briefing) แต่ไม่ใช่ระหว่างอยู่ในด่าน",

    "ehi_total_xp_difference" : "แสดงค่าประสบการณ์ที่ได้รับในแต่ละครั้ง",

    "ehi_show_trade_delay" : "แสดงไอคอนติดตามความล่าช้าของการแลกเปลี่ยนตัวประกัน",
    "ehi_show_trade_delay_desc" : "แสดงไอคอนติดตามเวลา ความล่าช้าของการแลกเปลี่ยนตัวประกันเมื่อคุณหรือเพื่อนของคุณฆ่าพลเรือน",

    "ehi_show_trade_delay_option" : "เมื่อไหร่ที่จะแสดงความล่าช้าของการแลกเปลี่ยนตัวประกัน",
    "ehi_show_trade_delay_option_desc": "แสดงตลอดเวลา: แสดงไอคอนการติดตามนี้ทันทีเมื่อคุณหรือเพื่อนของคุณฆ่าพลเรือน\nเมื่อถูกควบคุมตัวหรือ In Custody: แสดงไอคอนติดตามนี้เมื่อคุณหรือเพื่อนของคุณถูกควบคุมตัวและได้ทำการฆ่าพลเรือนไปอย่างน้อย 1 คน",
    "ehi_show_trade_delay_option_1" : "แสดงตลอด",
    "ehi_show_trade_delay_option_2" : "แสดงเมื่อถูกควบคุมตัว",

    "ehi_show_trade_delay_other_players_only": "แสดงไอคอนติดตามความล่าช้าของการแลกเปลี่ยนตัวประกันสำหรับผู้เล่นอื่นเท่านั้น",
    "ehi_show_trade_delay_other_players_only_desc": "เมื่อเลือกตัวเลือกนี้ ไอคอนติดตามนี้จะไม่แสดงค่าของคุณว่าคุณฆ่าพลเรือนไปกี่คน แต่จะแสดงค่าของคนอื่นตามปรกติ",

    "ehi_show_trade_delay_suppress_in_stealth" : "ไม่ต้องแสดงไอคอนติดตามความล่าช้าการแลกเปลี่ยนตัวประกันเมื่ออยู่ในโหมดลอบเร้น",
    "ehi_show_trade_delay_suppress_in_stealth_desc" : "หากเลือก จะซ่อนไอคอนติดตามแสดงความล่าช้าของการแลกเปลี่ยนตัวประกันเมื่อเล่นในโหมดลอบเร้น\nเมื่อเกมเปลี่ยนเป็นโหมดบู๊ล้างผลาญแหลก ไอคอนติดตามจะปรากฎให้เห็นพร้อมค่าความล่าช้าทั้งหมด",

    "ehi_show_trade_delay_amount_of_killed_civilians" : "แสดงการหน่วงเวลาการแลกเปลี่ยนตัวจากประชาชนที่ถูกฆ่า",
    "ehi_show_trade_delay_amount_of_killed_civilians_desc" : "แสดงจำนวนประชาชนที่ถูกผู้เล่นฆ่า",
    
    "ehi_show_timers" : "แสดงไอคอนติดตามเกี่ยวกับเวลา",
    "ehi_show_timers_desc" : "แสดงไอคอนติดตามเกี่ยวกับเวลา เช่น การแฮคระบบ, สว่าน, เลื่อย ฯลฯ",

    "ehi_show_camera_loop" : "แสดงกล้องที่ถูกเล่นซ้ำ",
    "ehi_show_camera_loop_desc" : "แสดงหน้าต่างกล้องวงจรปิดที่กำลังถูกเล่นซ้ำ",

    "ehi_show_enemy_turret_trackers" : "Show Enemy Turret Trackers",
    "ehi_show_enemy_turret_trackers_desc" : "Shows a tracker when it is reloading or repairing",

    "ehi_show_zipline_timer" : "แสดงไอคอนติดตามการใช้โหนสลิง",
    "ehi_show_zipline_timer_desc" : "แสดงค่า 2 ไอคอนติดตามที่เกี่ยวข้องกับการใช้โหนสลิงหรือ Zipline\nไอคอนบรรทัดแรกแสดงเวลาที่ไอเท็มจะไปถึงผู้เล่นหรือตำแหน่งที่ปลายทาง, ไอคอนบรรทัดที่สองแสดงเวลาที่รอกจะกลับมาที่ตำแหน่งเริ่มต้นอีกครั้ง",

    "ehi_show_gage_tracker" : "แสดงไอคอนติดตาม Gage Packages",
    "ehi_show_gage_tracker_desc" : "แสดงไอคอนติดตามจำนวน Gage Packagesที่มีในด่านนั้นๆ\nหากด่านนั้นไม่อนุญาตให้มี Gage Packages ปรากฎในด่าน ไอคอนติดตามนี้จะไม่แสดงค่าให้เห็น",

    "ehi_gage_tracker_panel" : "แสดงไอคอนติดตาม Gage Packages",
    "ehi_gage_tracker_panel_desc" : "แสดงไอคอนติดตามจำนวน Gage Packagesที่มีในด่านนั้นๆ",
    "ehi_gage_tracker_panel_1" : "ในไอคอนติดตาม",
    "ehi_gage_tracker_panel_2" : "ในหน้าต่าง",

    "ehi_show_captain_damage_reduction" : "แสดงไอคอนการลดความเสียหาย",
    "ehi_show_captain_damage_reduction_desc" : "แสดงไอคอนค่าการลดความเสียหายเมื่อกัปตันปรากฏตัวขึ้นในด่านนั้นๆ",

    "ehi_show_equipment_tracker" : "แสดงไอคอนอุปกรณ์",
    "ehi_show_equipment_tracker_desc" : "ไอคอนแสดงค่าอุปกรณ์ที่ปรากฎอยู่บนด่านหรือจากผู้เล่น เช่น กระเป๋าแพทย์, กระเป๋ากระสุน, กระเป๋าอาวุธขว้างปา, กระเป๋าใส่ศพ และกล่องปฐมพยาบาล",

    "ehi_equipment_menu" : "เมนูอุปกรณ์",
    "ehi_equipment_menu_desc" : "",

    "ehi_equipment_format" : "รูปแบบการแสดงอุปกรณ์",
    "ehi_equipment_format_desc" : "กำหนดรูปแบบการแสดงอุปกรณ์",
    "ehi_equipment_format_1" : "จำนวนครั้งที่ใช้ได้ (จำนวนกระเป๋าที่ปรากฎในเกม)",
    "ehi_equipment_format_2" : "(จำนวนกระเป๋าที่ปรากฎในเกม) จำนวนครั้งที่ใช้ได้",
    "ehi_equipment_format_3" : "(จำนวนครั้งที่ใช้ได้) จำนวนกระเป๋าที่ปรากฎในเกม",
    "ehi_equipment_format_4" : "จำนวนกระเป๋าที่ปรากฎในเกม (จำนวนครั้งที่ใช้ได้)",
    "ehi_equipment_format_5" : "จำนวนครั้งที่ใช้ได้",
    "ehi_equipment_format_6" : "จำนวนกระเป๋าที่ปรากฎในเกม",

    "ehi_show_equipment_doctorbag" : "แสดงกระเป๋าแพทย์",
    "ehi_show_equipment_doctorbag_desc" : "แสดงจำนวนครั้งทั้งหมดจากกระเป๋าแพทย์",

    "ehi_show_equipment_ammobag" : "แสดงกระเป๋ากระสุน",
    "ehi_show_equipment_ammobag_desc" : "แสดงจำนวนกระเป๋ากระสุน",

    "ehi_show_equipment_grenadecases" : "แสดงกระเป๋าอาวุธขว้างปา",
    "ehi_show_equipment_grenadecases_desc" : "แสดงจำนวนอาวุธขว้างปาจากกระเป๋าอาวุธขว้างปา",

    "ehi_grenadecases_block_on_abilities_or_no_throwable" : "Block Grenade Crates Tracker on Abilities or no Throwable",
    "ehi_grenadecases_block_on_abilities_or_no_throwable_desc" : "Blocks Grenade Crates Tracker when you have equipped ability from perk deck or no throwable",

    "ehi_show_equipment_bodybags": "แสดงกระเป๋าใส่ศพ",
    "ehi_show_equipment_bodybags_desc": "แสดงจำนวนกระเป๋าใส่ศพ\nไอคอนติดตามนี้จะไม่แสดงค่าหากด่านเปลี่ยนจากลอบเร้นเป็นบู๊ล้างผลาญ",

    "ehi_show_equipment_firstaidkit": "แสดงกล่องปฐมพยาบาล",
    "ehi_show_equipment_firstaidkit_desc": "แสดงจำนวนกล่องปฐมพยาบาล",

    "ehi_show_equipment_ecmjammer" : "ไอคอนติดตามระยะเวลาการแสดงผลอุปกรณ์แจมเมอร์",
    "ehi_show_equipment_ecmjammer_desc" : "แสดงไอคอนติดตามระยะเวลาที่เหลือของอุปกรณ์ตัดสัญญาณอิเล็กโทรนิคชั่วคราว หรือ แจมเมอร์ (ECM Jammer)\nแจมเมอร์ทีมีระยะเวลานานที่สุดจะถูกแสดงผลก่อนเสมอ",

    "ehi_ecmjammer_block_ecm_without_pager_delay" : "ไม่แสดงเวลาเครื่องรบกวนการสื่อสารที่ไม่กระทบกับการตอบวิทยุ",
    "ehi_ecmjammer_block_ecm_without_pager_delay_desc" : "",
    
    "ehi_show_equipment_ecmfeedback" : "ไอคอนติดตามระยะเวลาการแสดงผลคลื่นกวนสัญญาณจากอุปกรณ์แจมเมอร์",
    "ehi_show_equipment_ecmfeedback_desc" : "แสดงไอคอนติดตามระยะเวลาที่เหลือของการเปิดใช้คลื่นรบกวนสัญญาณชั่วคราวจากอุปกรณ์ แจมเมอร์ (ECM Feedback)\nคลื่นรบกวนสัญญาณที่มีระยะเวลานานที่สุดจะถูกแสดงผลก่อนเสมอ (เฉพาะโฮสเท่านั้น)",

    "ehi_show_equipment_aggregate_health" : "แสดงผลกระเป๋าแพทย์และกล่องปฐมพยาบาลรวมกัน",
    "ehi_show_equipment_aggregate_health_desc" : "แสดงผลกระเป๋าแพทย์และกล่องปฐมพยาบาลรวมกันให้ปรากฎอยู่ในไอคอนติดตามเดียวกัน",

    "ehi_show_equipment_aggregate_all" : "แสดงผลอุปกรณ์ที่พกพาติดตัวและวางเพื่อใช้งานรวมกัน",
    "ehi_show_equipment_aggregate_all_desc" : "แสดงผลอุปกรณ์ที่พกพาติดตัวและวางเพื่อใช้งาน (Deployables) ให้ปรากฎอยู่ในไอคอนติดตามเดียวกัน\nอุปกรณ์ที่พกพาติดตัวและวางเพื่อใช้งานเหล่านั้นจะมีสีที่ปรับแต่งได้ตามลำดับตัวเลือกด้านล่างนี้",

    "ehi_doctor_bag" : "กระเป๋าแพทย์",
    "ehi_ammo_bag" : "กระเป๋ากระสุน",
    "ehi_grenade_crate" : "กระเป๋าอาวุธขว้างปา",
    "ehi_first_aid_kit" : "กล่องปฐมพยาบาล",
    "ehi_bodybags_bag" : "กระเป๋าใส่ศพ",

    "ehi_show_minion_tracker" : "แสดงไอคอนจำนวนพันธมิตร",
    "ehi_show_minion_tracker_desc" : "แสดงไอคอนจำนวนพันธมิตรที่เปลี่ยนมาอยู่ฝั่งเราในด่านนั้นๆ",

    "ehi_show_minion_option" : "Converts Format",
    "ehi_show_minion_option_1" : "Show Number of your Converts only",
    "ehi_show_minion_option_2" : "Show Total Number of Converts on the map",
    "ehi_show_minion_option_3" : "แสดงไอคอนจำนวนพันธมิตรของแต่ละบุคคล",

    "ehi_show_minion_killed_message" : "แสดงข้อความ 'ลูกน้องถูกฆ่า'",
    "ehi_show_minion_killed_message_desc" : "แสดงข้อความแจ้งให้ทราบหากตำรวจที่ถูกเปลี่ยนฝั่ง(converted enemy) ถูกฆ่าตาย",
    
    "ehi_show_minion_killed_message_type" : "ประเภท'ลูกน้องถูกฆ่า'",
    "ehi_show_minion_killed_message_type_2" : "ในหน้าต่างแสดงคำแนะนำ",

    "ehi_show_difficulty_tracker" : "แสดงไอคอนความยาก",
    "ehi_show_difficulty_tracker_desc" : "แสดงไอคอนความยากของการจู่โจมในแต่ละรอบ มีค่าเป็นเปอร์เซ็นต์",

    "ehi_show_drama_tracker" : "แสดงค่าดราม่า",
    "ehi_show_drama_tracker_desc" : "แสดงค่าดราม่าที่เปลี่ยนแปลงไป (โฮสเท่านั้น)\nปล. หากไม่รู้จัก ให้อ่าน 'The Long Guide'",

    "ehi_show_pager_tracker" : "แสดงไอคอนจำนวนวิทยุเรียกตัว",
    "ehi_show_pager_tracker_desc" : "แสดงไอคอนจำนวนวิทยุเรียกตัวหรือ pager ที่เหลืออยู่",

    "ehi_show_pager_callback_trackers" : "แสดงเวลาของเพจเจอร์ตอบกลับ",
    "ehi_show_pager_callback_trackers_desc" : "แสดงไอคอนติดตามเวลาของเพจเจอร์ที่ต้องถูกตอบกลับ",

    "ehi_show_enemy_count_tracker" : "แสดงจำนวนศัตรูทั้งหมด",
    "ehi_show_enemy_count_tracker_desc" : "แสดงจำนวนศัตรูทั้งหมดที่อยู่ในด่าน ณ ขณะนั้น",

    "ehi_show_enemy_count_show_pagers" : "แสดงจำนวนศัตรูที่มีวิทยุติดตามตัว (ด่านลอบเร้น)",
    "ehi_show_enemy_count_show_pagers_desc" : "แสดงจำนวนศัตรูที่มีวิทยุติดตามตัว (Pager)ไว้ทางซ้ายและศัตรูที่ไม่มีวิทยุไว้ทางขวา\nเมื่อสัญญาณเตือนดังขึ้นในเกม จะแสดงแค่จำนวนศัตรูเท่านั้น",

    "ehi_show_civilian_count_tracker" : "แสดงจำนวนประชาชน",
    "ehi_show_civilian_count_tracker_desc" : "แสดงจำนวนประชาชนทั้งหมดที่อยู่ในด่าน\n\nถ้าไม่มีประชาชนใดๆ ไอคอนติดตามนี้จะไม่แสดงให้เห็น",

    "ehi_show_laser_tracker" : "แสดงไอคอนติดตามเลเซอร์",
    "ehi_show_laser_tracker_desc" : "แสดงเวลาเลเซอร์ที่มีการเปลี่ยนสถานะกลับไปกลับมาได้",

    "ehi_show_assault_delay_tracker" : "แสดงไอคอนการหน่วงเวลาก่อนการจู่โจม",
    "ehi_show_assault_delay_tracker_desc" : "แสดงหน้าต่างการหน่วงเวลาก่อนการจู่โจมรอบต่อไป\n\nหน้าต่างจะไม่แสดงให้เห็นกับผู้เล่นที่เข้าร่วมห้องที่ดำเนินการอยู่การจู่โจมมีการเปลี่ยนแปลง",

    "ehi_show_assault_time_tracker" : "แสดงเวลาการจู่โจม",
    "ehi_show_assault_time_tracker_desc" : "แสดงไอคอนเวลาการจู่โจม\n\nหน้าต่างจะไม่แสดงให้เห็นกับผู้เล่นที่เข้าร่วมห้องที่ดำเนินการอยู่การจู่โจมมีการเปลี่ยนแปลง",
    
    "ehi_show_loot_counter" : "แสดงจำนวนของที่ปล้นมาได้",
    "ehi_show_loot_counter_desc" : "แสดงจำนวนของที่ปล้นมาได้ทั้งหมดในด่านนั้นๆ",

    "ehi_show_all_loot_secured_popup" : "แสดงไอคอน 'ของปล้นได้ในด่าน'",
    "ehi_show_all_loot_secured_popup_desc" : "แสดงหน้าต่างของที่ปล้นได้ทั้งหมดในด่าน",

    "ehi_variable_random_loot_format" : "วิธีการแสดงประเภทของปล้น",
    "ehi_variable_random_loot_format_desc" : "เลือกวิธีการแสดงผลประเภทของปล้น\n\nตัวอย่าง:ของ 16 ชิ้นที่ปล้นได้แน่นอนและตู้เซฟที่อาจมีหรือไม่มีของที่สามารถปล้นได้ในนั้น; กระเป๋า 9 ใบที่ปล้นได้เรียบร้อย\n\nตัวเลือกที่ 1:\n9/16-20?\n\nตัวเลือกที่ 2:\n9/20?\n\nตัวเลือกที่ 3:\n9/16+4?",
    "ehi_variable_random_loot_format_1" : "ของที่ปล้นได้แล้ว / ของทั้งหมด - (ของทั้งหมด + ของอาจมีหรือไม่มี)?",
    "ehi_variable_random_loot_format_2" : "ของที่ปล้นได้แล้ว / (ของทั้งหมด + ของอาจมีหรือไม่มี)?",
    "ehi_variable_random_loot_format_3" : "ของที่ปล้นได้แล้ว / ของทั้งหมด + ของอาจมีหรือไม่มี?",

    "ehi_show_bodybags_counter" : "แสดงจำนวนกระเป๋าใส่ศพ",
    "ehi_show_bodybags_counter_desc" : "แสดงจำนวนกระเป๋าใส่ศพที่มี",
    
    "ehi_show_escape_chance" : "แสดงโอกาสการหลบหนี",
    "ehi_show_escape_chance_desc" : "แสดงค่าโอการการหลบหนี",
     
    "ehi_show_sniper_tracker" : "แสดงจำนวนศัตรูประเภทสไนเปอร์",
    "ehi_show_sniper_tracker_desc" : "แสดงจำนวนสไนเปอร์ตามสคริปที่ปรากฎในด่าน\n\nหมายเหตุ:\nสไนเปอร์มาร์แชลไม่ได้ถูกนับรวม\nแต่ละด่านมีสคริปสไนเปอร์แตกต่างกัน (ถ้ามี) หน้าต่างติดตามอาจแสดงต่างกันด้วย",

    "ehi_waypoints_menu" : "จุดอ้างอิง",
    "ehi_waypoints_menu_desc" : "จุดอ้างอิง (Waypoints) เป็นไอคอนในเกมที่แสดงที่วัตถุนั้นๆ โดยตรง",
    
    "ehi_show_waypoints" : "แสดงจุดอ้างอิง",
    "ehi_show_waypoints_desc" : "แสดงจุดอ้างอิงในเกม",

    "ehi_show_waypoints_only" : "แสดงจุดอ้างอิงเท่านั้น",
    "ehi_show_waypoints_only_desc" : "เมื่อใช้ตัวเลือกนี้ จะทำการแสดงเพียงจุดอ้างอิงหากมีทั้งไอคอนติดตามและจุดอ้างอิงถูกใช้งานอยู่\nหรือมีเพียงไอคอนติดตามที่ปรากฎเท่านั้น",

    "ehi_show_waypoints_present_timer" : "กำหนดเเวลาของแอนิเมชั่นจุดอ้างอิง",
    "ehi_show_waypoints_present_timer_desc" : "กำหนดระยะเวลาสูงสุดที่จุดอ้างอิงจะถูกแสดงบนหน้าจอของคุณก่อนที่มันจะ'ถูกย้าย'ไปอยู่ที่วัตถุเป้าหมาย",

    "ehi_show_waypoints_mission" : "แสดงไอคอนติดตามสำหรับไอคอนในแต่ละด่าน",
    "ehi_show_waypoints_mission_desc" : "แสดงไอคอนติดตามสำหรับไอคอนในแต่ละด่าน (Heist Elements = ไอคอนแสดงเป้าหมายที่ต้องทำ, อุปกรณ์ที่จำเป็นในด่าน ฯลฯ)",
     
    "ehi_show_waypoints_enemy_turret" : "แสดงจุดอ้างอิงสำหรับป้อมปืนของศัตรู",
    "ehi_show_waypoints_enemy_turret_desc" : "แสดงจุดอ้างอิงที่ป้อมปืนของศัตรูเมื่อป้อมปืนนั้นกำลังโหลดกระสุนชุดใหม่หรือกำลังซ่อมแซมตัวมัน",

    "ehi_show_waypoints_timers" : "แสดงจุดอ้างอิงเกี่ยวกับเวลา",
    "ehi_show_waypoints_timers_desc" : "แสดงไอคอนติดตามเกี่ยวกับเวลาที่ปรากฎในเกม (การแฮคระบบ, สว่าน, เลื่อย ฯลฯ)",

    "ehi_show_waypoints_pager" : "แสดงจุดอ้างอิงสำหรับวิทยุเรียกตัว",
    "ehi_show_waypoints_pager_desc" : "แสดงจุดอ้างอิงสำหรับวิทยุเรียกตัวหรือ pager ที่ต้องถูกตอบกลับ",

    "ehi_show_waypoints_cameras" : "แสดงจุดอ้างอิงกล้องที่ถูกลูป",
    "ehi_show_waypoints_cameras_desc" : "แสดงจุดอ้างอิงตำแหน่งกล้องวงจรปิดที่ถูกลูปภาพในขณะนั้น",

    "ehi_show_waypoints_zipline" : "แสดงไอคอนติดตามสำหรับที่โหนสลิง",
    "ehi_show_waypoints_zipline_desc" : "แสดงไอคอนติดตามการใช้โหนสลิงที่กำลังถูกใช้งาน\nมีเพียงแค่โหนสลิงเท่านั้นที่จะแสดงค่า",

    "ehi_show_waypoints_ecmjammer" : "แสดงไอคอนสำหรับเครื่องรบกวนสัญญาณ",
    "ehi_show_waypoints_ecmjammer_desc" : "แสดงไอคอนสำหรับเครื่องรบกวนสัญญาณที่กำลังทำงานอยู่",
    
    "ehi_buffs_menu" : "ทักษะ",
    "ehi_buffs_menu_desc" : "Buffs หรือทักษะที่ถูกใช้งานในเกม แสดงในรูปไอคอน",

    "ehi_show_buffs" : "แสดงทักษะ",
    "ehi_show_buffs_desc": "แสดงไอคอนทักษะที่กำลังถูกใช้งานหรือมีผลในเกมรวมถึงค่าคูลดาวน์จากทักษะและจากทักษะติดตัวพิเศษ หรือ Perk Deck",

    "ehi_buffs_scale_desc" : "ปรับขนาดไอคอนทักษะ หากใส่ตัวเลขเพิ่มขึ้น ขนาดไอคอนจะใหญ่ขึ้นด้วย ฯลฯ",

    "ehi_buffs_alignment" : "การจัดตำแหน่ง",
    "ehi_buffs_alignment_desc" : "กำหนดการจัดตำแหน่งไอคอนแสดงทักษะบนหน้าจอ",
    "ehi_buffs_alignment_1" : "ซ้าย",
    "ehi_buffs_alignment_2" : "กลาง",
    "ehi_buffs_alignment_3" : "ขวา",

    "ehi_buffs_shape" : "รูปร่าง",
    "ehi_buffs_shape_desc" : "กำหนดการแสดงรูปร่างไอคอนแสดงทักษะบนหน้าจอ",
    "ehi_buffs_shape_1" : "สี่เหลี่ยมจัตุรัส",
    "ehi_buffs_shape_2" : "วงกลม",

    "ehi_buffs_show_progress" : "แสดงผลจากทักษะ",
    "ehi_buffs_show_progress_desc" : "กำหนดการแสดงผลลัพธ์ไอคอนแสดงทักษะว่าควรแสดงให้เห็นหรือไม่\nค่าดั้งเดิมจะแสดงผลลัพธ์ทักษะตามเข็มนาฬิกา",

    "ehi_buffs_invert_progress" : "แสดงผลกลับด้าน",
    "ehi_buffs_invert_progress_desc" : "เมื่อเปิดใช้ตัวเลือกนี้ จะแสดงผลลัพธ์ทักษะทวนเข็มนาฬิกา\nหากไม่ได้เปิดใช้งาน จะมีแสดงผลลัพธ์ทักษะตามเข็มนาฬิกา",

    "ehi_buffs_skills_cooldown" : "แสดงการหน่วงเวลา (Cooldown)",
    "ehi_buffs_skills_duration" : "แสดงระยะเวลา",
    "ehi_buffs_skills_progress" : "แสดงความคืบหน้า",
    "ehi_buffs_skills_value" : "แสดงค่าสถานะบัพ",

    "ehi_buffs_skills_menu" : "ทักษะ",
    "ehi_buffs_skills_mastermind_menu" : "Mastermind",
    "ehi_buffs_skills_mastermind_medic_subclass" : "Medic",
    "ehi_buffs_skills_mastermind_inspire_basic" : "Inspire (Basic)",
    "ehi_buffs_skills_mastermind_inspire_basic_desc" : "แสดงการหน่วงเวลาหลังจากที่ใช้ inspire กับเพื่อนพ้อง",
    "ehi_buffs_skills_mastermind_inspire_ace" : "Inspire (Ace)",
    "ehi_buffs_skills_mastermind_inspire_ace_desc" : "แสดงการหน่วงเวลาที่จะสามารถใช้ทักษะได้อีกครั้งหลังจากที่ใช้ชุบชีวิตเพื่อนพ้อง",
    "ehi_buffs_skills_mastermind_uppers" : "Uppers",
    "ehi_buffs_skills_mastermind_uppers_range" : "Uppers Range",
    "ehi_buffs_skills_mastermind_uppers_range_desc" : "แสดงทักษะนี้เมื่อคุณอยู่ในระยะทักษะรัศมีฟื้นฟูเลือดอัตโนมัติจาก FAK",
    "ehi_buffs_skills_mastermind_uppers_range_refresh" : "Uppers Range Refresh",
    "ehi_buffs_skills_mastermind_uppers_range_refresh_desc" : "กำหนดค่าเวลาเป็นวินาทีเพื่ออัพเดททักษะ 'Uppers Range' ",
    "ehi_buffs_skills_mastermind_quick_fix" : "Quick Fix",
    "ehi_buffs_skills_mastermind_painkillers" : "Painkillers",
    "ehi_buffs_skills_mastermind_combat_medic" : "Combat Medic",
    "ehi_buffs_skills_mastermind_controller_subclass" : "Controller",
    "ehi_buffs_skills_mastermind_hostage_taker_muscle" : "Hostage Taker / Muscle",
    "ehi_buffs_skills_mastermind_forced_friendship" : "Forced Friendship (Absorption)",
    "ehi_buffs_skills_mastermind_forced_friendship_desc" : "แสดงค่าการดูดซึมสะสมจากทักษะ Forced Friendship",
    "ehi_buffs_skills_mastermind_sharpshooter_subclass" : "Sharpshooter",
    "ehi_buffs_skills_mastermind_ammo_efficiency" : "Ammo Efficiency",
    "ehi_buffs_skills_mastermind_aggressive_reload" : "Aggressive Reload",

    "ehi_buffs_skills_enforcer_menu" : "Enforcer",
    "ehi_buffs_skills_enforcer_shotgunner_subclass" : "Shotgunner",
    "ehi_buffs_skills_enforcer_overkill" : "Overkill",
    "ehi_buffs_skills_enforcer_underdog" : "Underdog",
    "ehi_buffs_skills_enforcer_tank_subclass" : "Tank",
    "ehi_buffs_skills_enforcer_bullseye" : "Bullseye",
    "ehi_buffs_skills_enforcer_ammo_specialist_subclass" : "Ammo Specialist",
    "ehi_buffs_skills_enforcer_bulletstorm" : "Bulletstorm",

    "ehi_buffs_skills_ghost_menu" : "Ghost",
    "ehi_buffs_skills_ghost_shinobi_subclass" : "Shinobi",
    "ehi_buffs_skills_ghost_sixth_sense_initial" : "Sixth Sense (Initial Delay)",
    "ehi_buffs_skills_ghost_sixth_sense_marked" : "Sixth Sense (Marked units)",
    "ehi_buffs_skills_ghost_sixth_sense_marked_desc" : "แสดงจำนวนศัตรูที่ปรากฎในรัศมีของทักษะ Sixth Sense",
    "ehi_buffs_skills_ghost_sixth_sense_refresh" : "Sixth Sense (Refresh Delay)",
    "ehi_buffs_skills_ghost_artful_dodger_subclass" : "Artful Dodger",
    "ehi_buffs_skills_ghost_dire_need" : "Dire Need",
    "ehi_buffs_skills_ghost_silent_killer_subclass" : "Silent Killer",
    "ehi_buffs_skills_ghost_second_wind" : "Second Wind",
    "ehi_buffs_skills_ghost_unseen_strike" : "Unseen Strike",
    "ehi_buffs_skills_ghost_unseen_strike_initial" : "Unseen Strike (Initial Delay)",

    "ehi_buffs_skills_fugitive_menu" : "Fugitive",
    "ehi_buffs_skills_fugitive_gunslinger_subclass" : "Gunslinger",
    "ehi_buffs_skills_fugitive_trigger_happy" : "Trigger Happy",
    "ehi_buffs_skills_fugitive_desperado" : "Desperado",
    "ehi_buffs_skills_fugitive_revenant_subclass" : "Revenant",
    "ehi_buffs_skills_fugitive_running_from_death_reload" : "Running from Death (Reload and Swap)",
    "ehi_buffs_skills_fugitive_running_from_death_movement" : "Running from Death (Movement)",
    "ehi_buffs_skills_fugitive_up_you_go" : "Up You Go",
    "ehi_buffs_skills_fugitive_swan_song" : "Swan Song",
    "ehi_buffs_skills_fugitive_brawler_subclass" : "Brawler",
    "ehi_buffs_skills_fugitive_bloodthirst" : "Bloodthirst",
    "ehi_buffs_skills_fugitive_bloodthirst_ratio" : "รูปแบบค่า Bloodthirst",
    "ehi_buffs_skills_fugitive_bloodthirst_ratio_desc" : "แสดงค่าเป็นเปอร์เซ็นเทียบกับจำนวนสำหรับสถานะบัพ Bloodthirst\nตั้งค่าที่ 0% คือให้แสดงค่าตลอด\n\nค่าดั้งเดิมที่ตั้งไว้ คือ 34% คือฆ่าไปราวๆ 6 คนโดยปรกติ",
    "ehi_buffs_skills_fugitive_bloodthirst_reload" : "Bloodthirst (Reload)",
    "ehi_buffs_skills_fugitive_berserker" : "Berserker",
    "ehi_buffs_skills_fugitive_berserker_refresh" : "อัพเดทค่า Berserker",
    "ehi_buffs_skills_fugitive_berserker_refresh_desc" : "กำหนดค่าเวลาเป็นวินาทีเพื่ออัพเดททักษะ 'Berserker' ",
    "ehi_buffs_skills_fugitive_berserker_format" : "รูปแบบ Berserker",
    "ehi_buffs_skills_fugitive_berserker_format_desc" : "เลือกรูปแบบที่จะอัพเดทสถานะบัพ Berserker ทั้งจากการโจมตีระยะประชิดและจากการโจมตีระยะไกล\n\nตัวคูณ: 1.4x 2.6x\n\nเปอร์เซ็น: 140% 260%",
    "ehi_buffs_skills_fugitive_berserker_format_1" : "ตัวคูณ",
    "ehi_buffs_skills_fugitive_berserker_format_2" : "เปอร์เซ็น",

    "ehi_buffs_perks_menu" : "ทักษะติดตัวพิเศษ",
    "ehi_buffs_perks_infiltrator" : "Infiltrator",
    "ehi_buffs_perks_infiltrator_desc" : "แสดงค่าความสามารถและการหน่วงเวลาสำหรับทักษะติดตัวพิเศษ Infiltrator",
    "ehi_buffs_perks_gambler" : "Gambler",
    "ehi_buffs_perks_gambler_desc" : "แสดงค่าความสามารถและการหน่วงเวลาสำหรับทักษะติดตัวพิเศษ Gambler",
    "ehi_buffs_perks_grinder" : "Grinder",
    "ehi_buffs_perks_grinder_desc" : "แสดงค่าความสามารถและการหน่วงเวลาสำหรับทักษะติดตัวพิเศษ Grinder",
    "ehi_buffs_perks_maniac" : "Maniac",
    "ehi_buffs_perks_maniac_desc" : "แสดงค่าความสามารถและการหน่วงเวลาสำหรับทักษะติดตัวพิเศษ Maniac",
    "ehi_buffs_perks_anarchist" : "Anarchist / Armorer",
    "ehi_buffs_perks_anarchist_desc" : "แสดงค่าความสามารถและการหน่วงเวลาสำหรับทักษะติดตัวพิเศษ Anarchist / Armorer",
    "ehi_buffs_perks_expresident" : "Ex-President",
    "ehi_buffs_perks_expresident_desc" : "แสดงค่าความสามารถและการหน่วงเวลาสำหรับทักษะติดตัวพิเศษ Ex-President",
    "ehi_buffs_perks_biker" : "Biker",
    "ehi_buffs_perks_biker_desc" : "แสดงค่าความสามารถและการหน่วงเวลาสำหรับทักษะติดตัวพิเศษ Biker",
    "ehi_buffs_perks_kingpin" : "Kingpin",
    "ehi_buffs_perks_kingpin_desc" : "แสดงค่าความสามารถและการหน่วงเวลาสำหรับทักษะติดตัวพิเศษ Kingpin",
    "ehi_buffs_perks_sicario" : "Sicario",
    "ehi_buffs_perks_sicario_desc" : "แสดงค่าความสามารถและการหน่วงเวลาสำหรับทักษะติดตัวพิเศษ Sicario",
    "ehi_buffs_perks_stoic" : "Stoic",
    "ehi_buffs_perks_stoic_desc" : "แสดงค่าความสามารถและการหน่วงเวลาสำหรับทักษะติดตัวพิเศษ Stoic",
    "ehi_buffs_perks_tag_team" : "Tag Team",
    "ehi_buffs_perks_tag_team_desc" : "แสดงค่าความสามารถและการหน่วงเวลาสำหรับทักษะติดตัวพิเศษ Tag Team",
    "ehi_buffs_perks_hacker" : "Hacker",
    "ehi_buffs_perks_hacker_desc" : "แสดงค่าความสามารถและการหน่วงเวลาสำหรับทักษะติดตัวพิเศษ Hacker",
    "ehi_buffs_perks_leech" : "Leech",
    "ehi_buffs_perks_leech_desc" : "แสดงค่าความสามารถและการหน่วงเวลาสำหรับทักษะติดตัวพิเศษ Leech",
    "ehi_buffs_perks_copycat" : "Copycat",
    "ehi_buffs_perks_copycat_desc" : "แสดงค่าความสามารถและการหน่วงเวลาสำหรับทักษะติดตัวพิเศษ Copycat",

    "ehi_buffs_other_menu" : "อื่นๆ",
    "ehi_buffs_other_interact" : "การปฏิสัมพันธ์",
    "ehi_buffs_other_reload" : "รีโหลด",
    "ehi_buffs_other_melee_charge" : "เวลาชาร์ตอาวุธระยะประชิต",
    "ehi_buffs_other_shield_regen" : "เวลาหน่วงที่เกราะฟื้นตัว",
    "ehi_buffs_other_stamina" : "ความอึด",
    "ehi_buffs_other_dodge" : "โอกาสหลบหลีก",
    "ehi_buffs_other_dodge_refresh" : "การอัพเดทโอกาสหลบหลีก",
    "ehi_buffs_other_dodge_refresh_desc" : "กำหนดค่าเวลาเป็นวินาทีเพื่ออัพเดท  'โอกาสหลบหลีก' ",
    "ehi_buffs_other_dodge_persistent" : "การคงค่าโอกาสหลีกถาวร",
    "ehi_buffs_other_dodge_persistent_desc" : "'ค่าการหลบหลีก' จะแสดงบนหน้าจอเมื่อโอกาสหลบหลีกคุณมีค่าน้อยกว่า 0%",
    "ehi_buffs_other_crit" : "โอกาสติดคริติคอล",
    "ehi_buffs_other_crit_refresh" : "การอัพเดทโอกาสติดคริติคอล",
    "ehi_buffs_other_crit_refresh_desc" : "กำหนดค่าเวลาเป็นวินาทีเพื่ออัพเดท 'โอกาสติดคริติคอล'",
    "ehi_buffs_other_crit_persistent" : "การคงค่าโอกาสติดคริติคอล",
    "ehi_buffs_other_crit_persistent_desc" : "'โอกาสติดคริติคอล' จะแสดงบนหน้าจอเมื่อโอกาสติดคริติคอลของคุณมีค่าน้อยกว่า 0%",
    "ehi_buffs_other_inspire_ai" : "Inspire (AI)",
    "ehi_buffs_other_regen_throwable_ai" : "เพิ่มจำนวนอาวุธปา (AI)",    
    "ehi_buffs_other_health" : "ค่าเลือด",    
    "ehi_buffs_other_armor" : "ค่าเกราะ",

    "ehi_inventory_menu" : "กล่องเครื่องมือ",
    "ehi_inventory_menu_desc" : "",
    
    "ehi_show_inventory_detailed_description" : "รายละเอียดกล่องเครื่องมือ",
    "ehi_show_inventory_detailed_description_desc" : "แสดงรายละเอียดกล่องเครื่องมือสำหรับอาวุธปาและอุปกรณ์\nจำเป็นต้องเริ่มด่านใหม่เพื่อให้เกิดผลลัพธ์",
    
    "ehi_hide_original_desc" : "ซ่อนคำอธิบายดั้งเดิม",
    "ehi_hide_original_desc_desc" : "ซ่อนคำอธิบายดั้งเดิม",

    "ehi_bm_charges" : "%s ครั้ง (%s จำนวนครั้งทั้งหมด)",
    "ehi_bm_charges_no_total" : "%s ครั้ง",
    "ehi_bm_doctor_bag" : "ฟื้นฟูเลือดและจำนวนการล้ม",
    "ehi_bm_doctor_bag_2" : "Quick Fix: หลังจากใช้งาน ลดความเสียหายที่ได้รับ $multiplier เท่า เป็นเวลา $duration;วินาที",
    "ehi_bm_ammo_bag" : "กระสุนอาวุธรองถูกเติม แล้วตามด้วยอาวุธหลัก",
    "ehi_bm_ammo_bag_2" : "Bulletstorm: ให้กระสุนไม่จำกัดเป็นเวลา %ds วินาที (ขึ้นอยู่กับว่าเติมกระสุนเยอะมั้ย)",
    "ehi_bm_armor_kit" : "เลือกชุดเกราะและผู้เล่นเริ่มจากชุดสูทก่อน\nหลังจากใช้งาน ผู้เล่นเลือกชุดเกราะ\nหากใส่แล้ว จะกลับไปใส่สูทไม่ได้",
    "ehi_bm_ecm_jammer" : "ปลดล็อคประตูควบคุมระบบไฟฟ้า",
    "ehi_bm_ecm_jammer_2" : "หน่วงเวลาการตอบวิทยุ",
    "ehi_bm_bodybags_bag" : "ซ่อนศพ (ลอบเร้น)",
    "ehi_bm_trip_mine" : "กับดักไฟมหาประลัย",
    "ehi_bm_sentry_gun" : "พลังชีวิต",
    "ehi_bm_sentry_gun_2" : "กระสุน",
    "ehi_bm_sentry_gun_3" : "กระสุนประเภท AP (เปลี่ยนไปมาได้)",
    "ehi_bm_sentry_gun_4" : "AP",
    "ehi_bm_sentry_gun_5" : "โล่ป้องกัน",
    "ehi_bm_sentry_gun_6" : "ปริมาณกระสุนเพื่อวางป้อม",
    "ehi_bm_sentry_gun_7" : "ความไม่แม่นยำ",
    "ehi_bm_sentry_gun_8" : "องศา",
    "ehi_bm_sentry_gun_silent" : "เก็บเสียง",
    "ehi_bm_first_aid_kit" : "เพิ่มเลือดเท่านั้น",
    "ehi_bm_first_aid_kit_2" : "Uppers: เพิ่มเลือดอัตโนมัติหากผู้เล่นสูญเสียเลือดทั้งหมดและอยู่ในรัศมีของ %sม.\nฟื้นฟูทักษะ: %dวินาที",
    "ehi_bm_grenade_crate" : "เพิ่มจำนวนอาวุธปา",
    "ehi_bm_grenade_crate_2" : "ใช้ไม่ได้ผลกับทักษะพิเศษ",
    "ehi_bm_damage" : "ความเสียหาย",
    "ehi_bm_max_damage" : "ความเสียหายสูงสุด",
    "ehi_bm_range" : "ขอบเขต",
    "ehi_bm_base_cooldown" : "ค่าฟื้นฟูพื้นฐาน",
    "ehi_bm_duration" : "ระยะเวลา",
    "ehi_bm_cooldown_drain" : "ศัตรูที่ถูกฆ่าแต่ละคนเพิ่มค่าฟื้นฟู %sวินาที",
    "ehi_bm_instant" : "ทันที",
    "ehi_bm_poison" : "พิษ",
    "ehi_bm_fire" : "ไฟ",
    "ehi_bm_dot" : "ความเสียหายต่อเนื่อง",
    "ehi_bm_dot_tick_period" : "ความเสียหายทุกๆ %sวินาที",
    "ehi_bm_dot_chance" : "โอกาสเกิด",
    "ehi_bm_explosion" : "การระเบิด",
    "ehi_bm_fir_com" : "เกิดการระเบิด แล้วตามด้วยความเสียหายจากไฟ",
    "ehi_bm_concussion_1" : "บดบังการมองเห็นศัตรูและทำให้ติดมึน",
    "ehi_bm_concussion_2" : "หลังจากถูกระเบิดแสง ศัตรูจะติดดีบัพความแม่นยำลดเหลือ %s%s เป็นเวลา %dวินาที",
    "ehi_bm_poison_gas_grenade_1" : "เกิดการระเบิด แล้วสร้างความเสียหายจากแก๊สพิษ",
    "ehi_bm_poison_gas_grenade_2" : "กระจายโดยรอบ",
    "ehi_bm_sticky_grenade" : "แปะติดที่พื้นหรือที่ตัวศัตรู",
    "ehi_bm_kingpin_1" : "เพิ่มเลือด %s%s จากความเสียหายที่ได้รับ (ใช้งานอยู่)",
    "ehi_bm_kingpin_2" : "ศัตรูรอบๆ จะชอบเลือกโจมตีผู้เล่นนี้ (ใช้งานอยู่)",
    "ehi_bm_kingpin_3" : "เมื่อมีค่าเลือดต่ำกว่า %s%s ผลลัพธ์ทักษะจะเพิ่มขึ้น %s%s (ใช้งานอยู่)",
    "ehi_bm_kingpin_4" : "หากมีเลือดเต็ม ค่าฟื้นฟูทักษะจะเร็วขึ้น $duration;วินาทีต่อ $heal เลือดที่ได้รับ (ใช้งานอยู่)",
    "ehi_bm_sicario_1" : "หากอยู่ในระเบิดควัน ผู้เล่นและเพื่อนในแก๊งสามารถหลบกระสุนได้ %s%s",
    "ehi_bm_sicario_2" : "ศัตรูที่อยู่ในระเบิดควันถูกลดความแม่นยำในการโจมตีผู้เล่นลง %s%s",
    "ehi_bm_sicario_3" : "ผลลัพธ์ทักษะพิเศษเพิ่มขึ้น %s%s หากผู้เล่นอยู่ในระเบิดควัน",
    "ehi_bm_sicario_4" : "เพื่อนในแก๊งเพิ่มโอกาสหลบกระสุนได้ %s%s",
    "ehi_bm_stoic_1" : "หากใช้ Stoic's Hip Flask จะสามารถกำจัดความเสียหายสะสมได้",
    "ehi_bm_stoic_2" : "หากเลือดผู้เล่นต่ำกว่า %s%s ค่าการฟื้นฟูจะเร็วขึ้น %sวินาที ต่อศัตรูที่กำจัดได้ %sคน",
    "ehi_bm_tagteam_1" : "ศัตรูแต่ละคนที่ผู้เล่นและเพื่อนที่ผู้เล่นแทคฆ่าจะเพิ่มเลือดให้ผู้เล่น %s และเพิ่มเลือดให้เพื่อน %s (ใช้งานอยู่)",
    "ehi_bm_tagteam_2_a" : "ศัตรูแต่ละคนที่ถูกผู้เล่นหรือเพื่อนที่ผู้เล่นแทคฆ่าจะช่วยเพิ่มเวลาทักษะพิเศษที่ %sวินาทีและค่าการฟื้นฟูจะเร็วขึ้น %sวินาที (ใช้งานอยู่)",
    "ehi_bm_tagteam_2_b" : "ศัตรูแต่ละคนที่ถูกผู้เล่นฆ่าช่วยเพิ่มเวลาทักษะพิเศษที่ %sวินาที (ใช้งานอยู่)",
    "ehi_bm_tagteam_2_c" : "ศัตรูแต่ละคนที่ถูกผู้เล่นฆ่า การฟื้นฟูทักษะพิเศษจะเร็วขึ้น %sวินาที(ใช้งานอยู่)",
    "ehi_bm_tagteam_2_d" : "ศัตรูแต่ละคนที่ถูกเพื่อนที่ผู้เล่นแทคฆ่าช่วยเพิ่มเวลาฟื้นฟูทักษะพิเศษที่ %sวินาที (ใช้งานอยู่)",
    "ehi_bm_tagteam_3" : "ศัตรูแต่ละคนที่ผู้เล่นและเพื่อนที่ผู้เล่นแทคฆ่าจะช่วยเพิ่มการดูดซับความเสียหาย(Damage Absorption) ที่ %s จนถึง %s (ใช้งานอยู่)\nค่านี้จะถูกรีเซ็ตหากไม่ได้ใช้งาน",
    "ehi_bm_hacker_1" : "ศัตรูที่ผู้เล่นฆ่าเพิ่มเลือดให้ผู้เล่น %d (ใช้งานอยู่ - บู๊)",
    "ehi_bm_hacker_2" : "เพิ่มโอกาสหลบกระสุนชั่วคราวเมื่อฆ่าศัตรูได้ %s%s เป็นเวลา %sวินาที (ใช้งานอยู่)",
    "ehi_bm_hacker_3" : "เพื่อนในแก๊งที่ฆ่าศัตรูได้ช่วยเพิ่มเลือดให้ผู้เล่น %d (ใช้งานอยู่ - บู๊)",
    "ehi_bm_leech_1" : "หากเปิดใช้งาน คืนเลือดให้ผู้เล่น %s%s",
    "ehi_bm_leech_2" : "เกราะถูกปิดการใช้งานเมื่อทักษะพิเศษ Leech กำลังถูกใช้งานอยู่",
    "ehi_bm_leech_3" : "การฆ่าศัตรูต่อ %s คนจะเพิ่มระเวลาเป็นอมตะที่ %sวินาที (ใช้งานอยู่)",
    "ehi_bm_leech_4" : "แบ่งเลือดเป็น %s ส่วนและหากฆ่าศัตรู %s คนจะฟื้นคืนเลือด 1 ส่วน (ใช้งานอยู่)\nหากได้รับความเสียหาย จะลดเลือดทีละ 1 ส่วน\nหากความเสียหายเกินกว่าเลือด %s  ค่าเลือด %s ส่วนจะหายไป",
    "ehi_bm_leech_5" : "หากผู้เล่นไม่มีเลือดเหลืออยู่ ผู้เล่นจะไม่สามารถเข้าสู่โหมดล้มเพราะเสียเลือด แต่ผู้เล่นจะเคลื่อนที่ช้าลง %s%s (ใช้งานอยู่)",
    "ehi_bm_leech_6" : "ผู้เล่นที่ล้มสามารถใช้ทักษะพิเศษ Leech เพื่อกลับมาสู้ใหม่ได้ หากผู้เล่นสามารถช่วยเพื่อนในแก๊งได้สำเร็จหรือใช้กระเป๋าพยาบาลได้ทันเวลา ทำให้เลือดมีมากกว่า 0",
    
    "ehi_other_menu" : "อื่นๆ",
    "ehi_other_menu_desc" : "",
    
    "ehi_other_show_remaining_xp" : "แสดงค่าประสบการณ์ที่เหลือเพื่อไปสู่การจุติถัดไปในค่าปรกติหรือค่ากองกลาง",
    "ehi_other_show_remaining_xp_desc" : "แสดงค่าประสบการณ์ที่เหลือ\nถ้าผู้เล่นอยู่ที่เลเวล 100 ค่าประสบการณ์ที่เหลือจะไปสะสมในกองกลาง (Infamy Pool) และแสดงค่าให้เห็นหรือแสดงให้เห็นในค่าปรกติ\nจำเป็นต้องเริ่มด่านใหม่เพื่อให้เกิดผลลัพธ์",
    "ehi_other_show_remaining_xp_to_100" : "แสดงค่าประสบการณ์ที่เหลือเพื่อไปสู่เลเวล 100",
    "ehi_other_show_remaining_xp_to_100_desc" : "แสดงค่าประสบการณ์ที่เหลือเพื่อไปสู่เลเวล 100 (ตัวเลือกนี้จะแสดงในเกมหากผู้เล่นเลเวลต่ำกว่า 100)",
    
    "ehi_other_show_mission_xp_overview" : "แสดงค่าประสบการณ์โดยรวมจากด่าน",
    "ehi_other_show_mission_xp_overview_desc" : "แสดงค่าประสบการณ์โดยคร่าวๆ ที่สามารถได้รับทั้งหมดในช่วงวางแผน",
    
    "ehi_colors_menu" : "สี",
    "ehi_colors_menu_desc" : "เปลี่ยนสีที่แสดง",
    
    "ehi_colors_tracker_waypoint" : "ไอคอนติดตาม / ไอคอนแสดงตำแหน่ง",
    
    "ehi_colors_inaccurate" : "ไม่เที่ยงตรง",
    "ehi_colors_inaccurate_desc" : "เปลี่ยนสีข้อความหาก ไอคอนติดตาม / ไอคอนแสดงตำแหน่ง (Tracker / Waypoint) แสดงผลลัพธ์ได้ไม่เที่ยงตรง",
    
    "ehi_colors_pause" : "หยุด",
    "ehi_colors_pause_desc" : "เปลี่ยนสีข้อความหาก ไอคอนติดตาม / ไอคอนแสดงตำแหน่งถูกหยุดเอาไว้ชั่วคราว",
    
    "ehi_colors_drill_autorepair" : "การเปิดใช้งานตัวเองของสว่าน/เลื่อย",
    "ehi_colors_drill_autorepair_desc" : "เปลี่ยนสีไอคอนหากสว่าน/เลื่อยได้เปิดการใช้งานตัวเองอีกครั้ง",
    
    "ehi_colors_warning" : "คำเตือน",
    "ehi_colors_warning_desc" : "ใส่อนิเมชั่นให้กับสีข้อความหากมีเวลาเหลือเพียง 10 วินาที",
    
    "ehi_colors_completion" : "สำเร็จ",
    "ehi_colors_completion_desc" : "ใส่อนิเมชั่นให้กับสีข้อความหากมีเวลาเหลือเพียง 10 วินาที",
    
    "ehi_colors_mission_briefing" : "ช่วงวางแผน",
    
    "ehi_colors_loot_secured" : "ของปล้นได้ในด่าน",
    "ehi_colors_loot_secured_desc" : "เปลี่ยนสีของปล้นได้ในด่าน",
    
    "ehi_colors_total_xp" : "ค่าประสบการณ์ทั้งหมด",
    "ehi_colors_total_xp_desc" : "เปลี่ยนสีค่าประสบการณ์ทั้งหมดที่ผู้เล่นได้รับ",
    
    "ehi_colors_optional" : "เป้าหมายรอง",
    "ehi_colors_optional_desc" : "เปลี่ยนสีเป้าหมายสำรองที่ไม่จำเป็นต้องทำในด่าน\nแต่หากทำสำเร็จ จะช่วยเพิ่มค่าประสบการณ์ให้กับผู้เล่น",

    "ehi_experience_infamy_pool" : "จุติใหม่:",
    "ehi_experience_next_level" : "ถัดไปใน:",
    "ehi_experience_100_in" : "100 ใน:",
    "ehi_experience_xp_overview" : "ภาพรวมค่าประสบการณ์:",
    "ehi_experience_xp" : "XP",
    "ehi_experience_total_xp" : "ค่าประสบการณ์ทั้งหมด: ",
    "ehi_experience_all_gage_packages" : "รวมไปถึง Gage packages:",
    "ehi_experience_stealth" : "ลอบเร้น",
    "ehi_experience_loud" : "บู๊ล้างผลาญ",
    "ehi_experience_c4_used" : "วาง C4",
    "ehi_experience_to_secure" : "ต้องมีจำนวนของปล้น: $amount",
    "ehi_experience_xp_bonus" : "โบนัสค่าประสบการณ์",
    "ehi_experience_trigger_times" : "$times;ครั้งสูงสุด",
    "ehi_experience_random_objectives" : "$count เป้าหมายแบบสุ่มทั้งหมด:",
    "ehi_experience_random_objectives_no_count" : "เป้าหมายแบบสุ่ม:",
    "ehi_experience_heli_escape" : "หลบหนีด้วยฮ.",
    "ehi_experience_loud_escape" : "หลบหนีแบบบู๊",
    "ehi_experience_stealth_escape" : "หลบหนีแบบลอบเร้น",
    "ehi_experience_escape" : "การหลบหนี",
    "ehi_experience_each_goat_secured" : "แพะที่ได้แต่ละตัว",
    "ehi_experience_each_loot_secured" : "ของปล้นได้แต่ละใบ",
    "ehi_experience_loot_else" : "ของปล้นอื่นๆ",
    "ehi_experience_loot_secured" : "ของปล้นได้",
    "ehi_experience_each_wave_survived" : "การรอดชีวิตจากการจูโจ่มของตำรวจแต่ละรอบ",
    "ehi_experience_wave_survived" : "รอบที่ $wave;: ",
    "ehi_experience_vault_found" : "ค้นพบประตูนิรภัย",
    "ehi_experience_vault_open" : "ประตูนิรภัยเปิดอยู่",
    "ehi_experience_turret_secured" : "ป้อมปืนที่ปล้นได้",
    "ehi_experience_pc_found" : "ค้นพบ PC",
    "ehi_experience_pc_hack" : "เจาระบบ PC",
    "ehi_experience_correct_pc_hack" : "เจาะระบบ PC ถูกเครื่อง",
    "ehi_experience_c4_set_up" : "ติดตั้ง C4",
    "ehi_experience_cage_assembled" : "ประกอบกรงแล้ว",
    "ehi_experience_vault_drill_done" : "เจาะห้องนิรภัยเสร็จแล้ว",
    "ehi_experience_vault_drills_done" : "สว่าน 2+ เจาะห้องนิรภัยเสร็จแล้ว",
    "ehi_experience_thermaldrill_done" : "เธอร์ไมท์ห้องนิรภัยเสร็จแล้ว",
    "ehi_experience_saw_done" : "เลื่อยเสร็จแล้ว",
    "ehi_experience_saws_done" : "เลื่อย 2+ เสร็จแล้ว",
    "ehi_experience_timelock_done" : "เจาะประตูล็อคเวลาเสร็จแล้ว"
}