{
	"menu_id" : "ach_menu_compat",
	"parent_menu_id" : "ach_menu_main",
	"title" : "menu_ach_menu_compat_title",
	"back_callback" : "callback_ach_compat_close",
	"focus_changed_callback" : "callback_ach_compat_focus",
	"items" : [
		{
			"type" : "toggle",
			"id" : "ach_menu_compat_compatibility_auto_detection",
			"title" : "menu_ach_menu_compat_compatibility_auto_detection_title",
			"description" : "menu_ach_menu_compat_compatibility_auto_detection_desc",
			"callback" : "callback_ach_menu_compat_compatibility_auto_detection",
			"value" : "compatibility_auto_detection"
		},
		{
			"type" : "divider",
			"id" : "ach_menu_compat_div_1",
			"size" : 8
		},
		{
			"type" : "toggle",
			"id" : "ach_menu_compat_compatibility_playermanager_checkskill",
			"title" : "menu_ach_menu_compat_compatibility_playermanager_checkskill_title",
			"description" : "menu_ach_menu_compat_compatibility_playermanager_checkskill_desc",
			"callback" : "callback_ach_menu_compat_compatibility_playermanager_checkskill",
			"value" : "compatibility_hook_playermanager_checkskill"
		},
		{
			"type" : "toggle",
			"id" : "ach_menu_compat_compatibility_copdamage_damagemelee",
			"title" : "menu_ach_menu_compat_compatibility_copdamage_damagemelee_title",
			"description" : "menu_ach_menu_compat_compatibility_copdamage_damagemelee_desc",
			"callback" : "callback_ach_menu_compat_compatibility_copdamage_damagemelee",
			"value" : "compatibility_hook_copdamage_damagemelee"
		},
		{
			"type" : "toggle",
			"id" : "ach_menu_compat_compatibility_copdamage_rollcriticalhit",
			"title" : "menu_ach_menu_compat_compatibility_copdamage_rollcriticalhit_title",
			"description" : "menu_ach_menu_compat_compatibility_copdamage_rollcriticalhit_desc",
			"callback" : "callback_ach_menu_compat_compatibility_copdamage_rollcriticalhit",
			"value" : "compatibility_hook_copdamage_rollcriticalhit"
		}
	]
}