{
	"menu_id" : "ach_menu_misc",
	"parent_menu_id" : "ach_menu_main",
	"title" : "menu_ach_menu_misc_title",
	"back_callback" : "callback_ach_misc_close",
	"focus_changed_callback" : "callback_ach_misc_focus",
	"items" : [
		{
			"type" : "toggle",
			"id" : "ach_menu_misc_enable_logs",
			"title" : "menu_ach_menu_misc_enable_logs_title",
			"description" : "menu_ach_menu_misc_enable_logs_desc",
			"callback" : "callback_ach_menu_misc_enable_logs",
			"value" : "logs_enabled"
		},
		{
			"type" : "divider",
			"id" : "ach_menu_misc_div_5",
			"size" : 16
		},
		{
			"type" : "toggle",
			"id" : "ach_menu_misc_enable_assets_always_loaded",
			"title" : "menu_ach_menu_misc_enable_assets_always_loaded_title",
			"description" : "menu_ach_menu_misc_enable_assets_always_loaded_desc",
			"callback" : "callback_ach_menu_misc_enable_assets_always_loaded",
			"value" : "assets_always_loaded_enabled"
		},
		{
			"type" : "divider",
			"id" : "ach_menu_misc_div_4",
			"size" : 16
		},
		{
			"type" : "toggle",
			"id" : "ach_menu_misc_can_check_melee_headshots",
			"title" : "menu_ach_menu_misc_can_check_melee_headshots_title",
			"description" : "menu_ach_menu_misc_can_check_melee_headshots_desc",
			"callback" : "callback_ach_menu_misc_can_check_melee_headshots",
			"value" : "can_check_melee_headshots"
		},
		{
			"type" : "divider",
			"id" : "ach_menu_misc_div_3",
			"size" : 16
		},
		{
			"type" : "toggle",
			"id" : "ach_menu_misc_easter_eggs_enabled",
			"title" : "menu_ach_menu_misc_easter_eggs_enabled_title",
			"description" : "menu_ach_menu_misc_easter_eggs_enabled_desc",
			"callback" : "callback_ach_menu_misc_easter_eggs_enabled",
			"value" : "easter_eggs_enabled"
		},
		{
			"type" : "divider",
			"id" : "ach_menu_misc_div_2",
			"size" : 16
		}
	]
}