{
	"the_fixes":"The Fixes",
	
	"TF_fire_dot_title":"Feuerschaden über Zeit Statistik Korrektur",
	"TF_fire_dot_desc":"Korrigiert die Zählung von Tötungen mit Feuerschaden über Zeit",
	"TF_gambler_title":"Korrigiere Munitionsteilung des Spielers",
	"TF_gambler_desc":"Diese Korrektur lässt die Fähigkeit der Munitionsteilung des Spielers auch mit Waffen funktionieren, welche geringe Munitionsaufnahme besitzen.",
	"TF_cops_reload_title":"Polizisten laden während Bewegung nach",
	"TF_cops_reload_desc":"Erlaubt den Polizisten nachzuladen, während sie sich bewegen",
	"TF_instant_quit_title":"Töte Spielprozess beim Beenden",
	"TF_instant_quit_desc":"Töte den Spielprozess beim klicken auf 'Beenden'. Behebt endloses beenden und endlosen 'Läuft' Status."
}