{
	"VoidUI_endless_assault" : "Assaut Infini",
	"VoidUI_jowi" : "Wick",
	"VoidUI_chico" : "Tony",
	"VoidUI_assault_1" : "Combien de consoles Nintendo possédez-vous?",
	"VoidUI_assault_2" : "Thismessageisreallyreal",
	"VoidUI_assault_3" : "Terminez l'assaut pour tuer le capitaine",
	"VoidUI_assault_4" : ":csdmad:",
	"VoidUI_assault_5" : "À quel point ce truc est long de toutes façons?",
	"VoidUI_assault_6" : "C'est l'alarme les gars, c'est foutu maintenant",
	"VoidUI_assault_7" : "Apparition d'un Bulldozer-Cloaker...",
	"VoidUI_assault_8" : "Investissez dans le Scrungo Coin!",
	"VoidUI_assault_9" : "Précommandez PAYDAY Battle Royale dès aujourd'hui.",
	"VoidUI_assault_10" : "Putain, on avait besoin de ces cuisiniers",
	"VoidUI_assault_11" : "J'éspère que vous avez aimé utiliser les silencieux",
	"VoidUI_assault_12" : "Le jeu est mort",
	"VoidUI_assault_13" : "Kento meurt à la fin d'Infinity War",
	"VoidUI_assault_14" : "Essayez ça dans la vraie vie",
	"VoidUI_assault_15" : "Karma gratuit pour iceman78772",
	"VoidUI_assault_16" : "On sait que vous cheatez",
	"VoidUI_assault_17" : "Un streamer local devient un easter egg",
	"VoidUI_assault_18" : "IL FAUT SAUVER LE SOLDAT HOXTON",
	"VoidUI_assault_19" : "Esawo est un dieu",
	"VoidUI_assault_20" : "Tirez dessus!",
	"VoidUI_assault_21" : "Vous avez été expulsé de la partie.",
	"VoidUI_assault_22" : "Le message secret d'assaut est juste cosmétique",
	"VoidUI_assault_23" : "Maintenant avec 60% de chance en plus de planter",
	"VoidUI_assault_24" : "Le jeu tourne à un bon 30FPS",
	"VoidUI_assault_25" : "No Mercy sera annulé en 2015",
	"VoidUI_assault_26" : "Agenouillez-vous devant la bannière d'assaut!",
	
	"VoidUI_options_title" : "Void UI",
	"VoidUI_options_desc" : "Modifiez l'apparence et le comportement de Void UI",
	"VoidUI_ingame_hud" : "HUD en-jeu",  
	"VoidUI_interface" : "Interface d'utilisateur",  
	"VoidUI_extras" : "Extras",	
	"VoidUI_hud_scale_title" : "Taille globale du HUD",
	"VoidUI_hud_scale_desc" : "Taille de tous les éléments du HUD. \nLes éléments peuvent aussi être modifiés séparément",
	"VoidUI_outlines_title" : "Contours colorisés des policiers convertis",
	"VoidUI_outlines_desc" : "Permet de coloriser les contours des policiers convertis en fonction de leur propriétaire",
	"VoidUI_assault_lines_title" : "Alertes d'assauts",
	"VoidUI_assault_lines_desc" : "Réintroduit les avertissements de Bain pour le prochain assaut. \nLéger: Avertissement toutes les 30s. Standard: Avertissements toutes les 30,20 et 10s, come dans PDTH.",
	"VoidUI_reset_title" : "Réinitialliser les options",
	"VoidUI_reset_desc" : "Restaure toutes les options par défaut",
	"VoidUI_reset_confirm" : "Êtes-vous sûr de vouloir réinitialliser les options et restaurer celles par défaut? Cette action est irréversible.",
	"VoidUI_warning_title" : "Options changées",
	"VoidUI_warning_desc" : "Certains changement ne prendront pas effet avant le prochain braquage",
	"VoidUI_warning_confirm" : "Ne pas rappeller",
	"VoidUI_tooltip_reset" : "Établir par défaut $BTN_RESET",
	"VoidUI_tooltip_reset_cnt" : "$BTN_RESET a été établi par défaut",
	"VoidUI_tooltip_steps" : "$BTN_STEP Pas large",
	
	"VoidUI_hudteammate_title" : "Panneaux du joueur et des coéquipiers",
	"VoidUI_hudteammate_desc" : "Comprend les options en rapport avec les panneaux du joueur et ses coéquipiers (barre de vie, munitions, etc.)",
	"VoidUI_teammate_panels_title" : "Activer les panneaux du joueur et ses coéquipiers",
	"VoidUI_teammate_panels_decs" : "Activer les panneaux Void UI du joueur et ses coéquipiers",
	
        "VoidUI_main_panel" : "Panneau du joueur",	
	"VoidUI_main_scale_title" : "Taille du HUD",
	"VoidUI_main_scale_desc" : "Modifie la taille du HUD (panneau) du joueur",	
	"VoidUI_main_health_title" : "Mesure de la vie",
	"VoidUI_main_health_desc" : "Modifie la manière dont la vie est présentée. \nPourcentage: Montre votre quantité de vie en pourcentages, Valeur réelle: Montre la quantité de vie réelle",
	"VoidUI_main_anim_time_title" : "Temps d'animation de la barre de vie",
	"VoidUI_main_anim_time_desc" : "Modifie la vitesse à laquelle l'animation de gain/perte de vie se fait (en secondes)",
	"VoidUI_armor_title" : "Mesure de l'armure",
	"VoidUI_armor_desc" : "Modifie la manière dont l'armure est présentée. \nPourcentage: Montre votre quantité d'armure en pourcentages, Valeur réelle: Montre la quantité d'armure réelle",
	"VoidUI_total_title" : "Munitions restantes réelles",  	    
	"VoidUI_total_decs" : "Montre le nombre de balles restantes que vous avez (excluant le nombre de balles dans le chargeur. Attention : cette valeur se lit après le slash) et non pas le total de vos munitions",	
	"VoidUI_main_loud_title" : "Nombre de downs",  	    
	"VoidUI_main_loud_desc" : "Montre le nombre de fois que vous pouvez être abattu avant d'aller en prison (bruyant uniquement)",
	"VoidUI_main_stealth_title" : "Montrer les sacs mortuaires",  	    
	"VoidUI_main_stealth_desc" : "Montre le nombre de sacs mortuaires restants (infiltration uniquement)",	
	"VoidUI_ammo_pickup_title" : "Montrer les munitions ramassées",  	    
	"VoidUI_ammo_pickup_desc" : "Montre les munitions ramassées (+x munitions) dans le panneau",		
	"VoidUI_main_fg_title" : "Couleur d'avant-plan",  	    
	"VoidUI_main_fg_desc" : "Couleurs des contours, du texte et des icônes d'équipement du panneau d'affichage du joueur principal",	

	"VoidUI_mate_panel" : "Panneau des coéquipiers",	
	"VoidUI_mate_scale_title" : "Taille du HUD des coéquipiers",
	"VoidUI_mate_scale_desc" : "Modifie la taille du HUD (panneau) des coéquipiers",   
	"VoidUI_mate_health_desc" : "Modifie la manière dont la vie des coéquipiers est présentée. \nPourcentage: Montre votre quantité de vie en pourcentages, Valeur réelle: Montre la quantité de vie réelle",
	"VoidUI_mate_anim_time_desc" : "Modifie la vitesse à laquelle l'animation de gain/perte de vie des coéquipiers se fait (en secondes)",
	"VoidUI_mate_armor_desc" : "Modifie la manière dont l'armure des coéquipiers est présentée. \nPourcentage: Montre votre quantité d'armure en pourcentages, Valeur réelle: Montre la quantité d'armure réelle",
	"VoidUI_mate_loud_title" : "Nombre de downs des coéquipiers",  	    
	"VoidUI_mate_loud_desc" : "Montre le nombre de fois que vos coéquipiers peuvent être abattus avant d'aller en prison (bruyant uniquement)",
	"VoidUI_mate_stealth_title" : "Afficher le risque de détection",  	    
	"VoidUI_mate_stealth_desc" : "Afficher le risque de détection de vos coéquipiers dans leurs barres de vie respectives (infiltration uniquement)",	
	"VoidUI_mate_name_title" : "Afficher le rang et le niveau de vos coéquipiers",  	    
	"VoidUI_mate_name_desc" : "Afficher le rang et le niveau de vos coéquipiers avant leur noms (au dessus de leurs panneaux)",
	"VoidUI_mate_interact_title" : "Temps d'interaction",  	    
	"VoidUI_mate_interact_desc" : "Montre le temps restant d'interact",	
	"VoidUI_mate_show_title" : "Afficher les panneaux des coéquipiers",
	"VoidUI_mate_show_desc" : "La façon dont les panneaux de vont coéquipiers sont affichés \n\n[Cacher: Ne jamais afficher les panneaux des coéquipiers]\n[Joueurs seuls: Cacher seulement les panneaux de l'IA]\n[Montrer: Afficher les panneaux pour les joueurs et l'IA]",  		
	"VoidUI_fire_auto" : "Auto",
	"VoidUI_fire_semi" : "Semi",
	"VoidUI_fire_burst" : "Rafale",
	
	"VoidUI_objectives_title" : "Temps et Objectifs",
	"VoidUI_objectives_desc" : "Options relatives au panneau de temps et au panneau d'objectif",
	"VoidUI_objectives_scale_title" : "Taille des panneaux",
	"VoidUI_objectives_scale_desc" : "Modifie la taille du panneau de temps et d'objectifs",
	"VoidUI_objectives_show_timer_title" : "Montrer le panneau de temps",
	"VoidUI_objectives_show_timer_desc" : "Affiche ou cache le panneau de temps \n\n[Cacher: Ne jamais afficher]\n[Sur l'écran statistique: Afficher uniquement lorsque l'écran statistique est ouvert]\n[Montrer: Toujours afficher]",
	"VoidUI_timer_panel" : "Panneau de temps",
	"VoidUI_enable_timer_title" : "Activer le panneau de temps",
	"VoidUI_enable_timer_desc" : "Active le panneau de temps customisé de Void UI",
	"VoidUI_levelname_title" : "Braquage du jour actuel",
	"VoidUI_levelname_desc" : "Montre le nom du braquage que vous êtes en train de commettre",
	"VoidUI_ghost_title" : "Montrer l'îcone de fantôme",
	"VoidUI_ghost_desc" : "Montre un îcone si le braquage peut encore être fait de manière discrète. L'îcone devient rouge si le braquage ne peut plus être fait discrètement",
	"VoidUI_loot_title" : "Montrer le butin sécurisé",
	"VoidUI_loot_desc" : "Montre le nombre de sacs de butin sécurisés lors du braquage",
	"VoidUI_objectives_panel" : "Panneau d'objectif",
	"VoidUI_enable_objectives_title" : "Activer le panneau d'objectif",
	"VoidUI_enable_objectives_desc" : "Active le panneau d'objectifs de mission customisé de Void UI",
	"VoidUI_objective_history_title" : "Historique d'objectifs",
	"VoidUI_objective_history_desc" : "Détermine le nombre d'objectifs déjà accomplis affichés sur le HUD. 0 = aucun (seul l'objectif actuel sera affiché)",
	"VoidUI_objectives_show_title" : "Montrer le panneau d'objectif",
	"VoidUI_objectives_show_desc" : "Montrer le panneau d'objectifs \n\n[Cacher: Ne jamais afficher]\n[Sur l'écran statistique: Afficher uniquement lorsque l'écran statistique est ouvert]\n[Montrer: Toujours affiché]",
	
	"VoidUI_assault_title" : "Panneau d'Assaut",
	"VoidUI_assault_desc" : "Options relatives au panneau d'assaut et à la barre d'assaut",	
	"VoidUI_enable_assault_title" : "Activer le panneau d'assaut",
	"VoidUI_enable_assault_decs" : "Active le panneau d'assaut customisé de Void UI",
	"VoidUI_assault_scale_title" : "Taille du panneau",
	"VoidUI_assault_scale_desc" : "Permet de modifier la taille du panneau d'assaut",
	"VoidUI_badge_title" : "Badge de la police",
	"VoidUI_badge_desc" : "Afficher un badge de la police durant un assaut",
	"VoidUI_badge_anim_title" : "Animation de pulsion du badge",
	"VoidUI_badge_anim_desc" : "Anime le badge de la police avec un effet de pulsation",
	"VoidUI_hostages_title" : "Séparer les otages",
	"VoidUI_hostages_desc" : "Affiche les otages civils et policiers dans deux panneaux différents (bruyant/loud uniquement)",
	"VoidUI_pagers_title" : "Montrer les bipeurs (pagers) restant",
	"VoidUI_pagers_desc" : "Montrer le nombre de pagers/bipeurs restant (stealth only)\nPour que cette fonctionnalité marche correctement vous devez jouer au braquage depuis le début",
	"VoidUI_jammer_title" : "Montrer le temps des brouilleurs",
	"VoidUI_jammer_desc" : "Affiche le temps de batterie restant des brouilleurs ECM (infiltration uniquement)\n\n[Cacher: Ne pas afficher]\n[Premier placé: Lorsque plusieurs brouilleurs ont été placés, afficher le temps restant du plus vieux ayant été déployé]\n[Dernier placé: Ne pas afficher]\n[Premier placé: Lorsque plusieurs brouilleurs ont été placés, afficher le temps restant du plus réçent ayant été déployé]",
	
	"VoidUI_chat_clipboard" : "Méssage copié dans le presse-papiers",
	"VoidUI_chat_title" : "Chat",
	"VoidUI_chat_desc" : "Options relatives au chat entre joueurs",
	"VoidUI_enable_chat_title" : "Enable text chat",
	"VoidUI_enable_chat_decs" : "Enable the custom text chat of Void UI",
	"VoidUI_chat_scale_title" : "Taille du chat",
	"VoidUI_chat_scale_desc" : "Permet de définir la taille du panneau de chat entre joueurs",
	"VoidUI_chat_mouse_title" : "Activer le curseur",
	"VoidUI_chat_mouse_desc" : "Débloque le curseur de la souris dans le chat. Avec cette option activée, vous pouvez naviguer plus facilement dans les messages et copier ces derniers",
	"VoidUI_charactername_title" : "Montrer le braqueur",
	"VoidUI_charactername_desc" : "Montre quel braqueur un joueur utilise entre parenthèses dans le chat",
	"VoidUI_chattime_title" : "Montrer l'heure",
	"VoidUI_chattime_desc" : "Montre l'heure à laquelle les messages ont été envoyés \n\n[Hide: Don't show]\n[Temps de jeu: correspond au temps écoulé depuis le début du braquage]\n[Temps du système: correspond au temps réel sur lequel votre PC est réglé]",
	"VoidUI_chat_copy_title" : "Copier les messages",
	"VoidUI_chat_copy_desc" : "Permet de copier les messages du chat dans le presse-papiers à l'aide d'un clique droit, et de définir quoi copier",
	"VoidUI_voice_chat"	: "Chat vocal",
	"VoidUI_enable_voice_title" : "Activer le chat vocal",
	"VoidUI_enable_voice_decs" : "Permet d'acitver le chat vocal customisé de Void UI",
	"VoidUI_voice_scale_title" : "Taille des indicateurs",
	"VoidUI_voice_scale_desc" : "Change la taille des indicateurs du chat vocal",
	"VoidUI_voice_name_title" : "Montrer les noms",
	"VoidUI_voice_name_desc" : "Affiche les noms des gens utilisant le chat vocal",
	
	"VoidUI_label_title" : "Labels et marqueurs",
	"VoidUI_label_desc" : "Options relatives aux labels flottants (noms au dessus des joueurs, etc.) et aux marqueurs d'objectif",	
	"VoidUI_label" : "Labels",
	"VoidUI_enable_labels_title" : "Activer les labels des noms",
	"VoidUI_enable_labels_desc" : "Active les labels customisés de Void UI",
	"VoidUI_jokernames_title" : "Labels des convertis",
	"VoidUI_jokernames_desc" : "Ajoute un label aux policiers/unités de SWAT convertis, dont la couleur dépendra du joueur les ayant convertis",
	"VoidUI_jokerhealth_title" : "Vie des convertis",
	"VoidUI_jokerhealth_desc" : "Montre la vie restante des convertis au niveau de leur label",
	"VoidUI_label_scale_title" : "Taille du label",
	"VoidUI_label_scale_desc" : "Permet de définir la taille du label flottant",
	"VoidUI_label_upper_title" : "Noms en majuscules",
	"VoidUI_label_upper_desc" : "Montre tous les noms en majuscules",
	"VoidUI_label_minscale_title" : "Taille du mini-mode des labels",
	"VoidUI_label_minscale_desc" : "Permet de déterminer la taille du mini-mode des labels flottants",
	"VoidUI_minlabel_title" : "Label minimaux (mini-mode)",
	"VoidUI_minlabel_desc" : "Les labels deviendront plus petit si ils sont éloignés ou que l'on ne regarde pas en leur direction",
	"VoidUI_minrank_title" : "Montrer le rang et le niveau en mini-mode",
	"VoidUI_minrank_desc" : "Montre les rangs d'infamie et le niveau de vos coéquipiers en mode minimal",
	"VoidUI_mindist_title" : "Distance du mini-mode",
	"VoidUI_mindist_desc" : "Permet de définir la distance (en mètres) pour laquelle les labels passent en mode minimal",
	"VoidUI_mindot_title" : "Désactiver le mode minimal soudain",
	"VoidUI_mindot_desc" : "Permet de définir à quel point l'on doit viser sur un label de joueur pour qu'il quitte le mode minimal",
	"VoidUI_waypoints" : "Marqueurs",
	"VoidUI_waypoint_scale_title" : "Taille des marqueurs",
	"VoidUI_waypoint_scale_desc" : "Permet de définir la taille des marqueurs d'objectif et de suspicion (infiltration) des PNJs",
	"VoidUI_waypoint_radius_title" : "Décalage des marqueurs en dehors de l'écran",
	"VoidUI_waypoint_radius_desc" : "Permet de définir à quel point le décalage des marqueurs et loin du centre de l'écran lorsque ceux-ci sont en dehors du champ de vision",
	"VoidUI_waypoint_offscreen_title" : "Montrer les marqueurs en dehors du champ de vision",
	"VoidUI_waypoint_offscreen_desc" : "Montrer les marqueurs lorsque leur source se trouve en dehors du champ de vision",
	
	"VoidUI_interact_title" : "Interaction et Détection",
	"VoidUI_interact_desc" : "Options relatives aux panneaux d'interaction et de détection",
	"VoidUI_interact" : "Panneau d'interaction",
	"VoidUI_enable_interact_title" : "Activer le panneau d'interaction",
	"VoidUI_enable_interact_desc" : "Active le panneau d'interaction customisé de Void UI",
	"VoidUI_interact_scale_title" : "Taille de l'interaction",
	"VoidUI_interact_scale_desc" : "Permet de définir la taille du panneau d'interaction",
	"VoidUI_interact_y_title" : "Position Y du panneau d'interaction",
	"VoidUI_interact_y_desc" : "Permet de définir la position verticale du panneau d'interaction depuis le milieu de l'écran",
	"VoidUI_interacttime_title" : "Temps d'interaction",
	"VoidUI_interacttime_desc" : "Affiche le temps d'interaction restant sur le panneau",
	"VoidUI_suspicion" : "Panneau de détection",
	"VoidUI_enable_suspicion_title" : "Activer le panneau de détection",
	"VoidUI_enable_suspicion_desc" : "Active le panneau de détection customisé de Void UI",
	"VoidUI_suspicion_y_title" : "Position Y du panneau de détection",
	"VoidUI_suspicion_y_desc" : "Permet de définir la position verticale du panneau de détection depuis le milieu de l'écran",
	"VoidUI_suspicion_scale_title" : "Taille du panneau de détection",
	"VoidUI_suspicion_scale_desc" : "Permet de définir la taille du panneau de détection",
		
	"VoidUI_stats_title" : "Panneau statistique",
	"VoidUI_stats_desc" : "Options relatives au panneau statistique",
	"VoidUI_enable_stats_title" : "Activer le panneau statistique",
	"VoidUI_enable_stats_desc" : "Active le panneau statistique customisé de Void UI",
	"VoidUI_scoreboard_scale_title" : "Taille du panneau statistique",
	"VoidUI_scoreboard_scale_desc" : "Permet de définir la taille du panneau statistique",
	"VoidUI_blur_title" : "Rendre l'arrière plan flou",
	"VoidUI_blur_desc" : "Rend l'arrière plan flou lorsque le panneau statistique est ouvert",
	"VoidUI_scoreboard_maxlevel_title" : "Afficher l'XP au niv. max.",
	"VoidUI_scoreboard_maxlevel_desc" : "Affiche la barre d'expérience au niveau maximal",
	"VoidUI_scoreboard" : "Scoreboard",
	"VoidUI_scoreboard_title" : "Activer le scoreboard",
	"VoidUI_scoreboard_desc" : "Ajoute un scoreboard dans lequel vous pouvez voir des statistiques sur vous et vos coéquipiers",
	"VoidUI_scoreboard_accuracy_title" : "Montrer la précision",
	"VoidUI_scoreboard_accuracy_desc" : "Montre votre précision de tir",
	"VoidUI_scoreboard_delay_title" : "Montrer le temps d'échange",
	"VoidUI_scoreboard_delay_desc" : "Montre combien temps vous devriez attendre si vous êtes envoyés en détention",
	"VoidUI_scoreboard_character_title" : "Montrer braqueur",
	"VoidUI_scoreboard_character_desc" : "Montre le masque du braqueur avec lequel un joueur joue",
	"VoidUI_scoreboard_skills_title" : "Montrer les compétences",
	"VoidUI_scoreboard_skills_desc" : "Montre le nombre de compétences qu'un joueur à depensé dans chaque arbre",
	"VoidUI_scoreboard_kills_title" : "Montrer les kills",
	"VoidUI_scoreboard_kills_desc" : "Montre le nombre d'unités qu'un joueur à tué au cours de la partie\n\n[Désactiver: Ne pas afficher]\n[Exclure les spéciaux: Ne pas compter les spéciaux parmi les kills normaux]\n[Inclure les spéciaux: Compter les kills d'ennemis spéciaux parmi les kills normaux]",
	"VoidUI_scoreboard_specials_title" : "Montrer les kills de spéciaux",
	"VoidUI_scoreboard_specials_desc" : "Montre le nombre d'unités spéciales qu'un joueur à tué",
	"VoidUI_scoreboard_civs_title" : "Montrer les civils tués",
	"VoidUI_scoreboard_civs_desc" : "Montre le nombre de civils qu'un joueur a tué",
	"VoidUI_scoreboard_downs_title" : "Montrer le nombre de downs",
	"VoidUI_scoreboard_downs_desc" : "Montrer le nombre de fois qu'un joueur a été abattu au cours de la partie",
	"VoidUI_scoreboard_downs_no_reset_title" : "Show Total Downs",
	"VoidUI_scoreboard_downs_no_reset_desc" : "Shows the total amount of downs per heist",
	"VoidUI_scoreboard_weapons_title" : "Montrer les armes/masque de l'IA",
	"VoidUI_scoreboard_weapons_desc" : "Montre l'arme primaire, secondaire (masque pour l'IA) et l'arme de mêlée qu'un joueur a équippé",
	"VoidUI_scoreboard_armor_title" : "Montrer l'armure",
	"VoidUI_scoreboard_armor_desc" : "Montre l'armure équippée par un joueur",
	"VoidUI_scoreboard_skins_title" : "Montrer les skins",
	"VoidUI_scoreboard_skins_desc" : "Montre les skins sur les armes d'un joueur \n\n[Désactiver: Ne pas montrer les skins d'armes]\n[Avec la rareté: Afficher les skins avec l'icône de rareté derrière]\n[Sans la rareté: Ne pas afficher l'icône de rareté des skins (les skins seront affichés sans)]",
	"VoidUI_scoreboard_perk_title" : "Montre les pioches/capacités de groupe",
	"VoidUI_scoreboard_perk_desc" : "Montre la pioche de compétences (capacités de groupe pour l'IA) qu'un joueur à équippé",
	"VoidUI_scoreboard_playtime_title" : "Montrer le temps de jeu/les boosts",
	"VoidUI_scoreboard_playtime_desc" : "Montre le temps de jeu total d'un joueur (les boosts de groupe pour l'IA)",
	"VoidUI_scoreboard_ping_title" : "Montrer le ping",
	"VoidUI_scoreboard_ping_desc" : "Montre la latence de connection d'un joueur par rapport à vous",
	"VoidUI_ping_frequency_title" : "Fréquence de mise à jour du ping",
	"VoidUI_ping_frequency_desc" : "Permet de définir à quel rythme d'intervalle la latence est mise à jour (en secondes)",
	"VoidUI_scoreboard_toggle_title" : "Changer le bouton",
	"VoidUI_scoreboard_toggle_desc" : "Établi le bouton qui vous permettra de changer entre les achievements pistés et le scoreboard",
	"VoidUI_error" : "Erreur Steam",
	"VoidUI_private" : "Profil Privé",
	"VoidUI_hidden" : "Temps de jeu caché",
	"VoidUI_player" : "Joueur",
	"VoidUI_kills" : "Kills",
	"VoidUI_specials" : "Speciaux",
	"VoidUI_civs" : "Civiles",
	"VoidUI_downs" : "Downs",
	"VoidUI_perk" : "Pioche",
	"VoidUI_playtime" : "Temps de jeu",
	"VoidUI_ping" : "Ping",
	"VoidUI_nosong" : "RIEN",
	
	"VoidUI_presenter_title" : "Notifications et astuces",
	"VoidUI_presenter_desc" : "Options relatives aux notifications et astuces du HUD",
	"VoidUI_enable_presenter_title" : "Activer les notifications",
	"VoidUI_enable_presenter_desc" : "Active les notifications customisés de Void UI",
	"VoidUI_presenter_scale_title" : "Taille du panneau de notification",
	"VoidUI_presenter_scale_desc" : "Permet de définir la taille du panneau de notification",
	"VoidUI_presenter_buffer_title" : "Notifications maximales",
	"VoidUI_presenter_buffer_desc" : "Permet de définir le nombre de notifications maximales visibles en même temps",
	"VoidUI_presenter_sound_title" : "Ne pas jouer les sons de notifications",
	"VoidUI_presenter_sound_desc" : "Désactive les effets sonores lorsqu'il y a une notification",
	"VoidUI_presenter_panel" : "Panneau de notification",
	"VoidUI_hint_panel" : "Panneau d'astuces",
	"VoidUI_enable_hint_title" : "Activer le panneau d'astuces",
	"VoidUI_enable_hint_desc" : "Active le panneau d'astuce customisé de Void UI",
	"VoidUI_hint_scale_title" : "Taille du texte",
	"VoidUI_hint_scale_desc" : "Permet de définir la taille du texte des astuces",
	"VoidUI_hint_anim_title" : "Animation des astuces",
	"VoidUI_hint_anim_desc" : "Met en valeur les astuces avec une animation légère de saut",
	"VoidUI_hint_color_title" : "Astuces colorées",
	"VoidUI_hint_color_desc" : "Colore les noms des coéquipiers en astuces",
	"VoidUI_vape_hints_title" : "Notifications Tag Team",
	"VoidUI_vape_hints_desc" : "Ouvre une notification lorsque quelqu'un s'est fait marquer par la pioche Tag Team. Ajoute aussi un conteur durant quelques secondes.",
	"VoidUI_challanges_panel" : "Notifications (challenges)",
	"VoidUI_enable_challanges_title" : "Activer les notifications",
	"VoidUI_enable_challanges_desc" : "Active les notifications lorsqu'un challenge est complété",
	"VoidUI_hint_challanges_desc" : "Permet de définir la taille du panneau de notification de challenge",
	
	"VoidUI_tag_team_owner" : "Vous avez marqué $NAME",
	"VoidUI_tag_team_owner_joker" : "Vous avez marqué le converti de $NAME",
	"VoidUI_tag_team_tagged" : "$NAME vous a marqué",
	
	"VoidUI_subtitles_title" : "Sous-titres",
	"VoidUI_subtitles_desc" : "Options relatives aux sous-titres",
	"VoidUI_enable_subtitles_title" : "Activer les sous-titres",
	"VoidUI_enable_subtitles_desc" : "Active les sous-titres customisés de Void UI (modification visuelle uniquement, les lignes de sous-titres ne sont en aucun cas changées)",
	"VoidUI_subtitle_scale_title" : "Taille des sous-titres",
	"VoidUI_subtitle_scale_desc" : "Permet de définir la taille des sous-titres",
	"VoidUI_subtitles_bg_title" : "Style de l'arrière-plan",
	"VoidUI_subtitles_bg_desc" : "Permet de définir quelle sorte d'arrière-plan les sous-titres ont\n\n[Désactiver: Pas d'arrière-plan]\n[Ombré: Affiche une ombre autour des sous-titres]\n[Couleur solide: Les sous-titres ont une couleur en arrière-plan]",
	
	"VoidUI_blackscreen_title" : "Into du braquage et temps de chargement",
	"VoidUI_blackscreen_desc" : "Options en relation avec l'intro du braquage (blackscreen) et l'écran de chargement",
	"VoidUI_blackscreen" : "Intro du braquage",
	"VoidUI_enable_blackscreen_title" : "Active l'intro du braquage",
	"VoidUI_enable_blackscreen_desc" : "Active l'intro du braquage Void UI (blackscreen)",
	"VoidUI_blackscreen_map_title" : "Montrer le jour actuel",
	"VoidUI_blackscreen_map_desc" : "Affiche le jour du heist (et non celui de votre PC)",
	"VoidUI_blackscreen_risk_title" : "Montrer la difficulté",
	"VoidUI_blackscreen_risk_desc" : "Affiche le nom de la difficulté avec laquelle vous jouez",
	"VoidUI_blackscreen_skull_title" : "Montrer les crânes",
	"VoidUI_blackscreen_skull_desc" : "Affiche les crânes en relation à la difficulté avec laquelle vous jouez",
	"VoidUI_blackscreen_linger_title" : "Effacement de l'intro de braquage",
	"VoidUI_blackscreen_linger_desc" : "Transition douce de l'intro de braquage vers le jeu",
	"VoidUI_blackscreen_time_title" : "Passer le temps d'intro",
	"VoidUI_blackscreen_time_desc" : "Determine le temps pour lequel vous devez appuyer afin de passer l'intro",
	"VoidUI_skip_blackscreen"	:	"Appuyez sur $BTN_ACCEPT pour passer",
	"VoidUI_loading_others"		:	"Et $PLAYERS autres",
	"VoidUI_loading" : "Écran de chargement",
	"VoidUI_enable_loadingscreen_title" : "Activer les écrans de chargement",
	"VoidUI_enable_loadingscreen_desc" : "Active les écrans de chargement de Void UI",
	"VoidUI_loading_heistinfo_title" : "Information du braquage",
	"VoidUI_loading_heistinfo_desc" : "Montre des infos. sur le braquage en cours tel son nom, son contracteur ou encore sa difficulté",
	"VoidUI_loading_players_title" : "Joueurs connectés",
	"VoidUI_loading_players_desc" : "Montre le nom des joueurs avec lesquels vous êtes connecté",
	"VoidUI_loading_briefing_title" : "Briefing du braquage",
	"VoidUI_loading_briefing_desc" : "Montre le briefing du contracteur avant le braquage",

	"VoidUI_joining_title" : "Joueurs rejoignant la partie",
	"VoidUI_joining_desc" : "Options relative au panneau de connection d'un joueur à la partie",
	"VoidUI_enable_joining_title" : "Activer le panneau de connection",
	"VoidUI_enable_joining_desc" : "Active le panneau de connection des joueurs customisé de Void UI",
	"VoidUI_joining_rank_desc" : "Montrer le niveau de joueur et son rang d'infamie",
	"VoidUI_joining_time_title" : "Montrer le temps restant",
	"VoidUI_joining_time_desc" : "Montre le temps restant avant qu'un joueur ait fini de rejoindre",
	"VoidUI_joining_border_title" : "Panneau de connection coloré",
	"VoidUI_joining_border_desc" : "Le panneau de connection utilisera la couleur du joueur se connectant",
	"VoidUI_joining_anim_title" : "Animation du panneau",
	"VoidUI_joining_anim_desc" : "Le style d'animation du panneau\n\n[Statique: Ne pas animer]\n[Rotatif: Le panneau tourne doucement à droite ou à gauche]\n[Pulsatif: Le panneau s'aggrandit et se rétrécit]\n[Rotatif et Pulsatif: Le panneau tourne et palpite en même temps]",
	"VoidUI_joining_mods_title" : "Voir les mods installés",
	"VoidUI_joining_mods_desc" : "Montrer les mods du joueur se connectant",
	"VoidUI_joining_mods_scale_title" : "Taille des mods",
	"VoidUI_joining_mods_scale_desc" : "Permet de modifier la taille de la police d'écriture de la liste des mods affichés",
	"VoidUI_joining_drawing_title" : "Activer le dessin",
	"VoidUI_joining_drawing_desc" : "Permet de déssiner lorsqu'un se joueur se connecte en restant appuyé sur CTRL + boutont gauche de la souris",
	
	"VoidUI_disabled" : "Cacher",
	"VoidUI_ecm_first" : "Premier placé",
	"VoidUI_ecm_last" : "Dernier placé",
	"VoidUI_health_percentage" : "Pourcentage",
	"VoidUI_health_real" : "Valeur réelle",
	"VoidUI_gametime" : "Temps de jeu",
	"VoidUI_realtime" : "Temps du système",
	"VoidUI_disable" : "Désactiver",
	"VoidUI_chat_message" : "Messages du joueur seul",
	"VoidUI_chat_name" : "Joueur : message",
	"VoidUI_chat_character" : "Braqueur : message",
	"VoidUI_chat_name_character" : "Joueur (braqueur): message",
	"VoidUI_assault_lines_30sec" : "Léger",
	"VoidUI_assault_lines_every10sec" : "Standard",
	"VoidUI_nonspecial" : "Exclure les spéciaux",
	"VoidUI_withspecial" : "Inclure les spéciaux",
	"VoidUI_rarity" : "Avec la rareté",
	"VoidUI_norarity" : "Sans la rareté",
	"VoidUI_on_scoreboard"	:"Sur l'écran statistique",
	"VoidUI_show" : "Montrer",
	"VoidUI_subtitles_shadow" : "Ombré",
	"VoidUI_subtitles_fill" : "Couleur Solide",
	"VoidUI_jump" : "Sauter",
	"VoidUI_crouch" : "S'accroupir",
	"VoidUI_rmb" : "Clique Droit",
	"VoidUI_joining_anim_off" : "Statique",
	"VoidUI_joining_anim_rot" : "Rotatif",
	"VoidUI_joining_anim_grow" : "Pulsatif",
	"VoidUI_joining_anim_full" : "Rotatif et pulsatif",
	"VoidUI_red" : "ROUGE",
	"VoidUI_green" : "VERT",
	"VoidUI_blue" : "BLEU",
	"VoidUI_not_ai" : "Joueurs Seul",

	"VoidUI_fire_volley" : "Volley"
	
}
