{
	"VoidUI_endless_assault" : "无尽警方突击进行中",
	"VoidUI_jowi" : "威克",
	"VoidUI_chico" : "托尼",
	"VoidUI_assault_1" : "你有多少个任天堂游戏机？",
	"VoidUI_assault_2" : "这个消息是真实的",
	"VoidUI_assault_3" : "吃掉队长来结束突击",
	"VoidUI_assault_4" : ":我很生气:",
	"VoidUI_assault_5" : "这个波次到底有多久？",
	"VoidUI_assault_6" : "那是警报，伙计们，现在开始响了",
	"VoidUI_assault_7" : "正在生成小特感以及大坦克",
	"VoidUI_assault_8" : "消费Scrungo金币",
	"VoidUI_assault_9" : "现在预购收获日：大逃杀！XD",
	"VoidUI_assault_10" : "TMD，我们需要那些该死的制毒师",
	"VoidUI_assault_11" : "我希望你喜欢使用消音技能",
	"VoidUI_assault_12" : "死亡游戏",
	"VoidUI_assault_13" : "Kento在无限战争结束的时候就变成灰尘了",
	"VoidUI_assault_14" : "请一定要在现实生活中尝试本游戏的任何行为",
	"VoidUI_assault_15" : "为你的劫匪多穿点衣服有助于提高劫匪的隐匿度，因为劫匪可以把枪藏起来！",
	"VoidUI_assault_16" : "你因为使用过多的MOD而被判定为作弊",
	"VoidUI_assault_17" : "当突击横幅变成有趣的复活节横幅",
	"VoidUI_assault_18" : "我们得让霍斯顿回来",
	"VoidUI_assault_19" : "Esawo是一个笨蛋",
	"VoidUI_assault_20" : "着火吧！",
	"VoidUI_assault_21" : "你被踢除了比赛，你的结算可能会出现问题",
	"VoidUI_assault_22" : "隐密的突击信息是装饰品",
	"VoidUI_assault_23" : "现在有60％以上的概率会使游戏崩溃",
	"VoidUI_assault_24" : "正在以稳定的30FPS运行，启动V-Sync插件",
	"VoidUI_assault_25" : "在2015年，No mercy将会被取消",
	"VoidUI_assault_26" : "对突击横幅喊声大佬！能留意到你真是人才！",
	
	"VoidUI_options_title" : "Void UI",
	"VoidUI_options_desc" : "自定义Void UI的外观和感觉",
	"VoidUI_ingame_hud" : "游戏中HUD",  
	"VoidUI_interface" : "用户界面",  
	"VoidUI_extras" : "附加功能",	
	"VoidUI_hud_scale_title" : "全部HUD比例",
	"VoidUI_hud_scale_desc" : "每个HUD元素的尺度。\n元素也可以分别调整大小",
	"VoidUI_outlines_title" : "以彩色标识变节敌人",
	"VoidUI_outlines_desc" : "使变节敌人的轮廓与其所有者的颜色相匹配",
	"VoidUI_assault_lines_title" : "突击警告",
	"VoidUI_assault_lines_desc" : "添加叙述者反应并警告下一次即将发生的袭击。\n\n[禁用：不要提醒]\n[简单：30秒警告]\n[标准：30秒，20秒和10秒警告]",
	"VoidUI_reset_title" : "重置选项",
	"VoidUI_reset_desc" : "将每个选项重置为默认值",
	"VoidUI_reset_confirm" : "你确定要将Void UI重置为默认配置吗？这不能被撤消！",
	"VoidUI_warning_title" : "选项已更改",
	"VoidUI_warning_desc" : "你的一些更改可能会在下次劫案时才会生效",
	"VoidUI_warning_confirm" : "不再提醒",
	"VoidUI_tooltip_reset" : "按下$BTN_RESET设置为默认",
	"VoidUI_tooltip_reset_cnt" : "$BTN_RESET绑定为默认",
	"VoidUI_tooltip_steps" : "$BTN_STEP快速滑动",
	
	"VoidUI_hudteammate_title" : "玩家和队友面板",
	"VoidUI_hudteammate_desc" : "与你和你队友HUD面板相关的选项",
	"VoidUI_teammate_panels_title" : "启用玩家和队友面板",
	"VoidUI_teammate_panels_decs" : "启用Void UI的自定义主玩家和队友面板",
	
	"VoidUI_main_panel" : "主玩家面板",	
	"VoidUI_main_scale_title" : "玩家面板比例",
	"VoidUI_main_scale_desc" : "你HUD面板的比例",	
	"VoidUI_main_health_title" : "显示生命值",
	"VoidUI_main_health_desc" : "显示当前生命值的模式。\n\n[禁用：不显示]\n[百分比：你当前/整体生命值的百分比]\n[实际数值：你拥有的实际生命数值]",
	"VoidUI_main_anim_time_title" : "生命值动画时间",
	"VoidUI_main_anim_time_desc" : "在治疗/受伤时，生命值变化动画的时间(以秒为单位)",
	"VoidUI_armor_title" : "显示护甲值",
	"VoidUI_armor_desc" : "显示当前护甲值的模式。\n\n[禁用：不显示]\n[百分比：你当前/整体生命值的百分比]\n[实际数值：你拥有的实际生命数值]",
	"VoidUI_total_title" : "真实弹药面板",  	    
	"VoidUI_total_decs" : "显示备用弹药数量，而不是总弹药数量",	
	"VoidUI_main_loud_title" : "显示倒地次数",  	    
	"VoidUI_main_loud_desc" : "显示你在被拘留之前剩余的倒地次数(仅强袭)",
	"VoidUI_main_stealth_title" : "显示尸体袋",  	    
	"VoidUI_main_stealth_desc" : "显示你剩余的尸体袋数量(仅潜入)",	
	"VoidUI_ammo_pickup_title" : "显示拾弹量",  	    
	"VoidUI_ammo_pickup_desc" : "显示你捡拾的弹药数量",		
	"VoidUI_main_fg_title" : "前景色",  	    
	"VoidUI_main_fg_desc" : "主玩家面板上轮廓，文字和装备图标的颜色",	

	"VoidUI_mate_panel" : "队友面板",	
	"VoidUI_mate_scale_title" : "队友面板比例",
	"VoidUI_mate_scale_desc" : "你队友HUD面板的比例",   
	"VoidUI_mate_health_desc" : "显示你队友生命值的模式。\n\n[禁用：不显示]\n[百分比：他们当前/整体生命值的百分比]\n[实际数值：他们拥有的实际生命数值]",
	"VoidUI_mate_anim_time_desc" :  "在治疗/受伤时，你队友生命值变化动画的时间(以秒为单位)",
	"VoidUI_mate_armor_desc" : "显示你队友护甲值的模式。\n\n[禁用：不显示]\n[百分比：他们当前/整体护甲值的百分比]\n[实际数值：他们拥有的实际护甲数值]",
	"VoidUI_mate_loud_title" : "显示倒地次数",  	    
	"VoidUI_mate_loud_desc" : "显示你队友在被拘留之前剩余的倒地次数(仅强袭)",
	"VoidUI_mate_stealth_title" : "显示暴露值",  	    
	"VoidUI_mate_stealth_desc" : "在他们的生命值面板中显示你队友的暴露风险(仅潜入)",	
	"VoidUI_mate_name_title" : "显示玩家的级别和等级",  	    
	"VoidUI_mate_name_desc" : "在队友的名字之前显示他们的转生次数和等级",
	"VoidUI_mate_interact_title" : "互动时间", 
	"VoidUI_mate_interact_desc" : "显示队友互动的剩余时间",	
	"VoidUI_mate_show_title" : "显示队友面板",
	"VoidUI_mate_show_desc" : "你队友面板的显示方式\n\n[隐藏：永远不要显示你队友的HUD面板]\n[仅玩家：隐藏AI队友面板]\n[显示：显示AI和队友的面板]",  		
	"VoidUI_fire_auto" : "全自动",
	"VoidUI_fire_semi" : "半自动",
	"VoidUI_fire_burst" : "连发",
	
	"VoidUI_objectives_title" : "劫案计时器和目标",
	"VoidUI_objectives_desc" : "与劫案计时器和目标面板相关的选项",
	"VoidUI_objectives_scale_title" : "面板比例",
	"VoidUI_objectives_scale_desc" : "劫案计时器和目标的比例",
	"VoidUI_objectives_show_timer_title" : "显示计时器面板",
	"VoidUI_objectives_show_timer_desc" : "显示或隐藏计时器面板\n\n[隐藏：从不显示]\n[在统计屏幕中：仅在统计屏幕打开时显示]\n[显示：始终显示]",
	"VoidUI_timer_panel" : "劫案计时器",
	"VoidUI_enable_timer_title" : "启用计时器面板",
	"VoidUI_enable_timer_desc" : "启用Void UI的自定义劫案计时器",
	"VoidUI_levelname_title" : "劫案当天名称",
	"VoidUI_levelname_desc" : "显示当天的劫案名称",
	"VoidUI_ghost_title" : "显示幽灵图标",
	"VoidUI_ghost_desc" : "在可潜入的关卡上显示幽灵图标。潜入失败时则会变为红色",
	"VoidUI_loot_title" : "显示截获战利品",
	"VoidUI_loot_desc" : "显示你在劫案期间截获的战利品数量",
	"VoidUI_objectives_panel" : "目标面板",
	"VoidUI_enable_objectives_title" : "启用目标面板",
	"VoidUI_enable_objectives_desc" : "启用Void UI的自定义目标面板",
	"VoidUI_objective_history_title" : "历史目标",
	"VoidUI_objective_history_desc" : "可以显示历史目标的数量",
	"VoidUI_objectives_show_title" : "显示目标面板",
	"VoidUI_objectives_show_desc" : "显示或隐藏目标面板\n\n[隐藏：从不显示]\n[在统计屏幕中：仅在统计屏幕打开时显示]\n[显示：始终显示]",
	
	"VoidUI_assault_title" : "突击面板",
	"VoidUI_assault_desc" : "与突击面板相关的选项",	
	"VoidUI_enable_assault_title" : "启用突击面板",
	"VoidUI_enable_assault_decs" : "启用Void UI的自定义突击面板",
	"VoidUI_assault_scale_title" : "面板比例",
	"VoidUI_assault_scale_desc" : "突击面板的比例",
	"VoidUI_badge_title" : "警察徽章",
	"VoidUI_badge_desc" : "在突击期间显示一个警察徽章",
	"VoidUI_badge_anim_title" : "徽章脉冲动画",
	"VoidUI_badge_anim_desc" : "用一个奇特的\"脉冲\"效果，动画警察徽章",
	"VoidUI_hostages_title" : "区分人质",
	"VoidUI_hostages_desc" : "将平民和俘虏警察展示在独立的面板中(仅强袭)",
	"VoidUI_pagers_title" : "显示剩余可回答对讲机",
	"VoidUI_pagers_desc" : "显示该劫案剩余可回答的对讲机数量(仅潜入)\n为了使此功能正常工作，你必须从一开始就扮演抢劫犯(参加整局游戏)",
	"VoidUI_jammer_title" : "显示干扰器时间",
	"VoidUI_jammer_desc" : "显示已放置ECM干扰器的剩余时间(仅潜入)\n\n[隐藏：不显示]\n[首先放置的：当多个ECM干扰器激活时，显示最旧的一个]\n[最后放置的：当多个ECM干扰器激活时，显示最新的一个]",
	
	"VoidUI_chat_clipboard" : "信息复制到剪贴板",
	"VoidUI_chat_title" : "玩家聊天",
	"VoidUI_chat_desc" : "与玩家聊天有关的选项",
	"VoidUI_text_chat"	: "文字聊天",
	"VoidUI_enable_chat_title" : "启用文字聊天",
	"VoidUI_enable_chat_decs" : "启用Void UI的自定义文字聊天",
	"VoidUI_chat_scale_title" : "聊天面板比例",
	"VoidUI_chat_scale_desc" : "玩家聊天面板的比例",
	"VoidUI_chat_mouse_title" : "启用鼠标",
	"VoidUI_chat_mouse_desc" : "使用聊天时解锁鼠标。随着鼠标解锁，你可以更容易滚动和复制消息",
	"VoidUI_charactername_title" : "显示劫匪",
	"VoidUI_charactername_desc" : "显示玩家选用哪一个劫匪发送的消息，如括号中所示",
	"VoidUI_chattime_title" : "显示时间",
	"VoidUI_chattime_desc" : "显示发送消息的时间。\n\n[隐藏：不显示]\n[游戏时间：从当前劫案日开始计算的时间]\n[系统时间：你PC显示的系统时间]",
	"VoidUI_chat_copy_title" : "复制消息",
	"VoidUI_chat_copy_desc" : "当您右键单击它们时，聊天消息的哪部分会被复制到剪贴板",
	"VoidUI_voice_chat"	: "语音聊天",
	"VoidUI_enable_voice_title" : "启用语音聊天面板",
	"VoidUI_enable_voice_decs" : "启用Void UI的自定义语音聊天玩家指标",
	"VoidUI_voice_scale_title" : "指标大小",
	"VoidUI_voice_scale_desc" : "交流者指标的规模",
	"VoidUI_voice_name_title" : "显示名字",
	"VoidUI_voice_name_desc" : "显示交流者的名字",
	
	"VoidUI_label_title" : "标签和导航点",
	"VoidUI_label_desc" : "与浮动标签和导航点相关的选项",	
	"VoidUI_label" : "名字标签",
	"VoidUI_enable_labels_title" : "启用名字标签",
	"VoidUI_enable_labels_desc" : "启用Void UI的自定义名字标签",
	"VoidUI_jokernames_title" : "变节敌人标签",
	"VoidUI_jokernames_desc" : "为变节敌人添加名字标签",
	"VoidUI_jokerhealth_title" : "变节敌人生命值",
	"VoidUI_jokerhealth_desc" : "在变节敌人的名字标签上显示他们的健康状况",
	"VoidUI_label_scale_title" : "名字标签比例",
	"VoidUI_label_scale_desc" : "名字标签的比例",
	"VoidUI_label_upper_title" : "大写名字",
	"VoidUI_label_upper_desc" : "以全部大写形式显示名字",
	"VoidUI_minlabel_title" : "迷你标签模式",
	"VoidUI_minlabel_desc" : "当它们(指的是名字标签)的主人远离你或者你不看它们时，名字标签会变小",
	"VoidUI_label_minscale_title" : "名字标签迷你模式比例",
	"VoidUI_label_minscale_desc" : "迷你模式下名字标签的比例",
	"VoidUI_minrank_title" : "在迷你模式中显示转生次数和等级",
	"VoidUI_minrank_desc" : "当他们的标签处于迷你模式时，显示队友的转生次数和等级",
	"VoidUI_mindist_title" : "迷你模式距离",
	"VoidUI_mindist_desc" : "名字标签应距离你多远才会进入迷你模式(以米为单位)",
	"VoidUI_mindot_title" : "禁用迷你模式区域比例",
	"VoidUI_mindot_desc" : "设置你将准星指向一位玩家时，暂时禁用该玩家名字标签迷你模式的区域比例",
	"VoidUI_waypoints" : "导航点",
	"VoidUI_enable_waypoints_title" : "启用导航点",
	"VoidUI_enable_waypoints_desc" : "启用Void UI导航点",
	"VoidUI_waypoint_scale_title" : "导航点比例",
	"VoidUI_waypoint_scale_desc" : "目标导航点和侦测标记点(举例：潜入时你正被保安侦测)的比例",
	"VoidUI_waypoint_radius_title" : "屏幕外导航点偏移",
	"VoidUI_waypoint_radius_desc" : "当它们的来源不在视野中时，导航点距离屏幕中心应会有多远的距离",
	"VoidUI_waypoint_offscreen_title" : "显示屏幕外导航点",
	"VoidUI_waypoint_offscreen_desc" : "当他们的来源不在视野中时显示导航点",
	
	"VoidUI_interact_title" : "互动和侦测",
	"VoidUI_interact_desc" : "与互动和潜入侦测面板相关的选项",
	"VoidUI_interact" : "互动面板",
	"VoidUI_enable_interact_title" : "启用互动面板",
	"VoidUI_enable_interact_desc" : "启用Void UI的自定义互动面板",
	"VoidUI_interact_scale_title" : "互动面板比例",
	"VoidUI_interact_scale_desc" : "互动面板的比例",
	"VoidUI_interact_y_title" : "互动面板Y位置",
	"VoidUI_interact_y_desc" : "互动面板在屏幕中的垂直位置",
	"VoidUI_interacttime_title" : "互动时间",
	"VoidUI_interacttime_desc" : "显示你互动时的剩余时间",
	"VoidUI_suspicion" : "侦测面板",
	"VoidUI_enable_suspicion_title" : "启用侦测面板",
	"VoidUI_enable_suspicion_desc" : "启用Void UI的自定义潜入侦测面板",
	"VoidUI_suspicion_y_title" : "侦测面板Y位置",
	"VoidUI_suspicion_y_desc" : "侦测面板在屏幕中的垂直位置",
	"VoidUI_suspicion_scale_title" : "侦测比例",
	"VoidUI_suspicion_scale_desc" : "侦测面板的比例",
		
	"VoidUI_stats_title" : "统计屏幕",
	"VoidUI_stats_desc" : "与TAB统计屏幕相关的选项",
	"VoidUI_enable_stats_title" : "启用统计屏幕",
	"VoidUI_enable_stats_desc" : "启用Void UI的自定义统计屏幕",
	"VoidUI_scoreboard_scale_title" : "统计屏幕面板比例",
	"VoidUI_scoreboard_scale_desc" : "统计屏幕面板的比例",
	"VoidUI_blur_title" : "模糊背景",
	"VoidUI_blur_desc" : "统计屏幕面板打开时模糊背景",
	"VoidUI_scoreboard_maxlevel_title" : "显示满级经验条",
	"VoidUI_scoreboard_maxlevel_desc" : "当你等级100时仍然显示经验条",
	"VoidUI_scoreboard" : "记分板",
	"VoidUI_scoreboard_title" : "启用记分板",
	"VoidUI_scoreboard_desc" : "在统计屏幕上添加一个记分板，你可以看到你和你队友的统计数据",
	"VoidUI_scoreboard_accuracy_title" : "显示精准度",
	"VoidUI_scoreboard_accuracy_desc" : "在劫案当天显示你的命中精准度",
	"VoidUI_scoreboard_delay_title" : "显示交易延迟",
	"VoidUI_scoreboard_delay_desc" : "如果你被拘留，显示你需要等待多久才能被人质所交易",
	"VoidUI_scoreboard_character_title" : "显示劫匪",
	"VoidUI_scoreboard_character_desc" : "显示玩家正在玩的劫匪(角色)面具",
	"VoidUI_scoreboard_skills_title" : "显示技能",
	"VoidUI_scoreboard_skills_desc" : "显示玩家在每个技能树中花费的技能点数",
	"VoidUI_scoreboard_kills_title" : "显示击杀数",
	"VoidUI_scoreboard_kills_desc" : "显示玩家击杀执法人员的数量\n\n[禁用：不显示]\n[排除特殊敌人：不要将击杀的特殊敌人计为正常击杀]\n[包括特殊敌人：将击杀的特殊敌人计为正常击杀]",
	"VoidUI_scoreboard_specials_title" : "显示特殊敌人击杀",
	"VoidUI_scoreboard_specials_desc" : "显示玩家击杀特殊敌人的数量",
	"VoidUI_scoreboard_civs_title" : "显示平民击杀",
	"VoidUI_scoreboard_civs_desc" : "显示玩家击杀平民的数量",
	"VoidUI_scoreboard_downs_title" : "显示倒地次数",
	"VoidUI_scoreboard_downs_desc" : "显示玩家被击倒的次数",
	"VoidUI_scoreboard_downs_no_reset_title" : "显示总倒地次数",
	"VoidUI_scoreboard_downs_no_reset_desc" : "显示每个劫案的总倒地次数",
	"VoidUI_scoreboard_weapons_title" : "显示武器/BOT的面具",
	"VoidUI_scoreboard_weapons_desc" : "显示玩家的主要武器、次要武器(或BOT面具)和近战武器",
	"VoidUI_scoreboard_armor_title" : "显示护甲",
	"VoidUI_scoreboard_armor_desc" : "显示玩家装备的护甲",
	"VoidUI_scoreboard_skins_title" : "显示武器皮肤",
	"VoidUI_scoreboard_skins_desc" : "显示玩家使用的武器中已装备的皮肤\n\n[禁用：不显示武器皮肤]\n[显示稀有度：显示武器背后的皮肤稀有背景]\n[不显示稀有度：不显示武器背后的皮肤稀有背景]",
	"VoidUI_scoreboard_perk_title" : "显示天赋/AI团队技能",
	"VoidUI_scoreboard_perk_desc" : "显示玩家的配备的天赋及其天赋等级(AI则显示为团队技能)",
	"VoidUI_scoreboard_playtime_title" : "显示游戏时间/AI团队加成",
	"VoidUI_scoreboard_playtime_desc" : "如果玩家的个人资料和游戏时间是公开的，则显示玩家在收获日游玩的时间(AI则显示为团队加成)",
	"VoidUI_scoreboard_ping_title" : "显示延迟/PING",
	"VoidUI_scoreboard_ping_desc" : "向你展示其他玩家的延迟",
	"VoidUI_ping_frequency_title" : "延迟更新频率",
	"VoidUI_ping_frequency_desc" : "PING值更新的频率(以秒为单位)",
	"VoidUI_scoreboard_toggle_title" : "切换按钮",
	"VoidUI_scoreboard_toggle_desc" : "设置在记分板和追踪成绩之间切换的按钮",
	"VoidUI_error" : "Steam出错",
	"VoidUI_private" : "隐藏资料",
	"VoidUI_hidden" : "游戏时间被隐藏",
	"VoidUI_player" : "玩家",
	"VoidUI_kills" : "击杀",
	"VoidUI_specials" : "特殊",
	"VoidUI_civs" : "平民",
	"VoidUI_downs" : "倒地",
	"VoidUI_perk" : "天赋",
	"VoidUI_playtime" : "游戏时间",
	"VoidUI_ping" : "延迟",
	"VoidUI_nosong" : "无",
	
	"VoidUI_presenter_title" : "通知",
	"VoidUI_presenter_desc" : "与HUD通知相关的选项",
	"VoidUI_enable_presenter_title" : "启用主演者通知",
	"VoidUI_enable_presenter_desc" : "启用Void UI的自定义主演者通知",
	"VoidUI_presenter_scale_title" : "通知面板比例",
	"VoidUI_presenter_scale_desc" : "主演者通知面板的比例",
	"VoidUI_presenter_buffer_title" : "最大主演者通知数",
	"VoidUI_presenter_buffer_desc" : "可同时显示的最大通知量",
	"VoidUI_presenter_sound_title" : "播放通知静音",
	"VoidUI_presenter_sound_desc" : "出现特定通知时禁止播放音效",
	"VoidUI_presenter_panel" : "主演者通知",
	"VoidUI_hint_panel" : "提示通知",
	"VoidUI_enable_hint_title" : "启用提示面板",
	"VoidUI_enable_hint_desc" : "启用Void UI的自定义提示面板",
	"VoidUI_hint_scale_title" : "文本比例",
	"VoidUI_hint_scale_desc" : "提示文本的比例",
	"VoidUI_hint_anim_title" : "提示动画",
	"VoidUI_hint_anim_desc" : "提示动画会有一个奇特的\"跳出\"效果",
	"VoidUI_hint_color_title" : "颜色提示",
	"VoidUI_hint_color_desc" : "使用色彩显示队友的名字",
	"VoidUI_vape_hints_title" : "标记团队提示",
	"VoidUI_vape_hints_desc" : "使用双人搭档并在标记某人/被标记时显示提示，并且会短时间显示标记轮廓",	
	"VoidUI_challanges_panel" : "挑战通知",
	"VoidUI_enable_challanges_title" : "启用挑战通知",
	"VoidUI_enable_challanges_desc" : "启用Void UI的自定义挑战通知(完成任意成就或任务时的通知)",
	"VoidUI_hint_challanges_desc" : "挑战通知面板的比例",
	
	"VoidUI_tag_team_owner" : "你标记了$NAME！",
	"VoidUI_tag_team_owner_joker" : "你标记了$NAME的变节敌人！",
	"VoidUI_tag_team_tagged" : "$NAME标记了你！",
	
	"VoidUI_subtitles_title" : "字幕",
	"VoidUI_subtitles_desc" : "与字幕相关的选项",
	"VoidUI_enable_subtitles_title" : "启用字幕",
	"VoidUI_enable_subtitles_desc" : "启用Void UI的自定义字幕",
	"VoidUI_subtitle_scale_title" : "字幕比例",
	"VoidUI_subtitle_scale_desc" : "字幕的比例",
	"VoidUI_subtitles_bg_title" : "背景样式",
	"VoidUI_subtitles_bg_desc" : "字幕的背景风格\n\n[禁用：无背景]\n[投影：给字幕添加阴影文字]\n[纯色：字幕有一个颜色框作为背景]",
	
	"VoidUI_blackscreen_title" : "劫案介绍和加载屏幕",
	"VoidUI_blackscreen_desc" : "与劫案介绍和加载屏幕有关的选项",
	"VoidUI_blackscreen" : "劫案介绍",
	"VoidUI_enable_blackscreen_title" : "启用劫案介绍",
	"VoidUI_enable_blackscreen_desc" : "启用Void UI的自定义劫案简介(黑屏)",
	"VoidUI_blackscreen_map_title" : "显示当天",
	"VoidUI_blackscreen_map_desc" : "显示当天的劫案名称",
	"VoidUI_blackscreen_risk_title" : "显示难度名称",
	"VoidUI_blackscreen_risk_desc" : "显示你正在玩的难度名称",
	"VoidUI_blackscreen_skull_title" : "显示难度图标",
	"VoidUI_blackscreen_skull_desc" : "显示你正在玩的难度图标",
	"VoidUI_blackscreen_linger_title" : "劫案介绍淡出",
	"VoidUI_blackscreen_linger_desc" : "劫案介绍的文字将会游戏开始的一段时间后淡出",
	"VoidUI_blackscreen_time_title" : "跳过介绍时间",
	"VoidUI_blackscreen_time_desc" : "你需要按住Enter键多长时间才能跳过劫案简介",
	"VoidUI_skip_blackscreen"	:	"按下$BTN_ACCEPT跳过",
	"VoidUI_loading_others"		:	"还有其他$PLAYERS名玩家",
	"VoidUI_loading" : "加载屏幕",
	"VoidUI_enable_loadingscreen_title" : "启用加载屏幕",
	"VoidUI_enable_loadingscreen_desc" : "启用Void UI的自定义加载屏幕",
	"VoidUI_loading_heistinfo_title" : "劫案信息",
	"VoidUI_loading_heistinfo_desc" : "显示劫案信息，如劫案名称、联系人以及选择的难度",
	"VoidUI_loading_players_title" : "连接玩家",
	"VoidUI_loading_players_desc" : "显示你连接玩家的名字",
	"VoidUI_loading_briefing_title" : "任务简报",
	"VoidUI_loading_briefing_desc" : "显示联系人的任务简报",

	"VoidUI_joining_title" : "玩家加入",
	"VoidUI_joining_desc" : "与玩家加入时插入式客户端面板相关的选项",
	"VoidUI_enable_joining_title" : "启用玩家加入面板",
	"VoidUI_enable_joining_desc" : "启用Void UI的自定义加入时插入式客户端面板",
	"VoidUI_joining_rank_desc" : "显示加入玩家的游戏等级和恶名等级",
	"VoidUI_joining_time_title" : "显示剩余时间",
	"VoidUI_joining_time_desc" : "显示玩家加入的预计时间",
	"VoidUI_joining_border_title" : "彩色加入面板",
	"VoidUI_joining_border_desc" : "整个面板颜色将使用玩家加入时所会使用的颜色",
	"VoidUI_joining_anim_title" : "面板动画",
	"VoidUI_joining_anim_desc" : "面板的动画风格\n\n[静态：不要动画]\n[旋转：面板缓慢向左或向右旋转]\n[脉冲：面板正在缓慢变大或缩小]\n[旋转和脉冲：面板同时旋转和脉冲]",
	"VoidUI_joining_mods_title" : "显示已安装Mods",
	"VoidUI_joining_mods_desc" : "显示加入玩家安装的Mods",
	"VoidUI_joining_mods_scale_title" : "Mods面板比例",
	"VoidUI_joining_mods_scale_desc" : "\"已安装Mods\"面板的比例",
	"VoidUI_joining_drawing_title" : "启用绘图",
	"VoidUI_joining_drawing_desc" : "通过按住Ctrl + 鼠标左键，可以在连接屏幕上绘制图形",
	
	"VoidUI_disabled" : "隐藏",
	"VoidUI_ecm_first" : "首先放置的",
	"VoidUI_ecm_last" : "最后放置的",
	"VoidUI_health_percentage" : "百分比",
	"VoidUI_health_real" : "实际数值",
	"VoidUI_gametime" : "游戏时间",
	"VoidUI_realtime" : "系统时间",
	"VoidUI_disable" : "禁用",
	"VoidUI_chat_message" : "仅玩家消息",
	"VoidUI_chat_name" : "玩家：消息",
	"VoidUI_chat_character" : "劫匪：消息",
	"VoidUI_chat_name_character" : "玩家(劫匪)：消息",
	"VoidUI_assault_lines_30sec" : "标准",
	"VoidUI_assault_lines_every10sec" : "简单",
	"VoidUI_nonspecial" : "排除特殊敌人",
	"VoidUI_withspecial" : "包括特殊敌人",
	"VoidUI_rarity" : "显示稀有度",
	"VoidUI_norarity" : "不显示稀有度",
	"VoidUI_on_scoreboard"	:"在统计屏幕中",
	"VoidUI_show" : "显示",
	"VoidUI_subtitles_shadow" : "投影",
	"VoidUI_subtitles_fill" : "纯色",
	"VoidUI_jump" : "跳跃键",
	"VoidUI_crouch" : "蹲伏键",
	"VoidUI_rmb" : "鼠标右键",
	"VoidUI_joining_anim_off" : "静态",
	"VoidUI_joining_anim_rot" : "旋转",
	"VoidUI_joining_anim_grow" : "脉冲",
	"VoidUI_joining_anim_full" : "旋转和脉冲",
	"VoidUI_red" : "红色",
	"VoidUI_green" : "绿色",
	"VoidUI_blue" : "蓝色",
	"VoidUI_not_ai" : "仅玩家",

	"VoidUI_fire_volley" : "抽射"
	
}
