<?xml version="1.0"?>
<assets base_path="assets/" load="startup">
    <group name="guis/textures/pd2_mod_ehi/" path="assets/guis/textures/pd2_mod_ehi/">
        <!-- Menu Icons-->
        <file :name="menu_background.texture" :path="menu_background.texture"/>
        <file :name="check_bg.texture" :path="check_bg.texture"/>
        <file :name="check.texture" :path="check.texture"/>
        <file :name="hud_corner.texture" :path="hud_corner.texture"/>

        <!-- Custom tracker icons -->
        <file :name="icons_atlas.texture" :path="icons_atlas.texture"/>

        <!-- Square -->
        <file :name="buff_sframe.texture" :path="buff_sframe.texture"/>
        <file :name="buff_sframe_debuff.texture" :path="buff_sframe_debuff.texture"/>
        <!-- Circle -->
        <file :name="buff_cframe_bg.texture" :path="buff_cframe_bg.texture"/>
        <file :name="buff_cframe.texture" :path="buff_cframe.texture"/>
        <file :name="buff_cframe_debuff.texture" :path="buff_cframe_debuff.texture"/>
    </group>
</assets>