{
	"menu_id" : "NepgearsyMM",
	"parent_menu_id" : "blt_options",
	"title"	: "NepgearsyMM_Title",
	"description" : "NepgearsyMM_Desc",
	"items" : [
		{
			"type" : "multiple_choice",
			"id" : "NepgearsyMM_LanguageSelection",
			"title" : "NepgearsyMM_LanguageSelection_Title",
			"description" : "NepgearsyMM_LanguageSelection_Desc",
			"callback" : "NepgearsyMM_Value_Callback",
			"items" : [
				"NepgearsyMM_LanguageSelection_English",
				"NepgearsyMM_LanguageSelection_German",
				"NepgearsyMM_LanguageSelection_Russian",
				"NepgearsyMM_LanguageSelection_Turkish",
				"NepgearsyMM_LanguageSelection_Spanish",
				"NepgearsyMM_LanguageSelection_French",
				"NepgearsyMM_LanguageSelection_SChinese",
				"NepgearsyMM_LanguageSelection_Portuguese",
				"NepgearsyMM_LanguageSelection_Thai"
			],
			"value" : "NepgearsyMM_LanguageSelection_Value",
			"default_value" : 1
		},
		{
			"type" : "divider",
			"size" : 20
		}
	]
}
