{
	"menu_id" : "NepgearsyMM_FriendListOptions",
	"parent_menu_id" : "NepgearsyMM",
	"title"	: "NepgearsyMM_FriendListOptions_Title",
	"description" : "NepgearsyMM_FriendListOptions_Desc",
	"items" : [
		{
		    "type" : "toggle",
		    "id" : "NepgearsyMM_FriendList_EnableRepLevel",
		    "title" : "NepgearsyMM_FriendList_EnableRepLevel_Title",
		    "description" : "NepgearsyMM_FriendList_EnableRepLevel_Desc",
		    "callback" : "NepgearsyMM_Value_Bool_Callback",
		    "value" : "NepgearsyMM_FriendList_EnableRepLevel_Value",
		    "default_value" : false
		}
	]
}