{
	"menu_id" : "NepgearsyMM_SceneOptions",
	"parent_menu_id" : "NepgearsyMM",
	"title"	: "NepgearsyMM_SceneOptions_Title",
	"description" : "NepgearsyMM_SceneOptions_Desc",
	"items" : [
		{
		    "type" : "slider",
		    "id" : "NepgearsyMM_Scene_Character_Position_X",
		    "title" : "NepgearsyMM_Scene_Character_Position_X_Title",
		    "description" : "NepgearsyMM_Scene_Character_Position_X_Desc",
		    "callback" : "NepgearsyMM_Value_Callback",
		    "value" : "NepgearsyMM_Scene_Character_Position_X_Value",
		    "default_value" : 5,
		    "max" : 300,
		    "min" : -300,
		    "step" : 0.1
		},
		{
		    "type" : "slider",
		    "id" : "NepgearsyMM_Scene_Character_Position_Y",
		    "title" : "NepgearsyMM_Scene_Character_Position_Y_Title",
		    "description" : "NepgearsyMM_Scene_Character_Position_Y_Desc",
		    "callback" : "NepgearsyMM_Value_Callback",
		    "value" : "NepgearsyMM_Scene_Character_Position_Y_Value",
		    "default_value" : -45,
		    "max" : 300,
		    "min" : -300,
		    "step" : 0.1
		},
		{
		    "type" : "slider",
		    "id" : "NepgearsyMM_Scene_Character_Position_Z",
		    "title" : "NepgearsyMM_Scene_Character_Position_Z_Title",
		    "description" : "NepgearsyMM_Scene_Character_Position_Z_Desc",
		    "callback" : "NepgearsyMM_Value_Callback",
		    "value" : "NepgearsyMM_Scene_Character_Position_Z_Value",
		    "default_value" : -140,
		    "max" : 300,
		    "min" : -300,
		    "step" : 0.1
		},
		{
			"type" : "divider",
			"size" : 5
		},
		{
		    "type" : "slider",
		    "id" : "NepgearsyMM_Scene_Character_Rotation",
		    "title" : "NepgearsyMM_Scene_Character_Rotation_Title",
		    "description" : "NepgearsyMM_Scene_Character_Rotation_Desc",
		    "callback" : "NepgearsyMM_Value_Callback",
		    "value" : "NepgearsyMM_Scene_Character_Rotation_Value",
		    "default_value" : -170,
		    "max" : 180,
		    "min" : -180,
		    "step" : 0.1
		},
		{
			"type" : "divider",
			"size" : 20
		},
		{
			"type" : "multiple_choice",
			"id" : "NepgearsyMM_Scene_Light_Selection",
			"title" : "NepgearsyMM_Scene_Light_Selection_Title",
			"description" : "NepgearsyMM_Scene_Light_Selection_Desc",
			"callback" : "NepgearsyMM_Value_Callback",
			"items" : [
				"NepgearsyMM_Scene_Light_Selection_NMML",
				"NepgearsyMM_Scene_Light_Selection_Default",
				"NepgearsyMM_Scene_Light_Selection_Random",
				"NepgearsyMM_Scene_Light_Selection_None"
			],
			"value" : "NepgearsyMM_Scene_Light_Selection_Value",
			"default_value" : 1
		},
		{
			"type" : "toggle",
			"id" : "NepgearsyMM_Scene_DisableLightsChanges",
			"title" : "NepgearsyMM_Scene_DisableLightsChanges_Title",
			"description" : "NepgearsyMM_Scene_DisableLightsChanges_Desc",
			"callback" : "NepgearsyMM_Value_Bool_Callback",
			"value" : "NepgearsyMM_Scene_DisableLightsChanges_Value",
			"default_value" : false
		},
		{
			"type" : "toggle",
			"id" : "NepgearsyMM_Scene_HideAds",
			"title" : "NepgearsyMM_Scene_HideAds_Title",
			"description" : "NepgearsyMM_Scene_HideAds_Desc",
			"callback" : "NepgearsyMM_Value_Bool_Callback",
			"value" : "NepgearsyMM_Scene_HideAds_Value",
			"default_value" : false
		}
	]
}
