{
    "menu_id": "ehi_colors_menu",
    "parent_menu" : "ehi_menu",
    "title": "ehi_colors_menu",
    "items": [
        {
            "type" : "label",
            "title" : "ehi_colors_tracker_waypoint"
        },
        {
            "type": "color_select",
            "id": "ehi_colors_inaccurate_choice",
            "title": "ehi_colors_inaccurate",
            "description": "ehi_colors_inaccurate_desc",
            "value": "inaccurate",
            "default_value": [255, 165, 0],
            "callback": "SetColor",
            "callback_arguments": ["inaccurate", "tracker_waypoint"],
            "color_type" : "tracker_waypoint",
            "setting_value": "colors",
            "ehi_ver" : 145
        },
        {
            "type": "color_select",
            "id": "ehi_colors_pause_choice",
            "title": "ehi_colors_pause",
            "description": "ehi_colors_pause_desc",
            "value": "pause",
            "default_value": [255, 0, 0],
            "callback": "SetColor",
            "callback_arguments": ["pause", "tracker_waypoint"],
            "color_type" : "tracker_waypoint",
            "setting_value": "colors",
            "ehi_ver" : 145
        },
        {
            "type": "color_select",
            "id": "ehi_colors_drill_autorepair_choice",
            "title": "ehi_colors_drill_autorepair",
            "description": "ehi_colors_drill_autorepair_desc",
            "value": "drill_autorepair",
            "default_value": [137, 209, 254],
            "callback": "SetColor",
            "callback_arguments": ["drill_autorepair", "tracker_waypoint"],
            "color_type" : "tracker_waypoint",
            "setting_value": "colors",
            "ehi_ver" : 145
        },
        {
            "type": "color_select",
            "id": "ehi_colors_drill_not_powered_choice",
            "title": "ehi_colors_drill_not_powered",
            "description": "ehi_colors_drill_not_powered_desc",
            "value": "drill_not_powered",
            "default_value": [255, 95, 21],
            "callback": "SetColor",
            "callback_arguments": ["drill_not_powered", "tracker_waypoint"],
            "color_type" : "tracker_waypoint",
            "setting_value": "colors",
            "ehi_ver" : 267
        },
        {
            "type": "divider",
            "size": 20
        },
        {
            "type": "color_select",
            "id": "ehi_colors_warning_choice",
            "title": "ehi_colors_warning",
            "description": "ehi_colors_warning_desc",
            "value": "warning",
            "default_value": [255, 0, 0],
            "callback": "SetColor",
            "callback_arguments": ["warning", "tracker_waypoint"],
            "color_type" : "tracker_waypoint",
            "setting_value": "colors",
            "ehi_ver" : 145
        },
        {
            "type": "color_select",
            "id": "ehi_colors_completion_choice",
            "title": "ehi_colors_completion",
            "description": "ehi_colors_completion_desc",
            "value": "completion",
            "default_value": [0, 255, 0],
            "callback": "SetColor",
            "callback_arguments": ["completion", "tracker_waypoint"],
            "color_type" : "tracker_waypoint",
            "setting_value": "colors",
            "ehi_ver" : 145
        },
        {
            "type": "divider",
            "size": 20
        },
        {
            "type": "color_select",
            "id": "ehi_colors_sniper_chance_choice",
            "title": "ehi_colors_sniper_chance",
            "description": "ehi_colors_sniper_chance_desc",
            "value": "sniper_chance",
            "default_value": [0, 255, 255],
            "callback": "SetSniperChanceColor",
            "callback_arguments": ["sniper_chance", "tracker_waypoint"],
            "color_type" : "tracker_waypoint",
            "setting_value": "colors",
            "ehi_ver" : 258
        },
        {
            "type": "color_select",
            "id": "ehi_colors_sniper_count_choice",
            "title": "ehi_colors_sniper_count",
            "description": "ehi_colors_sniper_count_desc",
            "value": "sniper_count",
            "default_value": [255, 165, 0],
            "callback": "SetSniperCountColor",
            "callback_arguments": ["sniper_count", "tracker_waypoint"],
            "color_type" : "tracker_waypoint",
            "setting_value": "colors",
            "ehi_ver" : 258
        },
        {
            "type": "divider",
            "size": 20
        },
        {
            "type" : "label",
            "title" : "ehi_colors_mission_briefing"
        },
        {
            "type": "color_select",
            "id": "ehi_colors_loot_secured_choice",
            "title": "ehi_colors_loot_secured",
            "description": "ehi_colors_loot_secured_desc",
            "value": "loot_secured",
            "default_value": [255, 188, 0],
            "callback": "SetColor",
            "callback_arguments": ["loot_secured", "mission_briefing"],
            "color_type" : "mission_briefing",
            "setting_value": "colors",
            "ehi_ver" : 155
        },
        {
            "type": "color_select",
            "id": "ehi_colors_total_xp_choice",
            "title": "ehi_colors_total_xp",
            "description": "ehi_colors_total_xp_desc",
            "value": "total_xp",
            "default_value": [0, 255, 0],
            "callback": "SetColor",
            "callback_arguments": ["total_xp", "mission_briefing"],
            "color_type" : "mission_briefing",
            "setting_value": "colors",
            "ehi_ver" : 155
        },
        {
            "type": "color_select",
            "id": "ehi_colors_optional_choice",
            "title": "ehi_colors_optional",
            "description": "ehi_colors_optional_desc",
            "value": "optional",
            "default_value": [137, 209, 254],
            "callback": "SetColor",
            "callback_arguments": ["optional", "mission_briefing"],
            "color_type" : "mission_briefing",
            "setting_value": "colors",
            "ehi_ver" : 155
        },
        {
            "type": "divider",
            "size": 20
        },
        {
            "type" : "label",
            "title" : "ehi_unlockables_menu"
        },
        {
            "type": "color_select",
            "id": "ehi_colors_achievement_choice",
            "title": "ehi_colors_achievement",
            "description": "ehi_colors_achievement_desc",
            "value": "achievement",
            "default_value": [255, 184, 78],
            "callback": "SetUnlockableColor",
            "callback_arguments": ["achievement", "unlockables"],
            "color_type" : "unlockables",
            "setting_value": "colors",
            "ehi_ver" : 245
        },
        {
            "type": "color_select",
            "id": "ehi_colors_sidejob_choice",
            "title": "ehi_colors_sidejob",
            "description": "ehi_colors_sidejob_desc",
            "value": "sidejob",
            "default_value": [135, 206, 235],
            "callback": "SetUnlockableColor",
            "callback_arguments": ["sidejob", "unlockables"],
            "color_type" : "unlockables",
            "setting_value": "colors",
            "ehi_ver" : 245
        },
        {
            "type": "color_select",
            "id": "ehi_colors_trophy_choice",
            "title": "ehi_colors_trophy",
            "description": "ehi_colors_trophy_desc",
            "value": "trophy",
            "default_value": [214, 116, 0],
            "callback": "SetUnlockableColor",
            "callback_arguments": ["trophy", "unlockables"],
            "color_type" : "unlockables",
            "setting_value": "colors",
            "ehi_ver" : 245
        }
    ]
}