{
    "menu_id": "ehi_other_menu",
    "parent_menu" : "ehi_menu",
    "title": "ehi_other_menu",
    "items": [
        {
            "type": "toggle",
            "id": "ehi_other_show_remaining_xp_choice",
            "title": "ehi_other_show_remaining_xp",
            "description": "ehi_other_show_remaining_xp_desc",
            "callback": "SetOption",
            "callback_arguments": "show_remaining_xp",
            "value": "show_remaining_xp",
            "default_value": true,
            "is_parent" : true,
            "ehi_ver" : 129
        },
        {
            "type": "toggle",
            "id": "ehi_other_show_remaining_xp_to_100_choice",
            "title": "ehi_other_show_remaining_xp_to_100",
            "description": "ehi_other_show_remaining_xp_to_100_desc",
            "callback": "SetOption",
            "callback_arguments": "show_remaining_xp_to_100",
            "value": "show_remaining_xp_to_100",
            "default_value": false,
            "parent" : "ehi_other_show_remaining_xp_choice",
            "ehi_ver" : 129
        },
        {
            "type": "divider",
            "size": 20
        },
        {
            "type": "toggle",
            "id": "ehi_other_show_mission_xp_overview_choice",
            "title": "ehi_other_show_mission_xp_overview",
            "description": "ehi_other_show_mission_xp_overview_desc",
            "callback": "SetOption",
            "callback_arguments": "show_mission_xp_overview",
            "value": "show_mission_xp_overview",
            "default_value": true,
            "depends_on" : "ehi_show_gained_xp",
            "ehi_ver" : 129
        },
        {
            "type": "divider",
            "size": 20
        },
        {
            "type": "toggle",
            "id": "ehi_other_show_floating_health_bar_choice",
            "title": "ehi_other_show_floating_health_bar",
            "description": "ehi_other_show_floating_health_bar_desc",
            "callback": "SetOption",
            "callback_arguments": "show_floating_health_bar",
            "value": "show_floating_health_bar",
            "default_value": true,
            "ehi_ver" : 206,
            "is_parent" : true
        },
        {
            "type": "multiple_choice",
            "id": "ehi_other_show_floating_health_bar_style_choice",
            "title": "ehi_other_show_floating_health_bar_style",
            "callback": "SetOption",
            "callback_arguments": "show_floating_health_bar_style",
            "items": [
                "ehi_other_show_floating_health_bar_style_1",
                "ehi_other_show_floating_health_bar_style_2",
                "ehi_other_show_floating_health_bar_style_3"
            ],
            "value": "show_floating_health_bar_style",
            "parent" : "ehi_other_show_floating_health_bar_choice",
            "default_value": 1,
            "ehi_ver" : 276
        },
        {
            "type": "toggle",
            "id": "ehi_other_show_floating_health_bar_converts_choice",
            "title": "ehi_other_show_floating_health_bar_converts",
            "callback": "SetOption",
            "callback_arguments": "show_floating_health_bar_converts",
            "value": "show_floating_health_bar_converts",
            "default_value": true,
            "parent" : "ehi_other_show_floating_health_bar_choice",
            "ehi_ver" : 253
        },
        {
            "type": "toggle",
            "id": "ehi_other_show_floating_health_bar_civilians_choice",
            "title": "ehi_other_show_floating_health_bar_civilians",
            "callback": "SetOption",
            "callback_arguments": "show_floating_health_bar_civilians",
            "value": "show_floating_health_bar_civilians",
            "default_value": true,
            "parent" : "ehi_other_show_floating_health_bar_choice",
            "ehi_ver" : 253
        },
        {
            "type": "toggle",
            "id": "ehi_other_show_floating_health_bar_team_ai_choice",
            "title": "ehi_other_show_floating_health_bar_team_ai",
            "callback": "SetOption",
            "callback_arguments": "show_floating_health_bar_team_ai",
            "value": "show_floating_health_bar_team_ai",
            "default_value": true,
            "parent" : "ehi_other_show_floating_health_bar_choice",
            "ehi_ver" : 276
        },
        {
            "type": "divider",
            "size": 20
        },
        {
            "type": "toggle",
            "id": "ehi_other_show_use_left_ammo_bag_choice",
            "title": "ehi_other_show_use_left_ammo_bag",
            "callback": "SetOption",
            "callback_arguments": "show_use_left_ammo_bag",
            "value": "show_use_left_ammo_bag",
            "default_value": true,
            "ehi_ver" : 267
        },
        {
            "type": "toggle",
            "id": "ehi_other_show_use_left_doctor_bag_choice",
            "title": "ehi_other_show_use_left_doctor_bag",
            "callback": "SetOption",
            "callback_arguments": "show_use_left_doctor_bag",
            "value": "show_use_left_doctor_bag",
            "default_value": true,
            "ehi_ver" : 267
        },
        {
            "type": "toggle",
            "id": "ehi_other_show_use_left_bodybags_bag_choice",
            "title": "ehi_other_show_use_left_bodybags_bag",
            "callback": "SetOption",
            "callback_arguments": "show_use_left_bodybags_bag",
            "value": "show_use_left_bodybags_bag",
            "default_value": true,
            "ehi_ver" : 267
        },
        {
            "type": "toggle",
            "id": "ehi_other_show_use_left_grenades_choice",
            "title": "ehi_other_show_use_left_grenades",
            "callback": "SetOption",
            "callback_arguments": "show_use_left_grenades",
            "value": "show_use_left_grenades",
            "default_value": true,
            "ehi_ver" : 267
        }
    ]
}