{
    "menu_id": "ehi_trackers_3_menu",
    "parent_menu" : "ehi_trackers_2_menu",
    "title": "ehi_trackers_menu",
    "items": [
        {
            "type": "button",
            "id": "ehi_trackers_next_menu",
            "title": "ehi_menu_next_page",
            "next_menu": "ehi_trackers_4_menu",
            "ehi_ver" : 243
        },
        {
            "type": "divider",
            "size": 20
        },
        {
            "type": "toggle",
            "id": "ehi_show_enemy_count_tracker_choice",
            "title": "ehi_show_enemy_count_tracker",
            "description": "ehi_show_enemy_count_tracker_desc",
            "callback": ["SetOption", "UpdateTrackerVisibility"],
            "callback_arguments": "show_enemy_count_tracker",
            "focus_changed_callback": "SetFocus",
            "value": "show_enemy_count_tracker",
            "is_parent" : true,
            "default_value": true,
            "ehi_ver" : 6
        },
        {
            "type": "toggle",
            "id": "ehi_show_enemy_count_show_pagers_choice",
            "title": "ehi_show_enemy_count_show_pagers",
            "description": "ehi_show_enemy_count_show_pagers_desc",
            "callback": ["SetOption", "UpdateEnemyCountTracker"],
            "callback_arguments": "show_enemy_count_show_pagers",
            "focus_changed_callback": "SetFocus2",
            "value": "show_enemy_count_show_pagers",
            "parent" : "ehi_show_enemy_count_tracker_choice",
            "default_value": true,
            "ehi_ver" : 115
        },
        {
            "type": "divider",
            "size": 20
        },
        {
            "type": "toggle",
            "id": "ehi_show_civilian_count_tracker_choice",
            "title": "ehi_show_civilian_count_tracker",
            "description": "ehi_show_civilian_count_tracker_desc",
            "callback": ["SetOption", "UpdateTrackerVisibility"],
            "callback_arguments": "show_civilian_count_tracker",
            "focus_changed_callback": "SetFocus",
            "value": "show_civilian_count_tracker",
            "default_value": true,
            "ehi_ver" : 183
        },
        {
            "type": "multiple_choice",
            "id": "ehi_civilian_count_tracker_format_choice",
            "title": "ehi_civilian_count_tracker_format",
            "description": "ehi_civilian_count_tracker_format_desc",
            "callback": ["SetOption", "UpdateCivilianPanelOption"],
            "callback_arguments": "civilian_count_tracker_format",
            "items": [
                "ehi_civilian_count_tracker_format_1",
                "ehi_civilian_count_tracker_format_2",
                "ehi_civilian_count_tracker_format_3"
            ],
            "value": "civilian_count_tracker_format",
            "parent": "ehi_show_civilian_count_tracker_choice",
            "default_value": 2,
            "ehi_ver" : 204
        },
        {
            "type" : "divider",
            "size" : 20
        },
        {
            "type": "toggle",
            "id": "ehi_show_hostage_count_tracker_choice",
            "title": "ehi_show_hostage_count_tracker",
            "description": "ehi_show_hostage_count_tracker_desc",
            "callback": ["SetOption", "UpdateTrackerVisibility"],
            "callback_arguments": "show_hostage_count_tracker",
            "focus_changed_callback": "SetFocus",
            "value": "show_hostage_count_tracker",
            "default_value": true,
            "ehi_ver" : 243
        },
        {
            "type": "multiple_choice",
            "id": "ehi_hostage_count_tracker_format_choice",
            "title": "ehi_hostage_count_tracker_format",
            "description": "ehi_hostage_count_tracker_format_desc",
            "callback": ["SetOption", "UpdateHostagePanelOption"],
            "callback_arguments": "hostage_count_tracker_format",
            "items": [
                "ehi_hostage_count_tracker_format_1",
                "ehi_hostage_count_tracker_format_2",
                "ehi_hostage_count_tracker_format_3",
                "ehi_hostage_count_tracker_format_4",
                "ehi_hostage_count_tracker_format_5"
            ],
            "value": "hostage_count_tracker_format",
            "parent": "ehi_show_hostage_count_tracker_choice",
            "default_value": 4,
            "ehi_ver" : 243
        },
        {
            "type" : "divider",
            "size" : 20
        },
        {
            "type": "toggle",
            "id": "ehi_show_laser_tracker_choice",
            "title": "ehi_show_laser_tracker",
            "description": "ehi_show_laser_tracker_desc",
            "callback": ["SetOption", "UpdateTrackerVisibility"],
            "callback_arguments": "show_laser_tracker",
            "focus_changed_callback": "SetFocus",
            "value": "show_laser_tracker",
            "default_value": false,
            "ehi_ver" : 10
        },
        {
            "type" : "divider",
            "size" : 20
        },
        {
            "type": "toggle",
            "id": "ehi_show_assault_delay_tracker_choice",
            "title": "ehi_show_assault_delay_tracker",
            "description": "ehi_show_assault_delay_tracker_desc",
            "callback": ["SetOption", "UpdateTrackerVisibility"],
            "callback_arguments": "show_assault_delay_tracker",
            "focus_changed_callback": "SetFocus",
            "value": "show_assault_delay_tracker",
            "default_value": true,
            "is_parent" : true,
            "parent_func_update" : "UpdateAssaultDiff",
            "ehi_ver" : 78
        },
        {
            "type": "toggle",
            "id": "ehi_show_assault_time_tracker_choice",
            "title": "ehi_show_assault_time_tracker",
            "description": "ehi_show_assault_time_tracker_desc",
            "callback": ["SetOption", "UpdateTrackerVisibility"],
            "callback_arguments": "show_assault_time_tracker",
            "focus_changed_callback": "SetFocus",
            "value": "show_assault_time_tracker",
            "default_value": true,
            "is_parent" : true,
            "parent_func_update" : "UpdateAssaultDiff",
            "ehi_ver" : 146
        },
        {
            "type": "toggle",
            "id": "ehi_show_assault_diff_in_assault_trackers_choice",
            "title": "ehi_show_assault_diff_in_assault_trackers",
            "description": "ehi_show_assault_diff_in_assault_trackers_desc",
            "callback": ["SetOption", "UpdateAssaultTracker"],
            "callback_arguments": "show_assault_diff_in_assault_trackers",
            "focus_changed_callback": "SetFocus",
            "value": "show_assault_diff_in_assault_trackers",
            "default_value": true,
            "parent_func" : "IsAssaultTrackerEnabled",
            "ehi_ver" : 243
        },
        {
            "type": "toggle",
            "id": "ehi_show_assault_enemy_count_choice",
            "title": "ehi_show_assault_enemy_count",
            "description": "ehi_show_assault_enemy_count_desc",
            "callback": ["SetOption", "UpdateAssaultTracker2"],
            "callback_arguments": "show_assault_enemy_count",
            "focus_changed_callback": "SetFocus",
            "value": "show_assault_enemy_count",
            "default_value": false,
            "parent_func" : "IsAssaultTrackerEnabled",
            "ehi_ver" : 276
        },
        {
            "type": "divider",
            "size": 20
        },
        {
            "type": "toggle",
            "id": "ehi_show_loot_counter_choice",
            "title": "ehi_show_loot_counter",
            "description": "ehi_show_loot_counter_desc",
            "callback": ["SetOption", "UpdateTrackerVisibility"],
            "callback_arguments": "show_loot_counter",
            "focus_changed_callback": "SetFocus",
            "value": "show_loot_counter",
            "default_value": true,
            "is_parent" : true,
            "ehi_ver" : 80
        },
        {
            "type": "toggle",
            "id": "ehi_show_all_loot_secured_popup_choice",
            "title": "ehi_show_all_loot_secured_popup",
            "description": "ehi_show_all_loot_secured_popup_desc",
            "callback": "SetOption",
            "callback_arguments": "show_all_loot_secured_popup",
            "focus_changed_callback": "SetFocus",
            "value": "show_all_loot_secured_popup",
            "default_value": true,
            "parent": "ehi_show_loot_counter_choice",
            "ehi_ver" : 82
        },
        {
            "type": "multiple_choice",
            "id": "ehi_variable_random_loot_format_choice",
            "title": "ehi_variable_random_loot_format",
            "description": "ehi_variable_random_loot_format_desc",
            "callback": "SetOption",
            "callback_arguments": "variable_random_loot_format",
            "items": [
                "ehi_variable_random_loot_format_1",
                "ehi_variable_random_loot_format_2",
                "ehi_variable_random_loot_format_3"
            ],
            "value": "variable_random_loot_format",
            "default_value": 3,
            "parent": "ehi_show_loot_counter_choice",
            "ehi_ver" : 82
        },
        {
            "type": "toggle",
            "id": "ehi_show_loot_max_xp_bags_choice",
            "title": "ehi_show_loot_max_xp_bags",
            "description": "ehi_show_loot_max_xp_bags_desc",
            "callback": "SetOption",
            "callback_arguments": "show_loot_max_xp_bags",
            "value": "show_loot_max_xp_bags",
            "default_value": true,
            "parent": "ehi_show_loot_counter_choice",
            "ehi_ver" : 234
        },
        {
            "type": "divider",
            "size": 20
        },
        {
            "type": "toggle",
            "id": "ehi_show_bodybags_counter_choice",
            "title": "ehi_show_bodybags_counter",
            "description": "ehi_show_bodybags_counter_desc",
            "callback": ["SetOption", "UpdateTrackerVisibility"],
            "callback_arguments": "show_bodybags_counter",
            "focus_changed_callback": "SetFocus",
            "value": "show_bodybags_counter",
            "default_value": true,
            "ehi_ver" : 83
        }
    ]
}