{

 "st_menu_skill_owned" : "OWNED",
 "st_menu_skill_aced" : "ACED",
 "st_menu_point" : "$points POINT",
 "st_menu_point_plural" : "$points POINTS",

  "menu_deck16_1_desc" : "Every time you or your crew scores a kill you will gain health and armor.\n\nEvery time you score a kill you will gain ##5## health and ##10%## armor. You gain ##50%## of these values for kills scored by your crew.\n\nThis cannot occur more than ##8## times every ##8## seconds.",
  "menu_deck16_3_desc" : "Every ##10%## health missing will increase the amount of armor gained from kills by ##10%##.",
  "menu_deck16_5_desc" : "Every ##10%## health missing will reduce the ##8## seconds cooldown to kill regen by ##0.5## seconds.",
  "menu_deck16_9_desc" : "Every ##10%## armor missing will reduce the ##8## seconds cooldown to kill regen by ##0.5## seconds.\n\nYou gain ##10%## damage reduction whenever you have maxed out occurrences.\n\nDeck Completion Bonus: Your chance of getting a higher quality item during a Payday is increased by ##10%##.",
  "menu_deck12_1_desc" : "The lower your health is, the more armor recovery rate you have. When your health is below ##50%##, you will gain up to ##10%## armor recovery rate.\n\nYou also enter ##Berserker## state.",
  "menu_deck12_3_desc" : "The lower your health is, the more movement speed you have. When your health is below ##50%##, you will gain up to ##20%## movement speed.",
  "menu_deck12_5_desc" : "You will gain up to an additional ##15%## armor recovery rate, for total of ##25%##.",
  "menu_deck12_7_desc" : "You will gain up to an additional ##15%## armor recovery rate, for total of ##40%##.",
  "menu_deck12_9_desc" : "All effects in this perk will now start whenever you are below ##100%## health instead of ##50%##.\n\nDeck Completion Bonus: Your chance of getting a higher quality item during a Payday is increased by ##10%##.",
  "menu_deck15_9_desc" : "Dealing damage to an enemy regenerates ##30## armor, this cannot occur more than once every ##1.5## seconds.\n\nDeck Completion Bonus: Your chance of getting a higher quality item during a Payday is increased by ##10%##.",
  "menu_deck15_3_desc" : "##50%## of your health is converted into ##100%## armor.\n\nYour armor now absorbs ##100%## of damage taken.",
  "menu_deck15_3_short" : "##50%## of your health is converted into ##100%## armor.\n\nYour armor now absorbs ##100%## of damage taken.",
  "menu_deck15_9_short" : "Dealing damage will grant you ##30## armor - this can only occur once every ##1.5## seconds.",
  "menu_deck5_9_desc" : "Your armor recovery rate is increased by an additional ##10%##.\n\nYour armor will recover ##8## seconds after being broken no matter what the situation.\n\nDeck Completion Bonus: Your chance of getting higher quality item during a Payday is increased by ##10%##.",
  "menu_deck5_9_short" : "Your armor recovery rate is increased by an additional ##10%##.\n\nYour armor will recover ##8## seconds after being broken no matter what the situation.",
  "menu_deck16_1_short" : "Every time you or your crew scores a kill you will gain ##4## health and ##4## armor. Reduced by ##50%## for your crew kills. This cannot occur more than ##6## times every ##8## seconds.",
  "menu_deck16_5_short" : "Every ##10%## health missing will reduce the ##8## seconds cooldown to kill regen by ##0.5## seconds.",
  "menu_deck16_9_short" : "Every ##10%## armor missing will reduce the ##8## seconds cooldown to kill regen by ##0.5## seconds.",
  "menu_deckall_2" : "Lucky 'n Deadly Charm",
  "menu_deckall_8" : "Quick Hands",
  "menu_deckall_2_desc"  : "You gain ##5%## critical hit chance.\n\nYour critical damage is increased by ##10%##.",
  "menu_deckall_4_desc"  : "You gain ##1## concealment.\n\nMovement speed penalty from wearing armor is decreased by ##15%##.\n\nYou gain ##45%## more experience for completing days and jobs.",
  "menu_deckall_6_desc"  : "Unlocks an ##armor bag## equipment for you to use.\n\nYour ammo pickup is increased by ##15%##.",
  "menu_deckall_8_desc"  : "You interact with doctor bag ##20%## faster.\n\nYou swap weapons ##15%## faster.",
  "menu_deck2_9_desc" : "You gain an additional ##60%## more health.\n\nYou regenerate ##2%## health every ##5## seconds.\n\nDeck Completion Bonus: Your chance of getting higher quality item during a Payday is increased by ##10%##.",
  "menu_deck2_9_short" : "You gain an additional ##60%## more health.\nYou regenerate ##2%## health every ##5## seconds.",
  "menu_st_spec_24"  : "Low Profile",
  "menu_st_spec_25"  : "Quick Fix",
  "menu_st_spec_26"	 : "Veteran",
  "menu_st_spec_27"	 : "Daredevil",
  "menu_st_spec_28"	 : "Archer",
  "menu_st_spec_29"	 : "Bleed",
  "menu_st_spec_30"	 : "Wraith",
  "bm_wraith_form" : "Wraith Form",
  "bm_wraith_form_desc" : "Unleash your inner demon that possessed you long time ago.. You have to satisfy its starving for new victims.",
  "bm_quick_fix_stymulant" : "Stimulant",
  "bm_quick_fix_stymulant_desc" : "Military stimulant that cauterizes combat wounds and gives sudden boost of adrenaline.",
  "bm_menu_skill_locked_quick_fix_stymulant" : "REQUIRES THE QUICK FIX PERK DECK EQUIPPED",
  "bm_bite_the_bullet_ability" : "Bite the Bullet",
  "bm_bite_the_bullet_ability_desc" : "Gain a power to scare and hurt those who hurt you.",
  "bm_archer_ability" : "Herbal Syringe",
  "bm_archer_ability_desc" : "Syringe which provides unnatural agility. Some say it got strange interactions with bows and crossbows, but who knows.. Well there is a way to know for sure, why not use it and see for yourself?",
  "bm_menu_skill_locked_bite_the_bullet_ability" : "REQUIRES THE VETERAN PERK DECK EQUIPPED",
  "bm_menu_skill_locked_archer_ability" : "REQUIRES THE ARCHER PERK DECK EQUIPPED",
  "bm_menu_skill_locked_bleed_ability" : "REQUIRES THE BLEED PERK DECK EQUIPPED",
  "bm_bleed_ability" : "Eviscerate",
  "bm_bleed_ability_desc" : "Abuse it on bleeding enemies.",
  "menu_crew_evasive_desc" : "Players gain an additional 5% chance to dodge.",
  "hud_equipment_equipping_armor_kit" : "PUTTING ON ARMOR PLATING",
  "bm_equipment_armor_kit_desc" : "Hold [G] to put on 4 heavy armor platings. Each plating has 35 durability.\n\nPlatings absorb 50% of damage taken by your armor. If platings durability reaches 0, they will break.\n\nPiercing ammunition instantly destroys all platings, but platings will reduce incoming damage by the amount of their current durability before being broken.\n\nArmor Bag has 3 uses. If you use it while you still have platings, you will replace them.\n\nYou regain 1 use of Armor Bag for every 30 kills you score.",
  "menu_crew_dmgmul" : "Pump It Up",
  "menu_crew_dmgmul_desc" : "Your team AI deals 10% more damage. This bonus is increased by +15% for every other AI present.",
  "menu_crew_bag_movement" : "Hurry Up",
  "menu_crew_bag_movement_desc" : "Players movement speed while carrying bags is increased by 10%. This bonus is increased by +10% for every other AI present.",


	"crimson_perk" : "Low Profile",
	 "crimson_perk_desc"  : "You know very well where to strike 'em to hurt 'em the most.",
	"crimson_deck1" : "Overgrowth I",
	 "crimson_deck_desc1"  : "Your maximum health is increased by ##30%## of your critical hit chance.\n\nYou gain bonus weapon damage equal to ##15%## of your critical hit chance.\n\n&&Does not apply to grenade launchers, melee weapons, rocket launchers and throwables.&&",
	"crimson_deck2" : "Vampirism",
	 "crimson_deck_desc2"  : "You heal for ##5%## of damage dealt by critical hits, up to ##20## health points per shot.\n\nThis cannot occur more than ##3## times every ##2## seconds.",
	"crimson_deck3" : "Overgrowth II",
	 "crimson_deck_desc3"  : "Your maximum health is increased by an additional ##20%## of your critical hit chance, for total of ##50%## critical hit chance.\n\nYou gain bonus weapon damage equal to ##25%## of your critical hit chance.\n\n&&Does not apply to grenade launchers, melee weapons, rocket launchers and throwables.&&",
	"crimson_deck4" : "Coup De Grace",
	 "crimson_deck_desc4"  : "Critical hits have a ##0.5% + 5% of your critical hit chance## chance to execute enemies. Successful execution instantly kills enemy hit.\n\n&&Does not apply to explosion, poison and fire damage, and flamethrowers.&&",
	"crimson_deck5" : "Vicious",
	"crimson_deck_desc5"  : "You gain ##20%## critical hit chance.\n\nYour maximum health is increased by an additional ##20%## of your critical hit chance, for total of ##70%## critical hit chance.\n\nThe chance for execution from critical hits is increased to ##2% + 10% of your critical hit chance##. Successful execution will now also grant you ##90%## damage reduction for ##1.5## seconds.\n\nDeck Completion Bonus: Your chance of getting a higher quality item during a Payday is increased by ##10%##.",
	
	"lust_name" : "Quick Fix",
	 "lust_name_desc"  : "Use the newest miliatry Stimulant to cure your wounds.",
	"lust_deck1" : "Stimulant",
	 "lust_deck_desc1"  : "Unlocks and equips the ##Stimulant##.\nChanging to another deck will make the Stimulant unavailable again. The Stimulant replaces your current throwable, is equipped in your throwable slot, and can be switched out if desired.\n\nWhile in game you can use your throwable key ##$BTN_ABILITY## to activate the Stimulant.\n\nActivating Stimulant grants you immunity to health damage for ##0.5## seconds and ##20%## bonus movement speed for ##1.25## seconds. Getting downed at any point after activating Stimulant ends all effects prematurely.\n\nAfter ##0.5## seconds delay from activating Stimulant you will also start to regenerate your health for ##4## seconds. You regenerate ##1.5%## health + ##4%## missing health every ##0.25## seconds.\n\nThe Stimulant has ##2## charges with a ##60## seconds cooldown.",
	"lust_deck2" : "Adrenaline",
	 "lust_deck_desc2"  : "Your movement speed after using the Stimulant is increased by an additional ##20%##, for total of ##40%## bonus movement speed.\n\nBonus movement speed can now be extended by an additional ##0.75## seconds, if you kill an enemy within the first ##1.25## seconds window. This can happen only once per use.\n\nUsing Stimulant instantly restores ##50%## of your stamina.",
	"lust_deck3" : "Morphine",
	 "lust_deck_desc3"  : "The duration of invulnerability is increased by ##0.025## seconds for every ##1%## of your missing health before using Stimulant, up to an additional ##1.5## seconds. Maximum bonus is granted when at ##30%## health or below.",
	"lust_deck4" : "Chonky",
	 "lust_deck_desc4"  : "Your maximum health is increased by ##30%##.",
	"lust_deck5" : "Overdose",
	 "lust_deck_desc5"  : "The duration of healing period is extended by ##0.5## seconds every time you score a kill while healing period is active, up to an additional ##5## seconds.\n\nAfter interacting with objects for at least ##0.5## seconds, Stimulant cooldown will begin to slowly reduce for as long as you interact with this object.\n\nDeck Completion Bonus: Your chance of getting a higher quality item during a Payday is increased by ##10%##.",

	 "toxin_name" : "Veteran",
	 "toxin_desc" : "Damage them as they hurt you.",
	 "toxin_deck1" : "Bite the Bullet",
	 "toxin_deck2" : "Take Away",
	 "toxin_deck3" : "Utilize",
	 "toxin_deck4" : "Embrace",
	 "toxin_deck5" : "Shocking Presence",
	 "toxin_deck_desc1" : "Unlocks and equips ##Bite the Bullet## ability in throwable slot.\nChanging to another deck will make ##Bite the Bullet## unavailable again.\n\nWhile in game you can use your throwable key ##$BTN_ABILITY## to activate ##Bite the Bullet##.\n\nActivating ##Bite the Bullet## converts ##100%## of your armor into maximum health, healing you for the same amount, and grants you ##40%## damage reduction for ##8## seconds. Once ##Bite the Bullet## runs out, your maximum health and armor goes back to previous values. Any damage you took that lowered your health below your base maximum health is preserved. Getting downed ends this ability prematurely.\n\nTaking damage while ##Bite the Bullet## is active releases a shockwave from you. Shockwave damages all enemies within ##12 meters## radius of you, dealing ##30%## of pre-mitigation damage you took.\n\n##Bite the Bullet## has ##1## charge with ##80## seconds cooldown.\n\n&&Pre-mitigation Damage: Damage before reduction and absorption is applied.&&",
	 "toxin_deck_desc2" : "While ##Bite the Bullet## is active, ##4%## of pre-mitigation damage taken is stored. Once ##Bite the Bullet## ends, you will be healed for the amount of stored damage.",
	 "toxin_deck_desc3" : "Killing enemies reduces ##Bite the Bullet## cooldown by ##8%## of the remaining time. This only works when ##Bite the Bullet## is not currently active.",
	 "toxin_deck_desc4" : "You store an additional ##4%## of pre-mitigation damage taken, for total of ##8%##.\n\n##Bite the Bullet## duration is increased by ##4## seconds.",
	 "toxin_deck_desc5" : "The damage shockwave deals is increased to ##50%## of pre-mitigation damage taken. You now heal for ##15%## of damage dealt by shockwave to each enemy.\n\nOnce ##Bite the Bullet## runs out one final shockwave is released with a smaller range of ##8 meters##. This shockwave stuns enemies for ##3## seconds and does not deal damage. Ending Bite The Bullet by getting downed does not trigger last shockwave.\n\nDeck Completion Bonus: Your chance of getting a higher quality item during a Payday is increased by ##10%##.",

	 "daredevil_name" : "Daredevil",
	 "daredevil_desc" : "Unstoppable warrior that loves running and gunning. Doing so he grows in power, which helps him overpower enemies that stand in his way.",
	 "daredevil_deck1" : "Style",
	 "daredevil_deck2" : "Dare",
	 "daredevil_deck3" : "Unavoidable",
	 "daredevil_deck4" : "Evil Delight",
	 "daredevil_deck5" : "S+",
	 "daredevil_deck_desc1" : "Scoring a kill grants you a stack of ##Style## for ##8## seconds, up to maximum of ##6##. Each stack increases your movement speed by ##3.5%## and grants you ##8## bonus damage with all weapons.\n\nThe amount of ##Style## stacks is represented by letters: E, D, C, B, A, S respectively.\n\n&&The duration of stacks is refreshed upon killing an enemy. If you did not kill any enemy within 8 seconds of last one, you lose all current stacks.&&",
	 "daredevil_deck_desc2" : "You now gain ##50## defense per stack, giving you a total of ##300## while at maximum stacks.\n\nYou now also gain @@0.5% Lifesteal@@ per stack, giving you a total of @@3%@@ while at maximum stacks.\n\n@@Lifesteal@@ heals you for the amount of base damage your weapon dealt. The amount cannot be higher than ##2.5%## of your max heath.",
	 "daredevil_deck_desc3" : "Your ##ranged weapons## now gain ##5%## chance to pierce enemy body armor per stack, giving you a total of ##30%## while at maximum stacks.",
	 "daredevil_deck_desc4" : "Your weapons rate of fire is now increased by ##3.33%## per stack, giving you a total of ##20%## bonus rate of fire while at maximum stacks.",
	 "daredevil_deck_desc5" : "While at maximum ##Style## stacks your weapons deal bonus damage equal to ##2%## of enemies max health and healing from @@Lifesteal@@ is increased by ##50%## (cap is also increased by the same value).\n\nAdditionally upon reaching max ##Style## stacks a weapon you are currently holding will be automatically reloaded. This cannot occur more than once every ##15## seconds.\n\nDeck Completion Bonus: Your chance of getting a higher quality item during a Payday is increased by ##10%##.\n\n&&Damage bonus does not apply to launchers, throwables and melee damage.&&",

	 "archer_name" : "Archer",
	 "archer_desc" : "Ever wanted to be an archer in midfield?",
	 "archer_deck1" : "Speedy",
	 "archer_deck2" : "Dodgy I",
	 "archer_deck3" : "AOErrowhead",
	 "archer_deck4" : "Dodgy II",
	 "archer_deck5" : "Herbal Syringe",
	 "archer_deck_desc1" : "Each time you hit an enemy with a ##Bow## or ##Crossbow##, you gain ##8%## bonus reload speed for ##8## seconds. This stacks up to ##5## times, giving you a maximum of ##40%## bonus reload speed. The duration is refreshed ##on hit##.\n\nSwapping to weapon that is not a ##Bow## or ##Crossbow## removes all current stacks.",
	 "archer_deck_desc2" : "You gain ##20%## chance to dodge.",
	 "archer_deck_desc3" : "You gain an additional ##20%## chance to dodge, for total of ##40%##.\n\nEnemies standing within a ##5 meter## radius of a hit enemy take damage equal to ##20%## of the damage dealt. This can only be triggered by ##Bows## and ##Crossbows##.",
	 "archer_deck_desc4" : "You gain an additional ##20%## chance to dodge, for total of ##60%##.",
	 "archer_deck_desc5" : "Unlocks and equips the ##Herbal Syringe##.\nChanging to another deck will make Herbal Syringe unavailable again. Herbal Syringe replaces your current throwable, is equipped in your throwable slot, and can be switched out if desired.\n\nWhile in game and holding ##Bow## or ##Crossbow## you can use your throwable key ##$BTN_ABILITY## to use Herbal Syringe.\n\nFor the next ##8## seconds after using Herbal Syringe your ##Bows## and ##Crossbows## are automatically reloaded, gain ##500%## rate of fire and pierce through enemy body armor. Every kill you score while under this effect extends the duration by ##1.25## seconds, up to an additional ##5## seconds.\n\nScoring a headshot while under this effect also heals you for ##10## health points, increased to ##20## when below ##30%## health.\n\nHerbal Syringe has ##1## charge with a ##40## seconds cooldown.\n\nDeck Completion Bonus: Your chance of getting a higher quality item during a Payday is increased by ##10%##.",

	 "bleed_name" : "Bleed",
	 "bleed_desc" : "Cause bleeding in enemies you shoot.",
	 "bleed_deck1" : "Bleeding",
	 "bleed_deck2" : "Weakened",
	 "bleed_deck3" : "Vulnerable",
	 "bleed_deck4" : "Wildcard",
	 "bleed_deck5" : "Eviscerate",
	 "bleed_deck_desc1" : "Your bullets inflict enemies with @@Bleed@@ for ##10## seconds.\n@@Bleeding@@ enemies take ##5 + 1% enemy max heatlh## damage every ##0.5## seconds.\n\nThe same enemy cannot be inflicted with @@Bleed@@ for the next ##20## seconds.\n\n&&This does not trigger with Shotguns.&&",
	 "bleed_deck_desc2" : "@@Bleeding@@ enemies deal ##10%## less damage to you.\n\nEverytime @@Bleed@@ deals damage to an enemy, you get healed for ##5%## of damage dealt.",
	 "bleed_deck_desc3" : "When @@Bleeding@@ enemies are below ##50%## of their max health they take ##10%## more damage from you.\n\n&&Does not increase Bleed damage.&&",
	 "bleed_deck_desc4" : "You gain ##10%## critical hit chance.\n\n@@Bleed@@ now has a chance to critically hit an enemy (based on your critical hit chance, up to ##50%##), dealing ##150%## of its normal damage.",
	 "bleed_deck_desc5" : "Unlocks and equips ##Eviscerate## ability in throwable slot.\nChanging to another deck will make ##Eviscerate## unavailable again.\n\nWhile in game you can use your throwable key ##$BTN_ABILITY## to activate ##Eviscerate##.\n\nActivating ##Eviscerate## causes all @@Bleeding@@ enemies to instantly take all damage they would normally recieve overtime and ends @@Bleeding@@ on them. You are also healed for ##10%## of damage dealt by this ability to each enemy, this can overheal you, increasing your maximum health by up to ##50%## for ##30## seconds.\n\nAdditionally if you shoot an enemy, who was damaged by ##Eviscerate## within the last ##4## seconds, the cooldown of @@Bleed@@ for this enemy will be reduced to ##1.75## seconds.\n\n##Eviscerate## has ##1## charge with a ##60## seconds cooldown.\n\nDeck Completion Bonus: Your chance of getting a higher quality item during a Payday is increased by ##10%##.\n\n&&Healing from every enemy beyond the third is only 30% effective, this is further reduced to 15% for every enemy beyond the sixth. Healing is capped at 100 health points from each enemy.&&",

	 "demon_name" : "Wraith",
	 "demon_desc" : "There is something inside of you.. always was. You should let it free..",
	 "demon_deck1" : "Origin",
	 "demon_deck2" : "Death Dance",
	 "demon_deck3" : "Deeper Bond",
	 "demon_deck4" : "Lifeline",
	 "demon_deck5" : "Unleashed",
	 "demon_deck_desc1" : "After scoring a kill you enter ##Semi-Wraith Form## for ##4.25## seconds. While in ##Semi-Wraith Form## you gain ##20%## movement speed, you do not lose stamina while running or jumping and your defense is increased by ##100%##.\n\nYou cannot enter ##Semi-Wraith Form## more than once every ##8## seconds.",
	 "demon_deck_desc2" : "While in ##Semi-Wraith Form##, there is a ##50%## chance that the bullet who is going to hit you will heal you instead of dealing damage.\n\nHealing is equal to ##40%## of damage that bullet would deal to you, up to ##100## health points.",
	 "demon_deck_desc3" : "Your maximum health is increased by ##20%##.\n\n##Semi-Wraith Form## duration is increased to ##6.5## seconds.",
	 "demon_deck_desc4" : "When you would take lethal damage, you will instead enter ##Semi-Wraith Form## and ignore this damage. Entering ##Semi-Wraith Form## this way sets your health at ##10##.\n\nThis effect has ##60## seconds cooldown.\n\n&&This does not work in \"Wraith Form\" ability.&&",
	 "demon_deck_desc5" : "Unlocks and equips ##Wraith Form## ability in throwable slot.\nChanging to another deck will make ##Wraith Form## unavailable again.\nWhile in game you can use your throwable key ##$BTN_ABILITY## to activate ##Wraith Form## and ##melee attack## key to attack an enemy (##0.3## seconds cooldown).\n\nActivating ##Wraith Form## grants you most effects of Semi-Wraith Form and they last for as long as this ability is active. You are also invisible to enemies and mark every enemy that is within ##20## meters of you.\n\nWhile in this form, if you are in close range to an enemy and have enough energy, you can attack this enemy instantly killing and dismembering them. Killing your victims grants you ##40%## bonus movement speed for ##1.25## seconds and steals life essence from them. Once this ability ends you will be healed for ##4%## of your max health per every life essence you gained.\n\nYour energy drains overtime and also when you perform a kill, once it runs out ##Wraith Form## ends. Killing tougher enemies drains more energy.\n##Wraith Form## has ##60## seconds cooldown which begins after it ends.\n\nDeck Completion Bonus: Your chance of getting a higher quality item during a Payday is increased by ##10%##.",




		 "menu_single_shot_ammo_return_beta" : "Ammo Efficiency",
		 "menu_martial_arts_beta" : "Unstoppable",
		 "menu_frenzy" : "Frenzy",
		 "menu_wolverine_beta" : "Mindbreaker",
		 "menu_iron_man_beta" : "Tough Guy",
		 "menu_dire_need_beta" : "Sly",
		 "menu_scavenger_beta_SVUP" : "Second Wind",
		 "menu_more_fire_power_CET" : "More Firepower",
		 "menu_combat_engineering_CET" : "Combat Engineering",
		 "menu_jail_workout_beta" : "Kleptomaniac",
		 "menu_feign_death" : "Die Hard",
		 "menu_running_from_death_beta" : "Cheat Death",
		 "menu_spotter_teamwork_beta" : "High Value Target",
		 "menu_unseen_strike_beta" : "Professional",
		 "menu_scavenging_beta" : "Scavenger",
		 "menu_triathlete_beta_toidi" : "Forced Friendship",
		 "menu_shock_and_awe_beta" : "Gun Expertise",
		 "menu_eco_sentry_beta" : "Offensive",
		 "menu_show_of_force_beta" : "Resistance",
		 "menu_combat_medic_beta" : "Self-Care",
		 "menu_bloodthirst" : "Maestro",
		 "menu_steroids_beta" : "Inner Strength",
		 "menu_drill_expert_beta_DTE" : "Drill Sawgeant",
		 "menu_oppressor_beta_RSLC" : "Resilience",
		 "menu_spotter_teamwork_beta_SKL" : "Assassin",
		 "menu_drop_soap_beta" : "Berserker",
		 "menu_heavy_impact_beta" : "Anticipation",
		 "menu_black_marketeer_beta" : "Leader",
		 "menu_expert_handling" : "Equilibrium",
		 "menu_equilibrium_beta" : "Handy",
		 "menu_trigger_happy_beta" : "One Handed Talent",
		 "menu_gun_fighter_beta" : "Trigger Happy",
		 "menu_sentry_targeting_package_beta" : "First Class Equipment",
		
		 "menu_prison_wife_beta_desc" : "##$basic##\nYou restore ##10## armor for each successful headshot.\n\nThis effect cannot occur more than once every ##2## seconds.\n\n\n##$pro##\nYou restore an additional ##10## armor, for total of ##20## armor.\n\nYou reduce current armor recovery time by ##10%## for each successful headshot. This effect cannot occur more than once every ##2## seconds.",
		 "menu_pack_mule_beta_desc" : "##$basic##\nYou can now throw bags ##50%## further and you can sprint with any bag.\n\n\n##$pro##\nYour movement speed penalty when carrying bags is reduced by ##1.75%## for each ##10## points of your armor.\n\nYour jump height penalty while carrying bags is reduced by ##50%##.",
		 "menu_close_by_beta_desc" : "##$basic##\nYou can now hip-fire with your Shotguns while sprinting.\n\n\n##$pro##\nYour rate of fire is increased by ##35%## when hip-firing with single shot Shotguns.\n\nShotguns with magazines have their magazine sizes inncreased by ##15## shells.",
		 "menu_shotgun_cqb_beta_desc" : "##$basic##\nYour reload speed with Shotguns is increased by ##15%##.\n\n\n##$pro##\nYour reload speed with Shotguns is increased by an additional ##20%##.\n\nYou snap to aim down sights ##125%## faster with Shotguns.",
		 "menu_ammo_2x_beta_desc" : "##$basic##\nYou can now place ##1## more Ammo Bag.\n\n\n##$pro##\nYour Ammo Bags capacity is increased by ##50%##.",
		 "menu_ammo_reservoir_beta_desc" : "##$basic##\nYou and others that used your Ammo Bag will not consume ammunition for ##3## seconds. The duration can be extended by up to an additional ##5## seconds, based on how much ammunition has been replenished.\n\n\n##$pro##\nBase duration is increased to ##5## seconds. The duration can now be extended by up to an additional ##10## seconds.",
		 "menu_sharpshooter_beta_desc" : "##$basic##\nYou gain ##8## weapon accuracy when in single shot fire mode.\n\nThis effect only applies to SMGs, Assault Rifles and Sniper Rifles.\n\n\n##$pro##\nWhen in single shot fire mode, gain ##20%## more accuracy while aiming down sights.\n\nThis effect only applies to SMGs, Assault Rifles and Sniper Rifles.",
		 "menu_rifleman_beta_desc" : "##$basic##\nYou snap to aim down sights ##100%## faster with all weapons.\n\nAiming down sights will not affect your movement speed anymore.\n\n\n##$pro##\nYour accuracy while moving with SMGs, Assault Rifles and Sniper Rifles is increased by ##16##.",
		 "menu_stable_shot_beta_desc" : "##$basic##\nYou gain ##4## weapon accuracy.\n\n\n##$pro##\nYou gain ##8## weapon accuracy.",
		 "menu_tea_time_beta_desc" : "##$basic##\nYour First Aid Kit and Doctor Bag deploy time is decreased by ##50%##.\n\n\n##$pro##\nCrew members that used your Doctor Bag gain ##10%## damage reduction for ##120## seconds.",
		 "menu_tea_cookies_beta_desc" : "##$basic##\nYou can now carry ##7## more First Aid Kits.\n\n\n##$pro##\nYou can now carry an additional ##3## more First Aid Kits.\n\nYour deployed First Aid Kit will be automatically used if a player would go down within a ##5 meters## radius of the First Aid Kit. This cannot occur more than once every ##20## seconds.",
		 "menu_medic_2x_beta_desc" : "##$basic##\nYou can now deploy ##1## more Doctor Bag.\n\n\n##$pro##\nYour Doctor Bags capacity is increased by ##2##.",
		 "menu_tower_defense_beta_desc" : "##TIER BONUS##\nYour interaction speed is increased by ##10%## plus ##1%## per every ##5th## infamy rank, up to total ##30%##.\n\n##$basic##\nYou can now carry ##1## more sentry gun with you.\n\n\n##$pro##\nYou can now carry ##2## more sentry guns with you.",
		 "menu_fire_trap_beta_desc" : "##TIER BONUS##\nYour interaction speed is increased by ##10%## plus ##1%## per every ##5th## infamy rank, up to total ##30%##.\n\n##$basic##\nYour Trip Mines now spread fire around the area of detonation in a ##4 meters## radius for ##10## seconds.\n\n\n##$pro##\nTrip Mines fire effect duration is increased by an additional ##10## seconds. Trip Mines fire effect radius is also increased by ##50%##.",
		 "menu_steady_grip_beta_desc" : "##$basic##\nYou gain ##4## weapon stability.\n\n\n##$pro##\nYou gain ##8## weapon stability.",
		 "menu_akimbo_skill_beta_desc" : "##$basic##\nYour ##Akimbo## weapons' stability penalty is decreased by ##8##.\n\n\n##$pro##\nYour ##Akimbo## weapons' stability penalty is decreased by an additional ##8##.\n\nYour ammo capacity with ##Akimbo## weapons' is increased by ##50%##.",
		 "menu_dance_instructor_desc" : "##$basic##\nYour Pistols magazines size are increased by ##5##.\n\n\n##$pro##\nYour Pistols magazines size are increased by an additional ##10##, for total of ##15##.",
		 "menu_equilibrium_beta_desc" : "##$basic##\nYou swap Pistols ##33%## faster.\n\n\n##$pro##\nYou snap to aim down sights ##100%## faster with Pistols.",
		 "menu_ecm_2x_beta_desc" : "##TIER BONUS##\nYou gain an additional ##2%## movement speed and your stamina is increased by ##15%##. These bonuses are increased by ##0.5%## per every ##10th## infamy rank, up to bonus ##5%##.\n\n##$basic##\nYou can now place ##1## more ECM jammer.\n\n\n##$pro##\nYour ECM jammer and feedback duration is increased by an additional ##25%##.\n\nPagers can now be delayed for the duration of ECM jammer.",
		 "menu_ecm_booster_beta_desc" : "##$basic##\nYour ECM jammer and feedback duration is increased by ##25%##.\n\n\n##$pro##\nYour ECM jammer can now be used to open certain security doors.",
		 "menu_cleaner_beta_desc" : "##$basic##\nYou gain ##1## additional Body Bag in your inventory. Your inventory space for Body Bags is also increased to ##3##.\n\n\n##$pro##\nYou can now place ##1## more Body Bag case.",
		 "menu_thick_skin_beta_desc" : "##$basic##\nYour ##melee weapons'## concealment is increased by ##2##.\n\n\n##$pro##\nYour ##ballistic vests## concealment is increased by ##4##.",
		 "menu_jail_diet_beta_desc" : "##TIER BONUS##\nYou gain an additional ##2%## movement speed and your stamina is increased by ##15%##. These bonuses are increased by ##0.5%## per every ##10th## infamy rank, up to bonus ##5%##.\n\n##$basic##\nYou gain a ##1%## chance to dodge for every ##3## points of detection risk under ##35## up to ##10%##.\n\n\n##$pro##\nYou gain a ##1%## chance to dodge for every ##1## point of detection risk under ##35## up to ##10%##.",
		 "menu_awareness_beta_desc" : "##$basic##\nYou gain an additional ##10%## movement speed. You also climb ladders ##20%## faster.\n\n\n##$pro##\nYou gain the ability to sprint in any direction. You are also able to reload your weapons while sprinting.",
		 "menu_sprinter_beta_desc" : "##$basic##\nYour stamina starts regenerating ##25%## earlier and ##25%## faster. You also sprint ##10%## faster.\n\n\n##$pro##\nYou gain ##10%## chance to dodge while sprinting.",
		 "menu_optic_illusions_desc" : "##$basic##\nYou gain ##35%## more camouflage.\n\nCamouflage determines how likely enemies will prioritize other targets over you.\n\n\n##$pro##\nYou gain ##1## concealment for each silenced weapon you have equipped. Concealment penalty of silencers is reduced by ##2##.",
		 "menu_gun_fighter_beta_desc" : "##$basic##\nYour Pistols rate of fire is increased by ##50%##.\n\n\n##$pro##\nYour Pistols base damage is increased by ##15##.",
		 "menu_far_away_beta_desc"  : "##$basic##\nYour effective range with Shotguns is increased by ##50%##.\n\n\n##$pro##\nYou gain ##60%## bonus accuracy with Shotguns when aiming down sight.",
		 "menu_carbon_blade_beta_desc"  : "##$basic##\nYour OVE9000 portable saw wear down on enemies is reduced by ##66%##.\n\nThe Saw also have a ##8%## chance (increased to ##24%## against enemies) to not lose durability while sawing.\n\n\n##$pro##\nYou can now saw through enemy shields with your OVE9000 portable saw.",
		 "menu_portable_saw_beta_desc"  : "##$basic##\nUnlocks the OVE9000 portable saw for you to use as secondary weapon.\n\n\n##$pro##\nYou gain ##1## extra saw blade for the OVE9000 portable saw. Your Saw efficiency against locks and safes is also increased by ##60%##.",
		 "menu_shotgun_impact_beta_desc"  : "##$basic##\nYour weapon stability with Shotguns is increased by ##8##.\n\nYou deal ##5%## more damage with Shotguns.\n\n\n##$pro##\nYou deal an additional ##5%## more damage with Shotguns.\n\nYour Shotguns have a ##30%## chance to pierce through enemy body armor.",
		 "menu_underdog_beta_desc"  : "##$basic##\nWhen three or more enemies within ##18 meters## are targeting you, you receive a ##8%## damage bonus that lasts for ##10## seconds.\n\nDoes not apply to melee damage, throwables, grenade launchers or rocket launchers.\n\n\n##$pro##\nWhen three or more enemies within ##18 meters## are targeting you, you also receive a ##8%## damage reduction that lasts for ##10## seconds.",
		 "menu_overkill_beta_desc"  : "##TIER BONUS##\nYour armor recovery rate is increased by ##5%## plus ##2.5%## per every ##5th## infamy rank, up to total ##15%##.\n\n##$basic##\nWhen you kill an enemy with Shotgun or the Saw, you receive a ##35%## damage bonus that lasts for ##20## seconds. This damage bonus applies only to your Shotguns and the Saw. The duration is refreshed ##upon killing## an enemy.\n\n\n##$pro##\nThe damage bonus is increased to ##65%##. Each time you shoot with a Shotgun while this effect is active, you have a ##15%## chance that ammunition will not be depleted.",
		 "menu_nine_lives_beta_desc"  : "##$basic##\nYour bleed out health is increased by ##40%##.\n\n\n##$pro##\nYou can get downed ##1## more time before going into custody.",
		 "menu_expert_handling_desc"  : "##$basic##\nEach time you hit an enemy with a Pistol, you gain ##10%## bonus accuracy and reload speed with Pistols. Stacks up to ##3## times, for total of ##30%##. This effect lasts for ##5## seconds. The duration is refreshed ##on hit##.\n\nSwapping Pistol to any other weapon that is not a Pistol removes all current stacks.\n\n\n##$pro##\nYour Pistols have a ##30%## chance to pierce through enemy body armor.\n\nYour effective range with Pistols is increased by ##25%##.",
		 "menu_stockholm_syndrome_beta_desc"  : "##$basic##\nCivilians are intimidated by the noise you make.\n\n\n##$pro##\nYour hostages will not flee when they have been rescued by law enforcers. Whenever you get into custody, your hostages will trade themselves for your safe return. This effect can occur during assaults, but only ##1## time during a heist.",
		 "menu_joker_beta_desc"  : "##$basic##\nYou can convert a non-special enemy to fight on your side. This cannot be done during stealth and the enemy must have surrendered in order for you to convert them.\nYou can convert only ##1## non-special enemy at a time.\n\n\n##$pro##\nYou can now have ##2## converted non-special enemies at a time.\n\nHaving a converted enemy increases your maximum health by ##20%##, this also increases your converted enemies max health by the same value.",
		 "menu_cable_guy_beta_desc"  : "##$basic##\nThe range of your intimidation is increased by ##50%##. Civilians remain intimidated ##50%## longer.\n\n\n##$pro##\nThe time it takes to convert an enemy is reduced by ##65%##.",
		 "menu_chameleon_beta_desc"  : "##$basic##\nYou can pick up items and small loot while in casing mode. You also gain ##15%## more value to small loot that you pick up.\n\n\n##$pro##\nYou gain an additional ##20%## more value to small loot that you pick up.",
		 "menu_jail_workout_beta_desc"  : "##$basic##\nYou gain access to all Insider assets. Cleaning costs after killing a civilian is reduced by ##75%##.\n\n\n##$pro##\nYou automatically mark enemies within a ##10 meters## radius around you after standing still for ##3.5## seconds while in stealth. You can also mark enemies while in casing mode.",
         "menu_more_fire_power_desc_CET"  : "##$basic##\nYou gain ##2## more Shaped Charges and ##5## more Trip Mines.\n\n\n##$pro##\nYou gain ##4## more Shaped Charges and ##13## more Trip Mines.",
         "menu_combat_engineering_desc_CET"  : "##$basic##\nThe radius of your Trip Mines explosion is increased by ##20%##.\n\nTrip Mines deploy time is decreased by an additional ##30%##.\n\n\n##$pro##\nYour Trip Mines damage is increased by ##100%##.",
         "menu_spotter_teamwork_beta_desc_SKL"  : "##TIER BONUS##\nYou gain an additional ##2%## movement speed and your stamina is increased by ##15%##. These bonuses are increased by ##0.5%## per every ##10th## infamy rank, up to bonus ##5%##.\n\n##$basic##\nYou gain ##25%## bonus critical damage, increased to ##50%## with silenced weapons.\n\n\n##$pro##\nYou gain ##40%## bonus critical damage, increased to ##100%## with silenced weapons.",
         "menu_oppressor_beta_desc_RSLC"  : "##$basic##\nYour armor recovery rate is increased by ##5%##.\n\nThe visual effect duration of flashbangs is reduced by ##20%##.\n\n\n##$pro##\nYour defense efficiency is increased by ##25%##.\n\nThe visual effect duration of flashbangs is reduced by an additional ##55%##, for total of ##75%## reduction.",
         "menu_scavenger_beta_desc_SVUP"  : "##$basic##\nWhen your armor breaks your movement speed is increased by ##15%## for ##5## seconds.\n\n\n##$pro##\nWhen your armor breaks, defense increases by ##20%##. This lasts until your armor has replenished and for ##3## seconds afterwards.\n\nThe bonus movement speed effect now also applies to your crew.",
         "menu_drill_expert_beta_desc_DTE"  : "##$basic##\nYour drills and saws timers are decreased by ##15%##.\n\n\n##$pro##\nYour drills and saws timers are decreased by an additional ##25%##.",
	     "menu_kick_starter_beta_desc"  : "##$basic##\nYour drills and saws gain an additional ##35%## chance to automatically restart after breaking.\n\n\n##$pro##\nThere is a ##50%## chance that you will restart a broken drill or saw with a ##melee## attack.\n\nYou only have one attempt for each broken drill or saw, each time it breaks.",
         "menu_hardware_expert_beta_desc"  : "##$basic##\nYou repair drills and saws ##25%## faster.\nYour Trip Mines deploy time is decreased by ##20%##.\n\nDrills and saws are now also silent.\n\n\n##$pro##\nYou repair drills and saws ##50%## faster. Your drills and saws also gain a ##20%## chance to automatically restart after breaking.",	
		 "menu_feign_death_desc"  : "##$basic##\nYour bleed out time is increased by ##10## seconds.\nYour bleed out health is increased by an additional ##40%##.\n\n\n##$pro##\nWhile you are downed, you gain ##80%## fixed damage reduction and your shots have a ##10%## chance to execute enemies.\n\nSuccessful execution instantly kills enemy hit. Execution works only for bullets.",
         "menu_sniper_graze_damage_desc"  : "##TIER BONUS##\nThe time required to revive a teammate is decreased by ##25%## plus ##2%## per every ##3rd## infamy rank, up to total ##50%##.\n\n##$basic##\nWhen you hit an enemy with a Sniper Rifle, ##20%## of the damage dealt to that enemy will be dealt again to all enemies standing in a ##80cm## radius around the bullet trajectory. This percentage is increased to ##40%## if a bullet would headshot-kill an enemy.\n\n\n##$pro##\nWhen you hit an enemy with a Sniper Rifle, ##40%## of the damage dealt to that enemy will be dealt again to all enemies standing in a ##120cm## radius around the bullet trajectory. This percentage is increased to ##80%## if a bullet would headshot-kill an enemy.\n\nThis ability now has a chance to critically hit an enemy (based on your critical hit chance, up to ##50%##), dealing ##125%## of its normal damage.",
		 "menu_body_expertise_beta_desc"  : "##TIER BONUS##\nYour interaction speed is increased by ##10%## plus ##1%## per every ##5th## infamy rank, up to total ##30%##.\n\n##$basic##\n##40%## of bonus headshot damage is now applied to body shots. The damage bonus is halved against Bulldozers and Traid Boss.\n\nThis can only be triggered by SMGs, LMGs, Assault Rifles or Special Weapons fired in automatic fire mode.\n\n\n##$pro##\n##75%## of bonus headshot damage is now applied to body shots. The damage bonus is halved against Bulldozers and Traid Boss.\n\nThis can only be triggered by SMGs, LMGs, Assault Rifles or Special Weapons fired in automatic fire mode.",
         "menu_pistol_beta_messiah_desc"  : "##TIER BONUS##\nYour reload speed with all weapons is increased by ##5%## plus ##1%## per every ##10th## infamy rank, up to total ##15%##.\n\n##$basic##\nWhile in bleed out, you can revive yourself if you kill an enemy. You only have ##1## charge.\n\n\n##$pro##\nYou now have ##2## Messiah charges. Whenever you use doctor bag ##1## Messiah charge is replenished.",
         "menu_up_you_go_beta_desc"  : "##$basic##\nYou gain ##30%## bonus movement speed for ##5## seconds after being revived.\n\n\n##$pro##\nYou gain ##40%## damage reduction for ##5## seconds after being revived. You also restore ##20%## more health after being revived.",
		 "menu_running_from_death_beta_desc"  : "##$basic##\nWhen you get downed, you have a ##25%## chance to get revived instantly.\n\n\n##$pro##\nYou gain an additional ##20%## chance to get revived instantly. Being revived by this ability restores you ##30%## more health.",
		 "menu_bandoliers_beta_desc"  : "##TIER BONUS##\nYour armor recovery rate is increased by ##5%## plus ##2.5%## per every ##5th## infamy rank, up to total ##15%##.\n\n##$basic##\nYour total ammo capacity is increased by ##30%## and your ammo pickup is increased by ##20%##.\n\n\n##$pro##\nYour ammo pickup is increased by an additional ##20%##, for total of ##40%## bonus ammo pickup.\n\nYou gain ##5%## base chance to get a throwable from an ammo box. This chance is increased by ##1%## for each ammo box you pick up that does not contain throwable. When a throwable has been found, the chance is reset to its base value.",
		 "menu_jack_of_all_trades_beta_desc"  : "##$basic##\nYou deploy and interact with all deployables ##50%## faster.\n\n\n##$pro##\nYou can now equip a secondary deployable to bring with you. Equipping a deployable as secondary reduces its amount by half.",
         "menu_unseen_strike_beta_desc"  : "##$basic##\nYou gain ##8## weapon stability and ##125%## snap to zoom speed increase with silenced weapons.\n\n\n##$pro##\nYou gain ##8## weapon accuracy with silenced weapons.\n\nYou deal ##10%## more damage with silenced weapons.",
		 "menu_frenzy_desc"  : "##TIER BONUS##\nYour reload speed with all weapons is increased by ##5%## plus ##1%## per every ##10th## infamy rank, up to total ##15%##.\n\n##$basic##\nYou only get ##30%## of your maximum health and cannot heal above it but you gain ##15%## damage reduction.\n\nAny healing you receive is reduced by ##75%##.\n\nYou also enter ##Berserker## state.\n\n\n##$pro##\nYou only get ##15%## of your maximum health and cannot heal above it but you gain ##25%## damage reduction.\n\nAny healing you receive is now reduced by ##100%##.",
		 "menu_single_shot_ammo_return_beta_desc"  : "##$basic##\nEvery ##4th## headshot will refund ##1## bullet to your current magazine.\n\nCan only be triggered by SMGs, Assault Rifles and Sniper Rifles fired in single shot mode.\n\n\n##$pro##\nYou will now refund ##1## bullet for every ##3rd## headshot.\n\nYour first shot onto enemy after refunding a bullet will deal ##150%## of its normal damage. This only applies to weapon you refunded a bullet with.",
		 "menu_spotter_teamwork_beta_desc"  : "##$basic##\nEnemies you mark take ##15%## more damage. Enemies stay marked for ##50%## longer.\n\n\n##$pro##\nEnemies you mark take an additional ##40%## more damage when further away than ##10 meters##.\n\nEnemies stay marked for an additional ##50%## longer.\n\nYou now also can mark special enemies by aiming at them with any weapon.",
	     "menu_trigger_happy_beta_desc"  : "##TIER BONUS##\nYour reload speed with all weapons is increased by ##5%## plus ##1%## per every ##10th## infamy rank, up to total ##15%##.\n\n##$basic##\nEach time you hit an enemy with a Pistol, you gain ##14%## damage bonus. Stacks up to ##3## times, for total of ##42%## damage bonus. This effect lasts for ##5## seconds. The duration is refreshed ##on hit##.\n\nSwapping Pistol to any other weapon that is not a Pistol removes all current stacks.\n\n\n##$pro##\nThe damage bonus per stack is increased to ##20%##, giving you ##60%## damage bonus on max stacks.\n\nYour Pistols critical damage is increased by ##40%##.",
         "menu_triathlete_beta_desc_toidi"  : "##$basic##\nYou gain ##4## more cable ties. You cable tie hostages ##75%## faster.\n\n\n##$pro##\nYou and your crew gain ##4## damage absorption for each hostage you have. This effect stacks with up to a maximum of ##5## hostages giving you and your crew a total of ##20## damage absorption.\n\nDoes not stack with other players Forced Friendship skill.",
		 "menu_scavenging_beta_desc"  : "##$basic##\nYour ammo pickup range is increased by ##35%##.\n\n\n##$pro##\nEvery ##4th## enemy you kill will drop an extra ammo box.",
		 "menu_shock_and_awe_beta_desc"  : "##$basic##\nYour LMGs, SMGs and Assault Rifles have their magazine sizes increased by ##15##.\n\nDMR Weapons also deal extra ##3% enemy max health## damage.\n\n\n##$pro##\nKilling ##2## enemies will increase your next reload speed.\n\nIf your current magazine:\n- Have more than a half ammo left, gain ##10%## bonus reload speed.\n- Have half or less ammo left, gain ##30%## bonus reload speed.\n- Is empty, gain ##60%## bonus reload speed.\n\nThis effect can only be triggered by SMGs, LMGs, Assault Rifles, Flamethrowers and Miniguns.",
	     "menu_fire_control_beta_desc"  : "##$basic##\nYou can now hip-fire with your weapons while sprinting.\n\n\n##$pro##\nYou gain ##12## weapon accuracy while hip-firing. Your accuracy penalty while moving is also decreased by ##20%##.",
		 "menu_fast_fire_beta_desc"  : "##$basic##\nYour ##ranged weapons## have a ##25%## chance to stagger enemies.\n\nThe stagger effect does not apply to Bulldozers and Captain Winters.\n\n\n##$pro##\nYour ##ranged weapons## have a ##35%## chance to pierce through enemy body armor.",
		 "menu_sentry_targeting_package_beta_desc"  : "##$basic##\nYour sentry guns accuracy is increased by ##50%##.\n\n\n##$pro##\nYour sentry guns rotation speed is increased by ##125%##.\nYour sentry guns also have ##70%## more ammunition.",
		 "menu_engineering_beta_desc"  : "##$basic##\nYou can now select a less noisy version of the sentry guns, making them much less likely to be targeted by enemies.\n\n\n##$pro##\nYou can toggle AP rounds on your sentry guns, lowering the rate of fire by ##50%## but increasing damage by ##65%## and allowing it to pierce through enemies and shields.",
		 "menu_eco_sentry_beta_desc"  : "##$basic##\nYour sentry guns deal ##15%## more damage and have ##50%## more health.\n\n\n##$pro##\nYour sentry guns deal ##25%## more damage and have ##100%## more health.",
		 "menu_defense_up_beta_desc"  : "##$basic##\nThe cost of deploying a sentry gun is reduced by ##5%##.\n\n\n##$pro##\nThe cost of deploying a sentry gun is reduced by an additional ##10%##. Your sentry guns also gain a protective shield.",
		 "menu_speedy_reload_beta_desc"  : "##$basic##\nYour reload speed with SMGs, Assault Rifles and Sniper Rifles is increased by ##15%##.\n\n\n##$pro##\nEach time you kill an enemy with a headshot, your reload speed is increased by ##50%## for ##4## seconds.\n\nThis can only be triggered by SMGs, Assault Rifles and Sniper Rifles fired in single shot fire mode.",
		 "menu_juggernaut_beta_desc"  : "##TIER BONUS##\nYour armor recovery rate is increased by ##5%## plus ##2.5%## per every ##5th## infamy rank, up to total ##15%##.\n\n##$basic##\nYour total armor is increased by ##40%## and penalty to movement speed from wearing armor is reduced by ##10%##.\n\n\n##$pro##\nUnlocks ##Improved Combined Tactical Vest##, this armor kit absorbs ##10%## more damage.",
		 "menu_perseverance_beta_desc"  : "##$basic##\nUpon taking lethal damage, you are momentarily slowed during which you are immune to health damage. You then restore ##100%## of your max health, which decays at a rate of ##-5%## health every ##0.35## seconds until you get downed.\n\nWhile decaying:\n- You are unable to recieve any healing.\n- You are unable to use perk decks throwable/ability.\n- You gain ##95%## damage reduction.\n\nThis effect has ##20## seconds cooldown. Cooldown begins after Swan Song ends. Decaying health overrides your real health and ignores Frenzy skill max health reduction.\n\n\n##$pro##\nScoring a kill while in Swan Song will pause decaying for ##0.5## seconds.\n\nKilling ##5## enemies while in Swan Song will allow you to stay alive. This sets your health at ##20%##, restores your armor and ends Swan Song prematurely. The damage reduction lingers for ##0.75## seconds afterwards.",
		 "menu_black_marketeer_beta_desc"  : "##TIER BONUS##\nThe time required to revive a teammate is decreased by ##25%## plus ##2%## per every ##3rd## infamy rank, up to total ##50%##.\n\n##$basic##\nHaving at least one converted enemies makes you regenerate ##2%## health every ##5## seconds. When you are below ##50%## health heal gets increased the lower your health is, up to a maximum of ##100%## increase.\n\n\n##$pro##\nThis ability now also regenerates health for your converted enemies.\n\nConverted enemies restore percentage of their max health equal to ##75%## of healing you receive from this ability.",
		 "menu_control_freak_beta_desc"  : "##$basic##\nYour converted enemy gains ##40%## damage reduction and deals ##25%## more damage.\n\n\n##$pro##\nYour converted enemy gains ##80%## damage reduction and deals ##50%## more damage.",
		 "menu_heavy_impact_beta_desc"  : "##$basic##\nYou swap weapons ##66%## faster.\n\n\n##$pro##\nEvery kill you get increases your next ##melee## attack damage by ##80%##, up to a maximum of ##1500%##. Resets upon killing an enemy with a ##melee weapon##.",
		 "menu_combat_medic_beta_desc"  : "##$basic##\nYou gain ##20%## damage reduction while reviving another player.\n\n\n##$pro##\nSuccessfully reviving another player grants you ##5%## damage reduction for ##60## seconds.\n\nAny healing you receive is now increased by ##40%##. This does not apply to base health regen.",
		 "menu_inspire_beta_desc"  : "##TIER BONUS##\nThe time required to revive a teammate is decreased by ##25%## plus ##2%## per every ##3rd## infamy rank, up to total ##50%##.\n\n##$basic##\nShouting at your crew members will increase their movement speed and reload speed by ##15%## for ##20## seconds.\n\nThis effect has ##8## seconds cooldown.\n\n\n##$pro##\nYou now have a ##100%## chance to revive crew members within ##9 meters## of you by shouting at them. Each successful revive reduces this chance by ##5%##, down to minimum of ##60%##.\n\nThis effect has ##15## seconds cooldown.",
         "menu_fast_learner_beta_desc"  : "##$basic##\nCrew members you revive gain ##30%## damage reduction for ##5## seconds.\n\n\n##$pro##\nThe damage reduction is increased by an additional ##30%##, for total of ##60%##. The duration is also increased to ##10## seconds.",
		 "menu_show_of_force_beta_desc"  : "##$basic##\nYou gain ##20-70% (based on your missing health)## damage reduction while interacting with objects.\n\n\n##$pro##\nIncreases the armor of all ##ballistic vests## by ##20##.",
		 "menu_insulation_beta_desc"  : "##$basic##\nWhen you get tased there is a ##35%## chance that you will break free. If you successfully break free, you will gain ##8%## bonus movement speed for ##4## seconds.\n\n\n##$pro##\nWhen tased, you are able to free yourself from the taser by interacting with it within ##2## seconds of getting tased. If you successfully free yourself, tase effect will be redirected to the taser and all other enemies standing within ##3 meters## of you, stunning them for ##3## seconds.\n\nYou still gain bonus movement speed if you break free this way.",
		 "menu_dire_need_beta_desc"  : "##$basic##\nDodging twice in a row activates Sly skill for ##8## seconds.\nWhile active your first shot gains ##100%## critical hit chance and will stagger enemy hit.\n\nStagger effect does not apply to Bulldozers and Captain Winters. Bonuses apply to your ##first shot## regardless if you hit an enemy or not.\n\n##$pro##\nUpon successfully dodging you will being to regenerate your health for ##2## seconds.\n\nYou regenerate ##0.5%## health every ##0.4## seconds. When you are below ##30%## health, you regenerate ##1%## health instead.\n\nThis effect has ##5## seconds cooldown. Cooldown will only be applied if you were healed by this effect.",
		 "menu_martial_arts_beta_desc"  : "##$basic##\nYour ##melee## attacks deal ##25%## more damage against all enemies.\n\n\n##$pro##\nYou are ##50%## more likely to knockdown enemies with your ##melee## attacks.",
		 "menu_bloodthirst_desc"  : "##$basic##\nYour ##melee## attacks have ##50%## shorter windup and ##25%## shorter cooldown between subsequent attacks.\n\n\n##$pro##\nKilling an enemy with a ##melee weapon## restores ##10%## of your armor and reduces current armor recovery time by ##20%##.",
		 "menu_wolverine_beta_desc"  : "##$basic##\nUpon killing an enemy there is a ##20%## chance to spread panic among enemies that were within ##8 meters## radius of killed enemy.\n\nThis cannot occur more than once every ##1## second.\n\nPanic will stun enemies for few seconds.\n\n\n##$pro##\nThe chance to spread panic is increased to ##35%##.\n\nIf successful, those enemies now also take damage equal to ##3%## of their max health.",
		 "menu_drop_soap_beta_desc"  : "##$basic##\nWhen your health is below ##50%##, you will deal more damage the lower your health is.\n\nYou will deal up to ##180%## more damage with ##melee weapons## and up to ##60%## more damage with ##ranged weapons##.\n\n\n##$pro##\nYou will deal up to ##225%## more damage with ##melee weapons## and up to ##80%## more damage with ##ranged weapons##.",
		 "menu_steroids_beta_desc"  : "##$basic##\nYour ##melee## attacks deal an additional ##100%## more damage against non-special enemies.\n\n\n##$pro##\nYour ##melee## attacks deal an additional ##100%## more damage against special enemies.",
		 "menu_second_chances_beta_desc"  : "##$basic##\nYou lockpick regular locks ##20%## faster.\n\nAfter successfully lockpicking regular lock, you gain ##10%## bonus movement speed for ##8## seconds.\n\nYou now also can disable ##1## camera from detecting you and your crew for ##20## seconds.\n\n\n##$pro##\nYou lockpick regular locks ##50%## faster and you can now lockpick safes.\n\nIf you start lockpicking another regular lock within ##8## seconds of successfully picking the last one, you will instantly pick it. Picking a lock this way does not refresh this effect.",
		 "menu_backstab_beta_desc"  : "##$basic##\nYou gain a ##2%## critical hit chance for every ##3## points of detection risk under ##40## up to ##30%##.\n\n\n##$pro##\nYou gain a ##2%## critical hit chance for every ##1## point of detection risk under ##40## up to ##50%##.\n\nDoes not apply to grenade launchers, rocket launchers and throwables.",
		 "menu_iron_man_beta_desc"  : "##$basic##\nYour armor recovery rate is increased by ##20%## for you and your crew.\n\nDamage done to your armor is reduced by ##20%##. Does not reduce damage done by piercing ammunition.\n\n\n##$pro##\nYour weapons have a chance to knock back Shield enemies when attacking them.\n\n##Ranged weapons'## have ##50% + 20% total damage## chance to knock back shields. This is capped at ##90%## chance.\n\n##Melee weapons'## will always knock back shields.",


		 "FOverhaul_title" : "Freyah's Skills Overhaul",
		 "FOverhaul_desc" : "",
		 "FOverhaul_Exec_indi_title" : "enable execution indicator",
		 "FOverhaul_Exec_indi_desc" : "enables indicator which shows upon execution of an enemy by certain skills",
		 "FOverhaul_on_style_exec_indi_title" : "indicator style",
		 "FOverhaul_on_style_exec_indi_desc" : "change the style of execution indicator\nnumbers - shows 9999; text - shows \"EXECUTED!\"",
		 "numbers_foverhaul" : "numbers",
		 "text_foverhaul" : "text",
		 "text_dur_exec_state_change_desc" : "changes the duration of vfx",
		 "text_dur_exec_state_change_title" : "duration",
		 "FOverhaul_rainbow_color_exec_desc" : "enables rainbow color (its animated)",
		 "FOverhaulrainbow_color_exec_title" : "enable rainbow color",
		 "rainbow_speed_exec_state_change_desc" : "changes the speed of rainbow (how fast colors will shift)",
		 "rainbow_speed_exec_state_change_title" : "rainbow speed",
		 "exec_FOverhaul_title" : "Execution indicator",
		 "exec_FOverhaul_desc" : "",
		 "daredevil_FOverhaul_title" : "Daredevil indicators",
		 "daredevil_FOverhaul_desc" : "",
		 "FOverhaul_daredevil_absorb_bar_desc" : "enables daredevil absorption bar",
		 "FOverhaul_daredevil_absorb_bar_title" : "enable absorption bar",
		 "SwanSong_FOverhaul_title" : "Swan Song indicators",
		 "SwanSong_FOverhaul_desc" : "",
		 "FOverhaul_SwanSong_fod_title" : "enable \"fight or die!\" text",
		 "FOverhaul_SwanSong_fod_desc" : "enables text which shows upon triggering swan song, when you have swan song ACED",
		 "FOverhaul_on_swan_song_style_indi_title" : "indicator style",
		 "FOverhaul_on_swan_song_style_indi_desc" : "changes the style of \"fight or die!\" text\ncustom - shows custom made text; hint - shows a regular hint",
		 "vfx_fod" : "custom",
		 "hint_fod" : "hint",
		 "FOverhaul_ammo_return_title" : "enable ammo efficiency (aced) indicator",
		 "FOverhaul_ammo_return_desc" : "enables ammo efficiency indicator which shows when you refund a bullet\nenables golden ammo number and yellow-ish fade in and out effect",
		 "FOverhaul_ammo_return_rainbow_title" : "rainbow color",
		 "FOverhaul_ammo_return_rainbow_desc" : "enables rainbow color for ammo efficiency (only for bullets)",
		 "ammo_return_FOverhaul_desc" : "",
		 "ammo_return_FOverhaul_title" : "Ammo Efficiency indicator",
		 "FOverhaul_reset_updator_title" : "CLEAR UPDATOR",
		 "FOverhaul_reset_updator_desc" : "clears updator memory which stops all current updates for certain functions\nthis is new (v3.7.2) feature thus why there is a button incase something goes wrong and your game lags",
		 "dire_need_FOverhaul_title" : "Sly indicator",
		 "dire_need_FOverhaul_desc" : "",
		 "FOverhaul_dire_need_vfx_title" : "enable sly (basic) indicator",
		 "FOverhaul_dire_need_vfx_desc" : "enables sly subtle indicator which shows upon activating bonus critical hit chance and stagger effect",
		 "menu_incompatibility_f_overhaul" : "[Freyah's Skills Overhaul] - MOD INCOMPATIBLE",
		 "menu_incompatibility_f_overhaul_desc" : "\n\"Player Stats Panel Enhancements\" is incompatible with this overhaul.\nPlayer stats panel changes made by this overhaul have been disabled to prevent crash.\n\nPlease remove \"Player Stats Panel Enhancements\" - ALL FEATURES OF THIS MOD ARE ALREADY INCLUDED IN THIS OVERHAUL!\n\nNot removing \"Player Stats Panel Enhancements\" may cause player stats to display incorrect numbers and will make this message appear each time you open inventory.",
		 "menu_incompatibility_f_overhaul_ok" : "CLOSE",
		 "FOverhaul_go_to_propostion_page_title" : "want to propose changes to overhaul?",
		 "FOverhaul_go_to_propostion_page_desc" : "Google forms link where you can leave any suggestion you may have about overhaul",
		 "FOverhaul_enemy_plate_title" : "reinforced armor plates indicator",
		 "FOverhaul_enemy_plate_desc" : "Enables hitmarker that appears upon hitting an enemy which has reinforced armor plates\n and will mark an enemy with white color for few seconds upon breaking them",
		 "FOverhaul_error_logger_title" : "error logger",
		 "FOverhaul_error_logger_desc" : "Enables logger which logs any error that could have occured in my overhaul while playing\n and notifies you later when in main menu, if it happened",
		 "FOverhaul_force_save_and_load_title" : "FIX OPTIONS (Save & Reload)",
		 "FOverhaul_force_save_and_load_desc" : "This will save all options and load them back into the game\nShould fix any issues with game not detecting default or new options",
		 "FOverhaul_life_line_wraith_cooldown_enabled_title" : "Enable visual cooldown of lifeline card",
		 "FOverhaul_wraith_energy_enabled_title" : "Enable visual energy bar",
		 "FOverhaul_wraith_hint_enabled_title" : "Enable hint when lifeline triggers",
		 "FOverhaul_wraith_heal_bullet_enabled_title" : "Enable visuals for Death Dance card",
		 "FOverhaul_wraith_energy_enabled_desc" : "",
		 "FOverhaul_wraith_heal_bullet_enabled_desc" : "",
		 "FOverhaul_wraith_hint_enabled_desc" : "",
		 "FOverhaul_life_line_wraith_cooldown_enabled_desc" : "",
		 "wraith_FOverhaul_title" : "Wraith Indicators",
		 "wraith_FOverhaul_desc" : "",


		 "bm_menu_dmg_red" : "Damage Reduction",
		 "bm_menu_stats_reduction_basic" : "BASIC",
		 "bm_menu_stats_reduction_highest" : "MAX POSSIBLE",
		 "bm_menu_dmg_red_ds_example" : "damage result (150)",
		 "bm_menu_health_per_kill_stat" : "HP PER KILL",
		 "bm_menu_health_per_second_stat" : "HP/5sec",
		 "bm_menu_stats_health_per_kill" : "FLAT",
		 "bm_menu_stats_health_per_kill_percentage" : "PERCENTAGE",
		 "bm_menu_reputation_progress" : "Reputation Progress: ",
		 "bm_menu_infamy_pool" : "Infamy Pool Progress: ",
		 "bm_menu_player_stats" : "player stats",
		 "bm_menu_bonus_crit_dmg" : "CRIT DAMAGE",
		 "bm_menu_damage_shake" : "DEFENSE",
		 "black_PSPE" : "BLACK",
		 "pastel_pink_PSPE" : "PINK",
		 "pink_PSPE" : "HOT PINK",
		 "aqua_PSPE" : "AQUA",
		 "orange_PSPE" : "ORANGE",
		 "navy_PSPE" : "DARK BLUE",
		 "purple_PSPE" : "PURPLE",
		 "blue_violet_PSPE" : "LIGHT PURPLE",
		 "strawb_PSPE" : "STRAWBERRY",
		 "lilac_PSPE" : "LILAC",
		 "white_PSPE" : "WHITE",
		 "red_PSPE" : "RED",
		 "green_PSPE" : "GREEN",
		 "dark_green_PSPE" : "DARK GREEN",
		 "light_orange_PSPE" : "LIGHT ORANGE",
		 "PSPE_title" : "PLAYER PANEL Enhancements",
		 "PSPE_desc" : "",
		 "PSPE_on_color_change_title" : "\"MAX POSSIBLE\" COLOR",
		 "PSPE_on_color_change_desc" : "CHANGES COLOR OF \"MAX POSSIBLE\" COLUMN.",
		 "PSPE_on_color2_change_title" : "\"BASIC\" COLOR",
		 "PSPE_on_color2_change_desc" : "CHANGES COLOR OF \"BASIC\" COLUMN.",
		 "PSPE_on_color3_change_title" : "DAMAGE RED. COLOR",
		 "PSPE_on_color3_change_desc" : "CHANGES COLOR OF \"DAMAGE REDUCTION\" AND \"DAMAGE RESULT\".",
	 
		 "PSPE_on_colorh_change_title" : "\"PERCENTAGE\" COLOR",
		 "PSPE_on_colorh_change_desc" : "CHANGES COLOR OF \"PERCENTAGE\" COLUMN.",
		 "PSPE_on_colorh2_change_title" : "\"FLAT\" COLOR",
		 "PSPE_on_colorh2_change_desc" : "CHANGES COLOR OF \"FLAT\" COLUMN.",
		 "PSPE_on_colorh3_change_title" : "HEALING COLOR",
		 "PSPE_on_colorh3_change_desc" : "CHANGES COLOR OF \"HP PER KILL/SHOT\" AND \"HP/5sec\".",
	 
		 "PSPE_on_colorv_change_title" : "\"TOTAL\" COLOR",
		 "PSPE_on_colorv_change_desc" : "CHANGES COLOR OF \"TOTAL\" COLUMN.",
		 "PSPE_on_colorv2_change_title" : "\"BASE\" COLOR",
		 "PSPE_on_colorv2_change_desc" : "CHANGES COLOR OF \"BASE\" COLUMN.",
		 "PSPE_on_colorv3_change_title" : "\"SKILL\" COLOR",
		 "PSPE_on_colorv3_change_desc" : "CHANGES COLOR OF \"SKILL\" COLUMN.",
		 "PSPE_on_colorv4_change_title" : "STATS NAME COLOR",
		 "PSPE_on_colorv4_change_desc" : "CHANGES COLOR OF STATS NAMES.",
		 "PSPE_on_colorv5_change_title" : "BUFF COLOR",
		 "PSPE_on_colorv5_change_desc" : "CHANGES COLOR OF STATS THAT ARE INCREASED (BUFFED).",
		 "PSPE_on_colorv6_change_title" : "NERF COLOR",
		 "PSPE_on_colorv6_change_desc" : "CHANGES COLOR OF STATS THAT ARE DECREASED (NERFED).",
		 "PSPE_on_color_lines2_change_title" : "Short Line Color",
		 "PSPE_on_color_lines2_change_desc" : "CHANGES COLOR OF COSMETIC SHORT LINES THAT APPEAR NEXT TO STATS NAME.",
		 "PSPE_on_color_lines_change_title" : "Long Line Color",
		 "PSPE_on_color_lines_change_desc" : "CHANGES COLOR OF COSMETIC LONG LINES THAT APPEAR NEXT TO STATS NAME.",
		 "PSPE_on_cosmetic_split_change_title" : "split line color",
		 "PSPE_on_cosmetic_split_change_desc" : "changes color of cosmetic split line on player stats panel",
		 "PSPE_disable_cosmetic_split_title" : "disable cosmetic split line",
		 "PSPE_disable_cosmetic_split_desc" : "disables cosmetic split line on player stats panel",
		 "PSPE_vanillafont_title" : "FIX OFFSET [FOR VANILLA FONT]",
		 "PSPE_vanillafont_desc" : "FIXES OFFSET OF COSMETIC ADDITIONS FOR VANILLA FONT\nUSE IF STUFF IS OVERLAPPING OR NOT CENTERED AND YOU ARE USING VANILLA FONT",
		 "PSPE_disable_cosmetic_lines_title" : "disable cosmetic lines",
		 "PSPE_disable_cosmetic_lines_desc" : "disables cosmetic lines that appear next to stats",
		 "vanilla_buff_PSPE" : "vanilla color",
		 "vanilla_nerf_PSPE" : "vanilla color",
		 "FOverhaul_def_debuff_title" : "show defense debuff icon",
		 "FOverhaul_def_debuff_desc" : "toggles icon near your health circle that appears when enemy reduced your defense",
		 "FOverhaul_newVersion_title" : "Disable new version popup",
		 "FOverhaul_newVersion_desc" : "Disables popup you get after updating to newest version, which informs you that your settings were reloaded"
}