{

 "st_menu_skill_owned" : "[已掌握]",
 "st_menu_skill_aced" : "[已专精]",
 "st_menu_point" : "$points 技能点",
 "st_menu_point_plural" : "$points 技能点",

  "menu_deck16_1_desc" : "你和你的队友造成的每次击杀都会为你回复血量和护甲。\n\n你击杀一名敌人会为你回复##5##点血量和##10%##的护甲，你队友击杀则效果只有##50%##。\n\n此效果每##8##秒内最多只能触发##8##次。",
  "menu_deck16_3_desc" : "每损失##10%##的血量，你从击杀中护甲的回复量都会增加##10%##。",
  "menu_deck16_5_desc" : "每损失##10%##的血量，效果冷却时间减少##0.5##秒。",
  "menu_deck16_9_desc" : "每损失##10%##的护甲量，效果冷却时间减少##0.5##秒。\n\n当你达到效果的触发次数上限后，你获得##10%##的伤害减免。\n\n天赋牌组完成奖励：你结束劫案后翻牌获得稀有物品的概率增加##10%##。",
  "menu_deck12_1_desc" : "你的血量越低，你的护甲恢复速度越快。当你的血量低于##50%##时，你将获得最多##10%##的护甲恢复速度加成并进入##狂战##状态。",
  "menu_deck12_3_desc" : "你的血量越低，你的移动速度越快。当你的血量低于##50%##时，你将获得最多##20%##的移动速度加成。",
  "menu_deck12_5_desc" : "护甲恢复速度加成上限增加至##25%##。",
  "menu_deck12_7_desc" : "护甲恢复速度加成上限增加至##40%##。",
  "menu_deck12_9_desc" : "该牌组的所有效果现在从你的血量低于##100%##时开始生效计算，而非50%。\n\n天赋牌组完成奖励：你结束劫案后翻牌获得稀有物品的概率增加##10%##。",
  "menu_deck15_9_desc" : "对敌人造成伤害将为你回复##30##点护甲，此效果每##1.5##秒只能生效一次。\n\n天赋牌组完成奖励：你结束劫案后翻牌获得稀有物品的概率增加##10%##。",
  "menu_deck15_3_desc" : "你##50%##的血量转化为##100%##的护甲。\n\n你的护甲现在能承受##100%##你受到的伤害了。",
  "menu_deck15_3_short" : "你##50%##的血量转化为##100%##的护甲。\n\n你的护甲现在能承受##100%##你受到的伤害了。",
  "menu_deck15_9_short" : "造成伤害会为你回复##30##点护甲，此效果每##1.5##秒只能触发一次。",
  "menu_deck5_9_desc" : "你的护甲恢复速度额外加快##10%##。\n\n你的护甲会在完全损坏##8##秒后无视任何影响强行恢复。\n\n天赋牌组完成奖励：你结束劫案后翻牌获得稀有物品的概率增加##10%##。",
  "menu_deck5_9_short" : "你的护甲恢复速度额外加快##10%##。\n\n你的护甲会在完全损坏##8##秒后无视任何影响强行恢复。",
  "menu_deck16_1_short" : "你造成的每次击杀都会为你回复##4##点血量和##4##点护甲，你队友击杀则效果##减半##。此效果每##8##秒内最多只能触发##6##次。",
  "menu_deck16_5_short" : "每损失##10%##的血量，效果冷却时间减少##0.5##秒。",
  "menu_deck16_9_short" : "每损失##10%##的护甲，效果冷却时间减少##0.5##秒。",
  "menu_deckall_2" : "致命好运",
  "menu_deckall_8" : "眼疾手快",
  "menu_deckall_2_desc"  : "你获得##5%##的暴击几率。\n\n你的暴击伤害增加##10%##。",
  "menu_deckall_4_desc"  : "你的隐匿度增加##1##。\n\n护甲带来的移动速度惩罚降低##15%##。\n\n你完成关卡和劫案所获得的经验增加##45%##。",
  "menu_deckall_6_desc"  : "解锁##护甲箱##随身装备供你使用。\n\n你的捡弹量增加##15%##。",
  "menu_deckall_8_desc"  : "你使用医疗箱的速度加快##20%##。\n\n你切换武器的速度加快##15%##。",
  "menu_deck2_9_desc" : "你的血量上限额外增加##60%##。\n\n你的血量每##5##秒回复##2##点。\n\n天赋牌组完成奖励：你结束劫案后翻牌获得稀有物品的概率增加##10%##。",
  "menu_deck2_9_short" : "你的血量上限额外增加##60%##。\n你的血量每##5##秒回复##2##点。",
  "menu_st_spec_24"  : "刺客",
  "menu_st_spec_25"  : "动力小子",
  "menu_st_spec_26"	 : "老兵",
  "menu_st_spec_27"	 : "冒险家",
  "menu_st_spec_28"	 : "神箭手",
  "menu_st_spec_29"	 : "血蚀者",
  "menu_st_spec_30"	 : "幽灵",
  "bm_wraith_form" : "幽灵形态",
  "bm_wraith_form_desc" : "唤醒你内心潜藏已久的恶魔本性...你必须满足它对猎物的饥饿与渴望。",
  "bm_quick_fix_stymulant" : "兴奋剂",
  "bm_quick_fix_stymulant_desc" : "一种新型的军用兴奋剂，能快速凝固战斗中产生的流血并提供肾上腺素的效果",
  "bm_menu_skill_locked_quick_fix_stymulant" : "需要装备\"动力小子\"天赋牌组",
  "bm_bite_the_bullet_ability" : "咬紧牙关",
  "bm_bite_the_bullet_ability_desc" : "获得威慑和伤害那些攻击你的人的能力",
  "bm_archer_ability" : "草药注射器",
  "bm_archer_ability_desc" : "一种能让你的五官变得异常灵敏的注射器。有人说它与弓弩有奇怪的关联作用，但谁知道呢？不过，有一种方法可以确定：为什么亲自去体验一下呢？",
  "bm_menu_skill_locked_bite_the_bullet_ability" : "需要装备\"老兵\"天赋牌组",
  "bm_menu_skill_locked_archer_ability" : "需要装备\"神箭手\"天赋牌组",
  "bm_menu_skill_locked_bleed_ability" : "需要装备\"血蚀者\"天赋牌组",
  "bm_bleed_ability" : "摘心",
  "bm_bleed_ability_desc" : "狠狠地掏流血敌人的心窝子。",
  "menu_crew_evasive_desc" : "所有玩家的闪避率额外增加5%。",
  "hud_equipment_equipping_armor_kit" : "插入装甲板中",
  "bm_equipment_armor_kit_desc" : "按住$BTN_USE_ITEM;来插入4块重型装甲板，每个装甲板有35点耐久值。\n\n装甲板能吸收50%你护甲受到的伤害，如果装甲板的耐久值归0，它就会损坏。\n\n带有穿透效果的子弹会直接摧毁所有装甲板，但装甲板会对该次攻击吸收掉其剩余耐久值的伤害。\n\n护甲箱可以使用3次，仍有装甲板时使用会用新的装甲板替换掉你现有的装甲板。\n\n击杀30名敌人会补充你护甲箱的使用机会1次。",
  "menu_crew_dmgmul" : "全力以赴",
  "menu_crew_dmgmul_desc" : "你的AI队友造成的伤害增加10%。每多一个AI队友都会使此加成再增加15%。",
  "menu_crew_bag_movement" : "迅捷行动",
  "menu_crew_bag_movement_desc" : "所有玩家携带战利品时的移动速度增加10%。每多一个AI队友都会使此加成再增加10%。",


	"crimson_perk" : "刺客",
	 "crimson_perk_desc"  : "知敌所弱，刺心之准；攻敌不备，出其不意！",
	"crimson_deck1" : "繁盛I",
	 "crimson_deck_desc1"  : "你的血量上限增加你暴击几率##30%##的数值。\n\n你武器造成的伤害增加你暴击几率##15%##的数值。\n\n&&此效果不适用于近战武器、榴弹发射器、火箭筒和投掷物&&",
	"crimson_deck2" : "噬血",
	 "crimson_deck_desc2"  : "成功暴击将为你回复暴击伤害##5%##的血量，每次最多回复##20##点血量。\n\n此效果每##2##秒最多触发##3##次。",
	"crimson_deck3" : "繁盛II",
	 "crimson_deck_desc3"  : "你的血量上限额外增加你暴击几率##20%##的数值（共##50%##）。\n\n你武器造成的伤害额外增加你暴击几率##10%##的数值（共##25%##）。\n\n&&此效果不适用于近战武器、榴弹发射器、火箭筒和投掷物&&",
	"crimson_deck4" : "致命一击",
	 "crimson_deck_desc4"  : "成功暴击有##0.5%##加上##暴击几率5%##的几率直接秒杀敌人。\n\n&&此效果不适用于喷火器和爆炸、火焰、中毒造成的伤害&&",
	"crimson_deck5" : "凶狠残暴",
	"crimson_deck_desc5"  : "你获得##20%##的暴击几率。\n\n你的血量上限再额外增加你暴击几率##20%##的数值（共##70%##）。\n\n成功暴击秒杀敌人的几率增加至##2%##加上##暴击几率10%##。成功秒杀敌人会在##1.5##秒内为你提供##90%##的伤害减免。\n\n天赋牌组完成奖励：你结束劫案后翻牌获得稀有物品的概率增加##10%##。",
	
	"lust_name" : "动力小子",
	 "lust_name_desc"  : "使用最新款的军用型兴奋剂来治愈你的伤痛。",
	"lust_deck1" : "兴奋剂",
	 "lust_deck_desc1"  : "解锁并装备##兴奋剂##。\n\n切换为其它天赋牌组会导致兴奋剂不可用。兴奋剂会替代你的当前投掷物，装备在你的投掷物栏位中，并且在需要时可以切换。\n\n游戏中你可以按下投掷按键##$BTN_ABILITY##来激活兴奋剂。\n\n激活兴奋剂会使你免疫对血量造成的伤害##0.5##秒并加快##20%##的移动速度##1.25##秒。任何情况下倒地将提前结束兴奋剂带来的效果。\n\n激活兴奋剂的##0.5##秒后，你的血量还会在##4##秒内逐渐回复：每##0.25##秒回复##血量上限1.5%##加上##损失血量4%##的血量。\n\n兴奋剂的冷却时间为##60##秒，最多有##2##次充能。",
	"lust_deck2" : "肾上腺素",
	 "lust_deck_desc2"  : "激活兴奋剂后，你的移动速度额外加快##20%##（共##40%##）。\n\n如果你在前##1.25##秒内击杀一名敌人，移速加成会多延长##0.75##秒。此效果每次兴奋剂激活只能触发一次。\n\n激活兴奋剂将立刻回复你##50%##的耐力。",
	"lust_deck3" : "吗啡",
	 "lust_deck_desc3"  : "激活兴奋剂时，你每损失的##1%##的血量都会延长血量伤害免疫效果##0.025##秒的持续时间，最多延长##1.5##秒。当你的血量剩余##30%##或更低时，此增益就达到了最大。",
	"lust_deck4" : "饱和",
	 "lust_deck_desc4"  : "你的血量上限增加##30%##。",
	"lust_deck5" : "用药过量",
	 "lust_deck_desc5"  : "兴奋剂的回血效果持续时间内，每击杀一个敌人都会延长回血效果##0.5##秒的持续时间，最多延长##5##秒。\n\n与任意物体互动##0.5##秒后，兴奋剂会逐渐随着你继续互动而更快地冷却。\n\n天赋牌组完成奖励：你结束劫案后翻牌获得稀有物品的概率增加##10%##。",

	 "toxin_name" : "老兵",
	 "toxin_desc" : "宁教我负天下人，休叫天下人负我！",
	 "toxin_deck1" : "咬紧牙关",
	 "toxin_deck2" : "强取豪夺",
	 "toxin_deck3" : "灵活运用",
	 "toxin_deck4" : "隐忍",
	 "toxin_deck5" : "雷霆万钧",
	 "toxin_deck_desc1" : "解锁并装备##咬紧牙关##主动技能。\n\n切换为其它天赋牌组会导致咬紧牙关不可用。咬紧牙关会替代你的当前投掷物，装备在你的投掷物栏位中，并且在需要时可以切换。\n\n游戏中你可以按下投掷按键##$BTN_ABILITY##来激活咬紧牙关。\n\n激活##咬紧牙关##会将你##100%##的护甲转化为血量上限，并使你回复同等的血量，然后在##8##秒内使你获得##40%##的伤害减免。一旦##咬紧牙关##技能结束，你的血上限和护甲都会变回使用前的数值。因受伤而导致的低于你原血量上限的血量则会被保留。任何情况下倒地将提前结束咬紧牙关带来的效果。\n\n在##咬紧牙关##激活期间，你受到伤害会释放一道冲击波，冲击波会对你周遭##12##米内的所有敌人造成原伤害##30%##的伤害。\n\n##咬紧牙关##的冷却时间为##80##秒，最多有##1##次充能。\n\n&&原伤害：指的是除去你的伤害减免和伤害吸收后本来应该受到的伤害&&",
	 "toxin_deck_desc2" : "激活##咬紧牙关##期间，原伤害##4%##的数值会被储存。一旦##咬紧牙关##技能结束，你就会回复同等于储存数值的血量。",
	 "toxin_deck_desc3" : "击杀一名敌人会立即减少##咬紧牙关##当前剩余冷却时间##8%##的冷却时间，此效果仅在##咬紧牙关##未被激活时有效。",
	 "toxin_deck_desc4" : "储存数值的量额外增加##4%##（共##8%##）。\n\n##咬紧牙关##的持续时间延长##4##秒。",
	 "toxin_deck_desc5" : "冲击波造成的伤害量提升至原伤害的##50%##。你现在还会回复同等于冲击波对每个敌人造成的伤害量##15%##的血量。\n\n一旦##咬紧牙关##技能结束，你就会释放出一道额外的半径##8##米的冲击波，这道冲击波不会造成伤害，但可以眩晕范围内的敌人##3##秒，不过因倒地而导致的技能结束不会触发这道冲击波。\n\n天赋牌组完成奖励：你结束劫案后翻牌获得稀有物品的概率增加##10%##。",

	 "daredevil_name" : "冒险家",
	 "daredevil_desc" : "锐不可挡的战士，善于以灵活的姿态积蓄力量，后以迅猛之势攻敌手于不备。",
	 "daredevil_deck1" : "独特作风",
	 "daredevil_deck2" : "胆大包天",
	 "daredevil_deck3" : "势不可挡",
	 "daredevil_deck4" : "邪恶快感",
	 "daredevil_deck5" : "绝尘",
	 "daredevil_deck_desc1" : "完成一次击杀将在为你叠加一层##独特作风##，持续##8##秒，最多叠加##6##层。每层会提高你##3.5%##的移动速度和##8##的伤害加成。\n\n##独特作风##的层数会在HUD上以下述字母排序显示：E、D、C、B、A、S。\n\n&&杀敌会刷新层数的持续时间，未能在叠出当前最后一层的8秒内杀敌会使你损失所有的层数&&",
	 "daredevil_deck_desc2" : "每层##独特作风##会为你提供##50##点防御力（即最大##300##点）。\n\n每层##独特作风##还会为你提供@@0.5%生命汲取@@（即最大@@3%@@）\n\n@@生命汲取@@会为你回复同等于你武器基础伤害值的血量，回血量不会超过你血上限的##2.5%##。",
	 "daredevil_deck_desc3" : "每层##独特作风##会给你的##远程武器##提供##5%##的几率穿透敌人的护甲（即最高##30%##）。",
	 "daredevil_deck_desc4" : "每层##独特作风##会提高你##3.33%##的武器射速（即最多##20%##）。",
	 "daredevil_deck_desc5" : "叠满##独特作风##时，你的武器会额外造成同等于敌人血上限##2%##值的伤害量，并且@@生命汲取@@的上限和给你带来的回血量都增加##50%##。\n\n叠满##独特作风##时，你的武器还会##自动换弹##，此效果有##15##秒的冷却时间。\n\n天赋牌组完成奖励：你结束劫案后翻牌获得稀有物品的概率增加##10%##。\n\n&&伤害加成不适用于近战武器、投掷物、榴弹发射器和火箭筒&&",

	 "archer_name" : "神箭手",
	 "archer_desc" : "想当战场中的罗宾汉吗？",
	 "archer_deck1" : "敏捷",
	 "archer_deck2" : "闪避I",
	 "archer_deck3" : "弹射箭头",
	 "archer_deck4" : "闪避II",
	 "archer_deck5" : "草药注射器",
	 "archer_deck_desc1" : "使用##弓弩##命中目标将在##8##秒内加快你##8%##的换弹速度，该效果可以叠加，最多叠加##5##层（即##40%##）。成功命中目标会刷新效果持续时间。\n\n切换为非##弓弩##武器将移除该效果的所有层次。",
	 "archer_deck_desc2" : "你的闪避几率增加##20%##。",
	 "archer_deck_desc3" : "你的闪避几率额外增加##20%##（共##40%##）。\n\n使用##弓弩##成功命中一名敌人将使这名敌人周遭##5##米范围内的其它敌人受到等同于本次伤害##20%##的连带伤害。",
	 "archer_deck_desc4" : "你的闪避几率再额外增加##20%##（共##60%##）。",
	 "archer_deck_desc5" : "解锁并装备##草药注射器##。\n\n切换为其它天赋牌组会导致草药注射器不可用。草药注射器会替代你的当前投掷物，装备在你的投掷物栏位中，并且在需要时可以切换。\n\n游戏中你可以按下投掷按键##$BTN_ABILITY##来激活草药注射器。\n\n使用草药注射器后的##8##秒内，你的##弓弩##会自动换弹、射速加快##500%##且可以穿透敌人护甲。注射器效果持续期间，你的每次击杀都会延长效果##1.25##秒，最多延长##5##秒。\n\n注射器效果持续期间，每次爆头都会为你回复##10##点血量，血量低于##30%##时则回复##20##点。\n\n草药注射器有##40%##秒的冷却时间，最多充能##1##次。\n\n天赋牌组完成奖励：你结束劫案后翻牌获得稀有物品的概率增加##10%##。",

	 "bleed_name" : "血蚀者",
	 "bleed_desc" : "射击敌人时让他们流血不止！",
	 "bleed_deck1" : "血流不止",
	 "bleed_deck2" : "弱化",
	 "bleed_deck3" : "易伤",
	 "bleed_deck4" : "变幻",
	 "bleed_deck5" : "摘心",
	 "bleed_deck_desc1" : "你的子弹射击敌人会使他们在##10##秒内持续@@流血@@。\n@@流血@@的敌人每##0.5##秒会受到##5##点加上##他们血上限1%##的伤害。\n\n同一个中了@@流血@@效果的敌人在接下来的##20##秒内无法再次流血。\n\n&&霰弹枪无法触发使敌人流血的效果&&",
	 "bleed_deck_desc2" : "@@流血@@的敌人对你造成的伤害降低##10%##。\n\n每当@@流血@@效果对敌人造成伤害时，你回复同等于流血伤害##5%##的血量。",
	 "bleed_deck_desc3" : "当@@流血@@的敌人剩余血量低于##50%##时，你对他们造成的伤害增加##10%##。\n\n&&此效果不影响流血伤害&&",
	 "bleed_deck_desc4" : "你获得##10%##的暴击几率。\n\n@@流血@@现在也有一定的几率触发暴击（几率取决于你的暴击几率，最多##50%##），使流血伤害增加##50%##。",
	 "bleed_deck_desc5" : "解锁并装备##摘心##主动技能\n\n切换为其它天赋牌组会导致摘心不可用。摘心会替代你的当前投掷物，装备在你的投掷物栏位中，并且在需要时可以切换。\n\n游戏中你可以按下投掷按键##$BTN_ABILITY##来激活摘心。\n\n激活##摘心##技能会让所有@@流血@@的敌人失去流血效果，但同时立即承受流血效果本应造成的所有伤害。你还会回复同等于这个技能对每个敌人造成的伤害量##10%##的血量，此回复量可以过量治疗让你的血量在##30秒##超出血量上限最多##50%##。\n\n此外，你若在摘心持续的最后##4##秒内射击一个被##摘心##伤害过的敌人，则这个敌人对@@流血@@的冷却时间减少至##1.75##秒。\n\n##摘心##有##60##秒的冷却时间，最多充能##1##次。\n\n天赋牌组完成奖励：你结束劫案后翻牌获得稀有物品的概率增加##10%##。\n\n&&从第三个敌人开始，治疗量只有30%；第六个敌人开始为15%；最多从每个敌人获取100点治疗量&&",

	 "demon_name" : "幽灵",
	 "demon_desc" : "有什么东西...一直潜藏在你的身体里...是时候将其释放出来了...",
	 "demon_deck1" : "本源",
	 "demon_deck2" : "死亡之舞",
	 "demon_deck3" : "深层契约",
	 "demon_deck4" : "灵魂保护",
	 "demon_deck5" : "本能释放",
	 "demon_deck_desc1" : "击杀一名敌人将使你在##4.25##秒内进入##半幽灵形态##。在##半幽灵形态##中，你的移动速度提高##20%##，奔跑和跳跃不消耗体力，且防御力提高##100%##。\n\n你每##8##秒只能进入##半幽灵形态##一次。",
	 "demon_deck_desc2" : "在##半幽灵形态##下，打中你的子弹有##50%##的几率会为你治疗而不是造成伤害。\n\n治疗量相当于该子弹本应造成伤害的##40%##，最多治疗##100##点生命值。",
	 "demon_deck_desc3" : "你的血量上限提高##20%##。\n\n##半幽灵形态##的持续时间增加至##6.5##秒。",
	 "demon_deck_desc4" : "当你受到致命伤害时，你会进入##半幽灵形态##并无视该次伤害。通过这种方式进入##半幽灵形态##会将你的生命值变为##10##点。\n\n这个效果有##60##秒冷却时间。\n\n&&处于\"幽灵形态\"时不会生效&&",
	 "demon_deck_desc5" : "解锁并装备##幽灵形态##到投掷栏位。\n切换为其它牌组将再次使##幽灵形态##不可用。\n游戏中你可以按下投掷键##$BTN_ABILITY##来激活##幽灵形态##并用##近战攻击##按键来攻击敌人（##0.3##秒冷却）。\n\n激活##幽灵形态##会在持续时间内使你获得半幽灵形态的绝大部分效果，期间你对敌人隐形，且会自动标记你周遭##20##米内的所有敌人。\n\n在幽灵形态中，如果你有足够的能量并且离敌人够近，你可以立即杀死并肢解这名敌人。杀敌将使你在##1.25##秒内获得##40%##的移动速度加成并汲取他们的生命。幽灵形态结束时，你会获得生命汲取次数乘以你血上限##4%##的治疗量。\n\n你的能量会随时间和杀敌消耗殆尽，能量用光则##幽灵形态##结束。击杀越强大的敌人，消耗的能量越多。\n##幽灵形态##的冷却时间为##60##秒，从效果结束时开始计算。\n\n天赋牌组完成奖励：你结束劫案后翻牌获得稀有物品的概率增加##10%##。",

	 	 "menu_single_shot_ammo_return_beta" : "弹无虚发",
		 "menu_martial_arts_beta" : "势不可挡",
		 "menu_frenzy" : "狂乱",
		 "menu_wolverine_beta" : "意志崩溃",
		 "menu_iron_man_beta" : "硬汉",
		 "menu_dire_need_beta" : "灵动",
		 "menu_scavenger_beta_SVUP" : "卷土重来",
		 "menu_more_fire_power_CET" : "火力增强",
		 "menu_combat_engineering_CET" : "战斗工兵",
		 "menu_jail_workout_beta" : "惯偷",
		 "menu_feign_death" : "不屈铁骨",
		 "menu_running_from_death_beta" : "诈死",
		 "menu_spotter_teamwork_beta" : "高价目标",
		 "menu_unseen_strike_beta" : "专业杀手",
		 "menu_scavenging_beta" : "拾荒者",
		 "menu_triathlete_beta_toidi" : "强制友谊",
		 "menu_shock_and_awe_beta" : "职业枪手",
		 "menu_eco_sentry_beta" : "加固强化",
		 "menu_show_of_force_beta" : "不可撼动",
		 "menu_combat_medic_beta" : "自理",
		 "menu_bloodthirst" : "搏击大师",
		 "menu_steroids_beta" : "猛击",
		 "menu_drill_expert_beta_DTE" : "电钻技工",
		 "menu_oppressor_beta_RSLC" : "适应力",
		 "menu_spotter_teamwork_beta_SKL" : "暗杀者",
		 "menu_drop_soap_beta" : "狂战",
		 "menu_heavy_impact_beta" : "预备",
		 "menu_black_marketeer_beta" : "领导者",
		 "menu_expert_handling" : "专注",
		 "menu_equilibrium_beta" : "灵巧",
		 "menu_trigger_happy_beta" : "手枪狂人",
		 "menu_gun_fighter_beta" : "乱枪狂人",
		 "menu_sentry_targeting_package_beta" : "高端芯片",

		
		 "menu_prison_wife_beta_desc" : "##$basic##\n爆头命中将为你回复##10##点护甲，此效果每##2##秒只能触发一次。\n\n\n##$pro##\n爆头命中回复的护甲增加##10##点（共##20##点）。\n\n爆头命中还会减少你当前剩余护甲恢复时间的##10%##，此效果每##2##秒只能触发一次。",
		 "menu_pack_mule_beta_desc" : "##$basic##\n你的扔包距离增加##50%##。\n\n你现在可以##背着任何包跑步##了。\n\n\n##$pro##\n每##10##点护甲会减少你##1.75%##的背包移速惩罚。\n\n背包带来的跳跃高度惩罚降低##50%##。",
		 "menu_close_by_beta_desc" : "##$basic##\n你可以在##跑步时使用霰弹枪腰射##了。\n\n\n##$pro##\n单发霰弹枪腰射时的射速提高##35%##。\n\n对于弹匣供弹的霰弹枪，其弹匣容量提高##15##。",
		 "menu_shotgun_cqb_beta_desc" : "##$basic##\n霰弹枪的换弹速度加快##15%##。\n\n\n##$pro##\n霰弹枪的换弹速度额外加快##20%##。\n\n霰弹枪的瞄准速度加快##125%##。",
		 "menu_ammo_2x_beta_desc" : "##$basic##\n你可以多携带##1##个弹药袋了。\n\n\n##$pro##\n你弹药袋的容量增加##50%##。",
		 "menu_ammo_reservoir_beta_desc" : "##$basic##\n使用你弹药袋的玩家会获得无限弹药保底##3##秒。无限弹药时长随补充弹药的数量而提升，最长持续##5##秒。\n\n\n##$pro##\n保底持续时间延长至##5##秒，最长##10##秒。",
		 "menu_sharpshooter_beta_desc" : "##$basic##\n对于使用单发模式的武器，其精准度增加##8##。\n\n此效果只作用于冲锋枪、突击步枪和狙击枪。\n\n\n##$pro##\n对于使用单发模式的武器，其瞄准时获得额外##20%##的精准度加成。\n\n此效果只作用于冲锋枪、突击步枪和狙击枪。",
		 "menu_rifleman_beta_desc" : "##$basic##\n你所有武器的瞄准速度加快##100%##。\n\n武器瞄准不再会影响你的移动速度了。\n\n\n##$pro##\n你使用冲锋枪、突击步枪和狙击枪移动时的精准度提高##16##。",
		 "menu_stable_shot_beta_desc" : "##$basic##\n你获得##4##点武器精准度。\n\n\n##$pro##\n你额外获得##4##点武器稳定性（共##8##点）。",
		 "menu_tea_time_beta_desc" : "##$basic##\n你放置医疗箱和急救包的速度加快##50%##。\n\n\n##$pro##\n使用你医疗箱的玩家将在##120##秒内获得##10%##的伤害减免。",
		 "menu_tea_cookies_beta_desc" : "##$basic##\n你可以多携带##7##个急救包了。\n\n\n##$pro##\n你可以再多携带##3##个急救包了。\n\n你放置的急救包将会自动被其周遭##5##米范围内受到致命伤害的玩家使用，每位玩家在##20##秒内只能触发一次。\n\n提示：进入天鹅绝唱时不可用",
		 "menu_medic_2x_beta_desc" : "##$basic##\n你可以多携带##1##个医疗箱了。\n\n\n##$pro##\n你医疗箱的使用次数增加##2##。",
		 "menu_tower_defense_beta_desc" : "##<关联性增益>##\n你的互动速度加快##10%##，每##5##次转生会多加快##1%##，最多加快##30%##。\n\n##$basic##\n你现在可以多携带##1##个哨戒机枪了。\n\n\n##$pro##\n你现在可以再多携带##2##个哨戒机枪（共多##3##个）。",
		 "menu_fire_trap_beta_desc" : "##<关联性增益>##\n你的互动速度加快##10%##，每##5##次转生会多加快##1%##，最多加快##30%##。\n\n##$basic##\n你的诡雷在爆炸后留下一片半径##4##米持续##10##秒的火焰。\n\n\n##$pro##\n诡雷的火焰半径额外增加##50%##，持续时间额外增加##10##秒。",
		 "menu_steady_grip_beta_desc" : "##$basic##\n你获得##4##点武器稳定性。\n\n\n##$pro##\n你额外获得##4##点武器稳定性（共##8##点）。",
		 "menu_akimbo_skill_beta_desc" : "##$basic##\n你##双持武器##的稳定性惩罚减少##8##。\n\n\n##$pro##\n你##双持武器##的稳定性惩罚额外减少##8##（共##16##）。\n\n你##双持武器##的总弹量增加##50%##。",
		 "menu_dance_instructor_desc" : "##$basic##\n手枪的弹匣容量增加##5##。\n\n\n##$pro##\n手枪的弹匣容量额外增加##10##（共##15##）。",
		 "menu_equilibrium_beta_desc" : "##$basic##\n手枪的切换速度加快##33%##。\n\n\n##$pro##\n手枪的瞄准速度加快##100%##。",
		 "menu_ecm_2x_beta_desc" : "##<关联性增益>##\n你的移动速度加快##2%##，耐力增加##15%##。每##10##次转生会提高该增益##0.5%##的效果，最多提高##5%##。\n\n##$basic##\n你可以多携带##1##个ECM电子干扰器了。\n\n\n##$pro##\n你ECM电子干扰器的生效时长包括反馈时长额外提高##25%##。\n\nECM电子干扰器现在会延迟对讲机回答。",
		 "menu_ecm_booster_beta_desc" : "##$basic##\n你ECM电子干扰器的生效时长包括反馈时长提高##25%##。\n\n\n##$pro##\n你的ECM电子干扰器现在可以用来打开一些特定的安全门了。",
		 "menu_cleaner_beta_desc" : "##$basic##\n你开局携带尸体袋的数量增加##1##，携带尸体袋的上限增加##3##。\n\n\n##$pro##\n你可以多携带##1##个尸体袋箱了。",
		 "menu_thick_skin_beta_desc" : "##$basic##\n你##近战武器##的隐匿度增加##2##。\n\n\n##$pro##\n你##防弹背心##的隐匿度增加##4##。",
		 "menu_jail_diet_beta_desc" : "##<关联性增益>##\n你的移动速度加快##2%##，耐力增加##15%##。每##10##次转生会提高该增益##0.5%##的效果，最多提高##5%##。\n\n##$basic##\n当你的暴露风险低于##35##时，每降低##3##点暴露风险都将获得##1%##的闪避几率，最多增加##10%##。\n\n\n##$pro##\n当你的暴露风险低于##35##时，每降低##1##点暴露风险都将获得##1%##的闪避几率，最多增加##10%##。",
		 "menu_awareness_beta_desc" : "##$basic##\n你的移动速度额外加快##10%##，你爬梯子的速度加快##20%##。\n\n\n##$pro##\n你现在可以往任何方向跑步冲刺，还能在##跑步时换弹##。",
		 "menu_sprinter_beta_desc" : "##$basic##\n你的耐力将提前##25%##的时间进行恢复且恢复速度加快##25%##。\n你的跑步速度加快##10%##。\n\n\n##$pro##\n你跑步时提高##10%##的闪避几率。",
		 "menu_optic_illusions_desc" : "##$basic##\n敌人选取你为目标的优先级降低##35%##。\n\n\n##$pro##\n你装备的每把消音武器将提高你##1##点隐匿度。\n消音武器的隐匿度惩罚减少##2##。",
		 "menu_gun_fighter_beta_desc" : "##$basic##\n你手枪的射速提高##50%##。\n\n\n##$pro##\n你手枪的基础伤害提高##15##。",
		 "menu_far_away_beta_desc"  : "##$basic##\n霰弹枪的有效射程延长##50%##。\n\n\n##$pro##\n你霰弹枪瞄准时的精准度提高##60%##。",
		 "menu_carbon_blade_beta_desc"  : "##$basic##\n你OVE9000便携式电锯攻击敌人时的损耗降低##66%##。\n\n电锯还有##8%##的几率在使用时不损失耐久度（对敌##24%##）。\n\n\n##$pro##\n你可以使用电锯锯穿盾兵的盾来对其造成伤害。",
		 "menu_portable_saw_beta_desc"  : "##$basic##\n解锁OVE9000便携式电锯作为副武器供你使用。\n\n\n##$pro##\n你的OVE9000便携式电锯获得##1##个额外锯片。\n\n电锯对锁和保险盒的效率增加##60%##。",
		 "menu_shotgun_impact_beta_desc"  : "##$basic##\n你霰弹枪的稳定性增加##8##。\n\n你霰弹枪的伤害增加##5%##。\n\n\n##$pro##\n你霰弹枪的伤害额外增加##5%##（共##10%##）。\n\n你的霰弹枪有##30%##的几率穿透敌人的护甲。",
		 "menu_underdog_beta_desc"  : "##$basic##\n当##18##米内有三个或更多敌人以你为目标，你就会在##10##秒内获得##8%##的伤害加成。\n\n此效果不适用于近战武器、投掷物、榴弹发射器和火箭筒。\n\n\n##$pro##\n当##18##米内有三个或更多敌人以你为目标，你还会在##10##秒内获得##8%##的伤害减免。",
		 "menu_overkill_beta_desc"  : "##<关联性增益>##\n你的护甲恢复速度加快##5%##，每##5##次转生多加快##2.5%##，最多加快##15%##。\n\n##$basic##\n使用霰弹枪或电锯杀敌后，你会在##20##秒内获得对它们##35%##的伤害加成。重复触发技能可以刷新持续时间。\n\n\n##$pro##\n伤害加成提高至##65%##。\n\n技能持续期间，你的霰弹枪每次射击都有##15%##的几率不消耗弹药。",
		 "menu_nine_lives_beta_desc"  : "##$basic##\n你倒地时的血量增加##40%##。\n\n\n##$pro##\n给你增加##1##次被拘捕前的倒地次数。",
		 "menu_expert_handling_desc"  : "##$basic##\n每当你使用手枪成功命中敌人时，你会在##5##秒内获得##10%##的精准度和换弹速度加成，最多可以叠加##3##次（即##30%##）。使用手枪成功命中敌人可以刷新持续时间。\n\n切换为非##手枪##武器将移除该效果的所有层次。\n\n\n##$pro##\n你的手枪有##30%##的几率穿透敌人的护甲。\n\n手枪的有效射程增加##25%##。",
		 "menu_stockholm_syndrome_beta_desc"  : "##$basic##\n平民会被你制造的噪音所控制。\n\n\n##$pro##\n你的人质被救时不会逃走。当你被捕后，你可以让场上的人质主动交换你出来。该技能可在突击中途触发，但单次劫案内只能触发##1##次。",
		 "menu_joker_beta_desc"  : "##$basic##\n你可以转化一名非特殊敌人为你作战。该技能在潜入时无效，敌人须先投降才能被转化。\n你只能同时拥有##1##名被转化的敌人。\n\n\n##$pro##\n你现在能同时拥有##2##名被转化的敌人了。\n\n拥有转化的敌人将提高你自己和你转化的敌人##20%##的血量上限。",
		 "menu_cable_guy_beta_desc"  : "##$basic##\n提升你##50%##的威慑距离，平民被控制的时间延长##50%##。\n\n\n##$pro##\n转化敌人所需的时间减少##65%##。",
		 "menu_chameleon_beta_desc"  : "##$basic##\n你可以在踩点模式下捡起任务道具和零散战利品。\n你捡起的零散战利品价值提高##15%##。\n\n\n##$pro##\n你捡起的零散战利品价值额外提高##20%##（共##35%##）。",
		 "menu_jail_workout_beta_desc"  : "##$basic##\n为你解锁所有有利条件的购买权限。\n击杀平民产生的清理费用减少##75%##。\n\n\n##$pro##\n在潜入时站止不动##3.5##秒后，你周遭10米内的警卫和平民都将被自动标记。踩点模式也有效。",
         "menu_more_fire_power_desc_CET"  : "##$basic##\n你现在可以多携带##2##个塑形炸药和##5##个诡雷。\n\n\n##$pro##\n你现在可以再多携带##2##个（共多##4##个）塑形炸药和##8##个（共多##13##个）诡雷。",
         "menu_combat_engineering_desc_CET"  : "##$basic##\n你诡雷的爆炸范围提高##20%##。\n\n你放置诡雷的速度加快##30%##。\n\n\n##$pro##\n你诡雷的伤害增加##100%##。",
         "menu_spotter_teamwork_beta_desc_SKL"  : "##<关联性增益>##\n你的移动速度加快##2%##，耐力增加##15%##。每##10##次转生会提高该增益##0.5%##的效果，最多提高##5%##。\n\n##$basic##\n你的暴击伤害增加##25%##（消音武器##50%##）。\n\n\n##$pro##\n暴击伤害增益提升至##40%##（消音武器##100%##）。",
         "menu_oppressor_beta_desc_RSLC"  : "##$basic##\n你的护甲恢复速度加快##5%##。\n\n闪光弹使你致盲的时间减少##20%##。\n\n\n##$pro##\n你的防御效率提高##25%##。\n\n闪光弹使你致盲的时间额外减少##55%##（共##75%##）。",
         "menu_scavenger_beta_desc_SVUP"  : "##$basic##\n护甲损坏后，你的移动速度会在##5##秒内加快##15%##。\n\n\n##$pro##\n护甲损坏后，你的防御力提高##20%##，护甲完全恢复的##3##秒后失效。\n\n此技能提供的移速加成现在还会生效于你的队友。",
         "menu_drill_expert_beta_desc_DTE"  : "##$basic##\n你的钻机和电锯工作所需时间减少##15%##。\n\n\n##$pro##\n你部署的钻机和电锯工作所需时间额外减少##25%##（共##40%##）。",
	     "menu_kick_starter_beta_desc"  : "##$basic##\n你的钻机和电锯在每次损坏时有##35%##的几率自行修复。\n\n\n##$pro##\n近战攻击有##50%##的几率直接修好钻机或电锯。\n每次钻机或电锯损坏时你都只有一次机会尝试。",
         "menu_hardware_expert_beta_desc"  : "##$basic##\n你修复钻机或电锯的速度加快##25%##。\n你部署诡雷的速度加快##20%##。\n\n你的钻机和电锯现在是##完全消音##的。\n\n\n##$pro##\n你修复钻机和电锯的速度加快##50%##。\n你的钻机和电锯获得##20%##自行修复的概率。",	
		 "menu_feign_death_desc"  : "##$basic##\n你倒地后被拘捕前的时间延长##10##秒\n你倒地时的血量额外提高##40%##。\n\n\n##$pro##\n你倒地时获得固定##80%##的伤害减免，并且你的射出的子弹直击有##10%##的几率直接秒杀敌人。",
         "menu_sniper_graze_damage_desc"  : "##<关联性增益>##\n你救起队友的速度加快##25%##，每##3##次转生会多加快##2%##，最多加快##50%##。\n\n##$basic##\n使用##狙击步枪##成功命中一名敌人将使本次射击轨迹周遭##0.8##米范围内的其它敌人受到等同于本次伤害##20%##的连带伤害，爆头击杀目标会使连带伤害量增加至##40%##。\n\n\n##$pro##\n使用##狙击步枪##成功命中一名敌人将使本次射击轨迹周遭##1.2##米范围内的其它敌人受到等同于本次伤害##40%##的连带伤害，爆头击杀目标会使连带伤害量增加至##80%##。\n\n此技能也有一定的几率触发暴击（几率取决于你的暴击几率，最多##50%##）使连带伤害量提高至##125%##。",
		 "menu_body_expertise_beta_desc"  : "##<关联性增益>##\n你的互动速度加快##10%##，每##5##次转生会多加快##1%##，最多加快##30%##。\n\n##$basic##\n射击敌人身体会额外附带原定爆头所造成##40%##的伤害，对熊和三合会首领的效果减半。\n\n此效果只能被连发模式下的冲锋枪、轻机枪、突击步枪或特殊武器触发。\n\n\n##$pro##\n射击身体附带的额外伤害提高至##75%##。",
         "menu_pistol_beta_messiah_desc"  : "##<关联性增益>##\n你所有武器的换弹速度加快##5%##，每##10##次转生会多加快##1%##，最多加快##15%##。\n\n##$basic##\n倒地状态下，你可以通过击杀一名敌人来自行起身，每场劫案只能用##1##次。\n\n\n##$pro##\n你现在有##2##次自起机会可以用，使用医疗箱将为你补充##1##次机会。",
         "menu_up_you_go_beta_desc"  : "##$basic##\n你倒地起身后会在##5##秒内获得##30%##的移动速度加成。\n\n\n##$pro##\n你倒地起身后会在##5##秒内获得##40%##的伤害减免。\n你倒地起身后的血量增加##20%##。",
		 "menu_running_from_death_beta_desc"  : "##$basic##\n当你进入倒地状态，你有##25%##的几率立即自行起身。\n\n\n##$pro##\n自起的几率额外增加##20%##（共##45%##），自起后还会获得##30%##额外血量。",
		 "menu_bandoliers_beta_desc"  : "##<关联性增益>##\n你的护甲恢复速度加快##5%##，每##5##次转生多加快##2.5%##，最多加快##15%##。\n\n##$basic##\n你的总弹量增加##30%##，捡弹量增加##20%##。\n\n\n##$pro##\n你的捡弹量额外增加##20%##（共##40%##）。\n\n你有##5%##的几率从弹药盒中获取一颗投掷物，若你没有从弹药盒中获取投掷物，该几率将提升##1%##，直至你成功获取投掷物后重置。",
		 "menu_jack_of_all_trades_beta_desc"  : "##$basic##\n你部署和使用所有随身装备的速度加快##50%##。\n\n\n##$pro##\n你现在可以装备一种副手放置物，副手放置物的携带数量只有一半。",
         "menu_unseen_strike_beta_desc"  : "##$basic##\n消音武器获得##8##点稳定性并加快其##125%##的瞄准速度。\n\n\n##$pro##\n消音武器额外获得##8##（共##16##）点稳定性。\n\n消音武器造成的伤害提高##10%##。",
		 "menu_frenzy_desc"  : "##<关联性增益>##\n你所有武器的换弹速度加快##5%##，每##10##次转生会多加快##1%##，最多加快##15%##。\n\n##$basic##\n你的最大血量被锁定为##30%##，任何血量回复都无法超过这个值。\n但你获得##15%##的伤害减免，同时血量回复的效果减少##75%##。\n\n此外，你还会直接进入##狂战##状态。\n\n\n##$pro##\n最大血量现在被锁定在##15%##，伤害减免提高至##25%##。\n你无法再受到任何回血效果。",
		 "menu_single_shot_ammo_return_beta_desc"  : "##$basic##\n每爆头##4##次会返还##1##发弹药到你的弹匣中。\n\n此技能只能被单发模式下的冲锋枪、突击步枪和狙击枪触发。\n\n\n##$pro##\n触发技能所需的爆头数减少至##3##个。\n\n返还弹药后打出的第一发子弹会造成其##150%##的伤害，只适用于被返还了弹药的武器。",
		 "menu_spotter_teamwork_beta_desc"  : "##$basic##\n你标记的敌人受到的伤害增加##15%##。\n你标记的敌人被标记的时间延长##50%##。\n\n\n##$pro##\n你标记的敌人在##10##米外受到的伤害会额外增加##40%##。\n\n你标记的敌人被标记的时间额外延长##50%##（共##100%##）。\n\n你现在可以通过武器瞄准来标记特殊敌人。",
	     "menu_trigger_happy_beta_desc"  : "##<关联性增益>##\n你所有武器的换弹速度加快##5%##，每##10##次转生会多加快##1%##，最多加快##15%##。\n\n##$basic##\n使用手枪命中一名敌人会在##5##秒内使你获得##14%##的伤害加成，可以叠加最多##3##次（即##42%##），成功命中目标会刷新效果持续时间。\n\n切换为非##手枪##武器将移除该效果的所有层次。\n\n\n##$pro##\n每层伤害增益提高至##20%##（即最大##60%##）。\n\n你的手枪暴击造成的伤害额外增加##40%##。",
         "menu_triathlete_beta_desc_toidi"  : "##$basic##\n你的绑带数量增加##4##。\n你捆绑平民的速度加快##75%##。\n\n\n##$pro##\n每个人质将为你和你的队友提供##4##点伤害吸收，最多叠加##5##次（即##20##点）。\n\n不能与其他拥有此技能的队友叠加。",
		 "menu_scavenging_beta_desc"  : "##$basic##\n你的捡弹范围增加##35%##。\n\n\n##$pro##\n每击杀的第##4##个敌人都会使其多掉落一个弹药盒。",
		 "menu_shock_and_awe_beta_desc"  : "##$basic##\n你冲锋枪、轻机枪和突击步枪的弹匣容量增加##15##。\n\nDMR类武器还会额外造成##敌人血上限3%##的伤害。\n\n\n##$pro##\n击杀##2##名敌人会提高你下次换弹的速度。\n\n如果你的剩余弹匣量：\n- 高于弹匣容量的一半，加快##10%##；\n- 一半或更少，加快##30%##。\n- 打空了，加快##60%##。\n\n此效果只能被冲锋枪、轻机枪、突击步枪、喷火器和加特林机枪触发。",
	     "menu_fire_control_beta_desc"  : "##$basic##\n你现在可以使用武器在##跑步时腰射##了。\n\n\n##$pro##\n你腰射时的武器精准度提高##12##。\n你移动时的武器精准度惩罚降低##20%##。",
		 "menu_fast_fire_beta_desc"  : "##$basic##\n你的##远程武器##有##25%##的几率击晕敌人。\n\n击晕效果不适用于熊和冬日队长。\n\n\n##$pro##\n你的##远程武器##现在有##35%##的几率穿透敌人的护甲。",
		 "menu_sentry_targeting_package_beta_desc"  : "##$basic##\n你哨戒机枪的精准度增加##50%##。\n\n\n##$pro##\n你哨戒机枪的转向速度加快##125%##。\n你哨戒机枪的弹容量增加##70%##。",
		 "menu_engineering_beta_desc"  : "##$basic##\n你现在可以携带一种更安静的##消音哨戒机枪##，它们更不容易被敌人视作攻击目标。\n\n\n##$pro##\n你的炮台现在可以切换成AP弹，这将降低其##50%##射速，但会提升##65%##伤害，且能##射穿敌人和盾牌##。",
		 "menu_eco_sentry_beta_desc"  : "##$basic##\n你哨戒机枪的血量增加##50%##，造成的伤害提高##15%##。\n\n\n##$pro##\n你哨戒机枪的血量额外增加##50%##（共##100%##），造成的伤害额外提高##10%##（共##25%##）。",
		 "menu_defense_up_beta_desc"  : "##$basic##\n减少##5%##部署哨戒机枪所需的弹药。\n\n\n##$pro##\n额外减少##10%##（共##15%##）部署哨戒机枪所需的弹药。\n\n你的哨戒机枪将增设一面盾牌阻挡敌人的攻击。",
		 "menu_speedy_reload_beta_desc"  : "##$basic##\n冲锋枪、突击步枪和狙击枪的换弹速度加快##15%##。\n\n\n##$pro##\n成功爆头击杀一名敌人将在##4##秒内使你的换弹速度加快##50%##。\n\n此效果只能被单发模式下的冲锋枪、突击步枪和狙击枪触发。",
		 "menu_juggernaut_beta_desc"  : "##<关联性增益>##\n你的护甲恢复速度加快##5%##，每##5##次转生多加快##2.5%##，最多加快##15%##。\n\n##$basic##\n你的护甲量提高##40%##，护甲带来的移速惩罚降低##10%##。\n\n\n##$pro##\n解锁##改良型复合战术背心##供你使用，这个护甲会多吸收##10%##的伤害。",
		 "menu_perseverance_beta_desc"  : "##$basic##\n当你受到致命伤害时，你会触发天鹅绝唱，被暂时减速但短时间内对伤害免疫，然后你会立即回满血并每##0.35##秒扣除##-5%##的血量，直至血量清空你才倒地。\n\n期间：\n- 你无法接受任何治疗；\n- 你无法使用天赋道具或主动技能；\n- 你获得##95%##的伤害减免。\n\n此技能有##20##秒的冷却时间，冷却时间会在效果结束后开始计算。技能生效期间你获得的血量会覆盖你的真实血量并且无视狂乱带来的最大血量限制。\n\n\n##$pro##\n绝唱期间造成一次杀敌会暂停扣血##0.5##秒。\n\n绝唱期间击杀##5##名敌人将使绝唱提前结束，然后给予你##20%##的血量并恢复你的护甲从而使你在绝唱结束时生还。绝唱提供的伤害减免会在你成功生还后依然持续##0.75##秒。",
		 "menu_black_marketeer_beta_desc"  : "##<关联性增益>##\n你救起队友的速度加快##25%##，每##3##次转生会多加快##2%##，最多加快##50%##。\n\n##$basic##\n拥有转化的敌人会使你每##5##秒回复##2%##的血量。当你的血量低于##50%##时，该治疗效果会随着你血量的降低而提升，最多提升至每##5##秒回复##4%##的血量。\n\n\n##$pro##\n该治疗效果现在还会为你转化的敌人回血。\n\n转化的敌人受到的治疗量为你的##75%##。",
		 "menu_control_freak_beta_desc"  : "##$basic##\n你转化的敌人受到的伤害减少##40%##，造成的伤害增加##25%##。\n\n\n##$pro##\n你转化的敌人受到的伤害额外减少##40%##（共##80%##），造成的伤害额外增加##25%##（共##50%##）。",
		 "menu_heavy_impact_beta_desc"  : "##$basic##\n你切换武器的速度加快##66%##。\n\n\n##$pro##\n每击杀一名敌人都将使你下次的##近战攻击##伤害增加##80%##，最多增加##1500%##。使用##近战攻击##成功击杀敌人后重置。",
		 "menu_combat_medic_beta_desc"  : "##$basic##\n在救起其它的倒地队友时，你获得##20%##的伤害减免。\n\n\n##$pro##\n成功救起队友将在##60##秒内为你提供##5%##的伤害减免。\n\n任何你受到的治疗效果都会增加##40%##，不适用于基础回血效果。",
		 "menu_inspire_beta_desc"  : "##<关联性增益>##\n你救起队友的速度加快##25%##，每##3##次转生会多加快##2%##，最多加快##50%##。\n\n##$basic##\n向你的队友呼喊会在##20##秒内提高他们##15%##的移动速度和换弹速度。\n\n此效果有##8##秒的冷却时间。\n\n\n##$pro##\n向##9##米内的队友呼喊有##100%##的几率直接救起他们，每次成功救起队友都会减少此技能##5%##的几率，几率最低达到##60%##。\n\n此技能有##15##秒的冷却时间。",
         "menu_fast_learner_beta_desc"  : "##$basic##\n你救起的队友会在##5##秒内获得##30%##的伤害减免。\n\n\n##$pro##\n你救起的队友现在会在共##10##秒内获得共##60%##的伤害减免。",
		 "menu_show_of_force_beta_desc"  : "##$basic##\n你互动时获得##20%-70%##的伤害减免，多少取决于你当前损失的血量。\n\n\n##$pro##\n所有##防弹背心##的护甲值增加##20##。",
		 "menu_insulation_beta_desc"  : "##$basic##\n当泰瑟电击你时，你有##35%##的几率逆火反电泰瑟。如果成功，你还会在##4##秒内获得##8%##的移动速度。\n\n\n##$pro##\n被泰瑟电击时，##2##秒内你能够通过与其互动主动进行逆火来摆脱被电状态。如果成功，该名泰瑟及你周遭##3##的所有敌人都会被电击##3##秒。\n\n主动反电依然会使你获得移动速度加成。",
		 "menu_dire_need_beta_desc"  : "##$basic##\n连续闪避两次会触发##灵动##技能##8##秒。\n##灵动##激活状态下，无论你是否命中敌人，你的首发射击##必定暴击##并会击晕敌人。\n\n击晕效果不适用于熊和冬日队长。\n\n##$pro##\n成功闪避会使你在##2##秒内每##0.4##秒回复##0.5%##的血量。当你的血量低于##30%##时，回血量提高至##1%##。\n\n此技能有##5##秒的冷却时间，在此技能成功为你回血后开始计算冷却。",
		 "menu_martial_arts_beta_desc"  : "##$basic##\n你的##近战##攻击对虽有敌人造成的伤害增加##25%##。\n\n\n##$pro##\n你的##近战##攻击击倒敌人的可能性增加##50%##。",
		 "menu_bloodthirst_desc"  : "##$basic##\n你的##近战##攻击的攻击速度加快##50%##，连续两次攻击间的间隔缩短##25%##。\n\n\n##$pro##\n使用##近战武器##击杀一名敌人将为你回复##10%##的护甲并立即减少当前护甲剩余恢复时间##20%##。",
		 "menu_wolverine_beta_desc"  : "##$basic##\n击杀一名敌人有##20%##的几率在他周遭##8##米的范围内##散播恐慌##。\n\n每##1##秒只能触发一次。\n\n恐慌会使敌人无法行动数秒。\n\n\n##$pro##\n散播恐慌的几率提高至##35%##。\n\n恐慌的敌人现在还会受到他们血上限##3%##的伤害。",
		 "menu_drop_soap_beta_desc"  : "##$basic##\n你的血量越低，造成的伤害越高。\n\n当你的血量低于50%时，随着血量降低，你造成的伤害将逐步提高，##近战武器##伤害最高提升##180%##，##远程武器##伤害最高提升##60%##。\n\n\n##$pro##\n最高伤害提升量增加至：##近战武器225%##，##远程武器80%##。",
		 "menu_steroids_beta_desc"  : "##$basic##\n你的##近战##攻击对非特殊敌人造成的伤害额外增加##100%##。\n\n\n##$pro##\n你的##近战##攻击对特殊敌人造成的伤害额外增加##100%##。",
		 "menu_second_chances_beta_desc"  : "##$basic##\n你撬锁的速度加快##20%##。\n\n成功撬锁后，你会在##8##秒内获得##10%##的移动速度加成。\n\n你现在可以使##1##个摄像头回路失效##20##秒。\n\n\n##$pro##\n你撬锁的速度加快##50%##并且你可以##撬开保险箱的锁##了。\n\n在成功撬锁后的##8##秒内，你撬任何非保险箱锁都能立刻完成。立刻完成的撬锁不会刷新此技能的持续时间。",
		 "menu_backstab_beta_desc"  : "##$basic##\n当你的暴露风险低于##40##时，每降低##3##点暴露风险都将获得##2%##的暴击几率，最多增加##30%##。\n\n\n##$pro##\n当你的暴露风险低于##40##时，每降低##1##点暴露风险都将获得##2%##的暴击几率，最多增加##50%##。\n\n此技能不适用于榴弹发射器、火箭筒和投掷物。",
		 "menu_iron_man_beta_desc"  : "##$basic##\n你和你队友的护甲恢复速度加快##20%##。\n\n对你护甲造成的伤害降低##20%##不适用于穿透伤害。\n\n\n##$pro##\n你的武器有几率在攻击盾牌时击晕盾兵。\n\n##远程武器##有##50%##加上##武器总伤害20%##的几率击晕盾兵，最多能有##90%##的几率。\n\n##近战武器##则能必定击晕盾兵。",


		 "FOverhaul_title" : "Freyah的技能大修",
		 "FOverhaul_desc" : "",
		 "FOverhaul_Exec_indi_title" : "启用秒杀指示器",
		 "FOverhaul_Exec_indi_desc" : "当秒杀技能触发成功秒杀敌人时，在HUD上显示告诉你。",
		 "FOverhaul_on_style_exec_indi_title" : "显示方式",
		 "FOverhaul_on_style_exec_indi_desc" : "选择秒杀时的显示方式：\n“数字”则会显示一串“9999”；“文本”则会显示为\"秒杀！\"(EXECUTED!)",
		 "numbers_foverhaul" : "数字",
		 "text_foverhaul" : "文本",
		 "text_dur_exec_state_change_desc" : "调整视觉效果的显示时间。",
		 "text_dur_exec_state_change_title" : "持续时间",
		 "FOverhaul_rainbow_color_exec_desc" : "勾选以启用多颜色变换",
		 "FOverhaulrainbow_color_exec_title" : "彩虹色文本",
		 "rainbow_speed_exec_state_change_desc" : "调整彩虹文本颜色变化的频率。",
		 "rainbow_speed_exec_state_change_title" : "颜色变换速度",
		 "exec_FOverhaul_title" : "秒杀指示器",
		 "exec_FOverhaul_desc" : "",
		 "daredevil_FOverhaul_title" : "冒险家 指示器",
		 "daredevil_FOverhaul_desc" : "胆大包天效果指示器",
		 "FOverhaul_daredevil_absorb_bar_desc" : "勾选以启用牌组2“胆大包天”的伤害吸收指示条。",
		 "FOverhaul_daredevil_absorb_bar_title" : "伤害吸收指示条",
		 "SwanSong_FOverhaul_title" : "天鹅绝唱 指示器",
		 "SwanSong_FOverhaul_desc" : "",
		 "FOverhaul_SwanSong_fod_title" : "启用\"不战斗就会死\"文本",
		 "FOverhaul_SwanSong_fod_desc" : "天鹅绝唱专精后，在触发绝唱时显示“不战斗，就会死！”\nfight or die!",
		 "FOverhaul_on_swan_song_style_indi_title" : "显示方式",
		 "FOverhaul_on_swan_song_style_indi_desc" : "调整\"不战斗就会死\"文本的显示方式：\n“自定义”则使用模组自定样式；“提示框”则显示一个一般的提示框。",
		 "vfx_fod" : "自定义",
		 "hint_fod" : "提示框",
		 "FOverhaul_ammo_return_title" : "启用“弹无虚发”(专精)指示器",
		 "FOverhaul_ammo_return_desc" : "在你使用弹无虚发返还弹药时提示你。\n启用会显示为金色的弹药数量和黄色的淡入淡出效果。",
		 "FOverhaul_ammo_return_rainbow_title" : "彩虹色",
		 "FOverhaul_ammo_return_rainbow_desc" : "将弹无虚发触发时的子弹显示为彩虹色。",
		 "ammo_return_FOverhaul_desc" : "",
		 "ammo_return_FOverhaul_title" : "弹无虚发 指示器",
		 "FOverhaul_reset_updator_title" : "清除所有刷新器",
		 "FOverhaul_reset_updator_desc" : "停止所有更新数据的函数并释放它们的内存。\n这是一项(v3.7.2)新功能，用来避免一些意外的情况导致的游戏卡顿掉帧。",
		 "dire_need_FOverhaul_title" : "灵动 指示器",
		 "dire_need_FOverhaul_desc" : "",
		 "FOverhaul_dire_need_vfx_title" : "启用“灵动”(基础)指示器",
		 "FOverhaul_dire_need_vfx_desc" : "在触发“灵动”提供的必定暴击并击晕的效果时显示告诉你。",
		 "menu_incompatibility_f_overhaul" : "[Freyah的技能大修] - 模组不兼容警告",
		 "menu_incompatibility_f_overhaul_desc" : "\n\"Player Stats Panel Enhancements\"与本模组不兼容。\n本模组提供的玩家状态面板已被禁用以避免闪退。\n\n请移除模组\"Player Stats Panel Enhancements\" - 此模组的所有功能均已包含在本模组大修内！\n\n不移除\"Player Stats Panel Enhancements\"可能会导致玩家状态显示错误并在每次你打开装备库时都弹出这个窗口。",
		 "menu_incompatibility_f_overhaul_ok" : "确认",
		 "FOverhaul_go_to_propostion_page_title" : "想对模组调整提供建议？",
		 "FOverhaul_go_to_propostion_page_desc" : "你可以在Google(谷歌)上的问卷链接处提交你的建议和反馈。",
		 "FOverhaul_enemy_plate_title" : "加固护甲指示器",
		 "FOverhaul_enemy_plate_desc" : "在你命中具有加固护甲的敌人时显示一个特别的命中指示，\n并在击碎他们的护甲时将敌人标记为白色。",
		 "FOverhaul_error_logger_title" : "报错记录器",
		 "FOverhaul_error_logger_desc" : "如果在模组运行时游戏出现错误，这能记录下所有游戏后台的报错，\n然后会在你的主菜单中报告出来。",
		 "FOverhaul_force_save_and_load_title" : "修复配置文件(保存并重载)",
		 "FOverhaul_force_save_and_load_desc" : "这会保存目前所有的配置文件并重新加载和应用它们。\n这应该能修复游戏无法检测到默认菜单设置或者无法获取新菜单条目的问题。",
		 "FOverhaul_life_line_wraith_cooldown_enabled_title" : "启用“灵魂保护”冷却指示器",
		 "FOverhaul_wraith_energy_enabled_title" : "显示幽灵形态的能量条",
		 "FOverhaul_wraith_hint_enabled_title" : "灵魂保护触发时显示提示",
		 "FOverhaul_wraith_heal_bullet_enabled_title" : "启用“死亡之舞”指示器",
		 "FOverhaul_wraith_energy_enabled_desc" : "",
		 "FOverhaul_wraith_heal_bullet_enabled_desc" : "",
		 "FOverhaul_wraith_hint_enabled_desc" : "",
		 "FOverhaul_life_line_wraith_cooldown_enabled_desc" : "",
		 "wraith_FOverhaul_title" : "幽灵牌组 指示器",
		 "wraith_FOverhaul_desc" : "",


		 "bm_menu_dmg_red" : "伤害减免",
		 "bm_menu_stats_reduction_basic" : "基础",
		 "bm_menu_stats_reduction_highest" : "最高",
		 "bm_menu_dmg_red_ds_example" : "伤害结果模拟 (150)",
		 "bm_menu_health_per_kill_stat" : "每次击杀回血",
		 "bm_menu_health_per_second_stat" : "每5秒回血",
		 "bm_menu_stats_health_per_kill" : "数值",
		 "bm_menu_stats_health_per_kill_percentage" : "百分比",
		 "bm_menu_reputation_progress" : "声望等级进度：",
		 "bm_menu_infamy_pool" : "恶名池进度：",
		 "bm_menu_player_stats" : "玩家数据面板",
		 "bm_menu_bonus_crit_dmg" : "暴击伤害",
		 "bm_menu_damage_shake" : "防御力",
		 "black_PSPE" : "黑色",
		 "pastel_pink_PSPE" : "粉色",
		 "pink_PSPE" : "亮粉色",
		 "aqua_PSPE" : "浅绿色",
		 "orange_PSPE" : "橙色",
		 "navy_PSPE" : "深蓝色",
		 "purple_PSPE" : "紫色",
		 "blue_violet_PSPE" : "淡紫色",
		 "strawb_PSPE" : "草莓色",
		 "lilac_PSPE" : "丁香紫",
		 "white_PSPE" : "白色",
		 "red_PSPE" : "红色",
		 "green_PSPE" : "绿色",
		 "dark_green_PSPE" : "深绿色",
		 "light_orange_PSPE" : "淡橙色",
		 "PSPE_title" : "玩家面板增强",
		 "PSPE_desc" : "",
		 "PSPE_on_color_change_title" : "\"最大值\"显示颜色",
		 "PSPE_on_color_change_desc" : "调整达到\"最大可能达到的值\"时显示的颜色。",
		 "PSPE_on_color2_change_title" : "\"基础值\"显示颜色",
		 "PSPE_on_color2_change_desc" : "调整\"基础值\"的显示颜色。",
		 "PSPE_on_color3_change_title" : "受伤显示颜色",
		 "PSPE_on_color3_change_desc" : "调整\"伤害减免\"和\"伤害结果\"的显示颜色。",
	 
		 "PSPE_on_colorh_change_title" : "\"百分比\"显示颜色",
		 "PSPE_on_colorh_change_desc" : "调整\"百分比\"的显示颜色。",
		 "PSPE_on_colorh2_change_title" : "\"数值\"显示颜色",
		 "PSPE_on_colorh2_change_desc" : "调整\"直接数值\"的显示颜色。",
		 "PSPE_on_colorh3_change_title" : "治疗效果显示颜色",
		 "PSPE_on_colorh3_change_desc" : "调整\"杀敌回血\"和\"每5秒回血\"的显示颜色。",
	 
		 "PSPE_on_colorv_change_title" : "\"总计值\"显示颜色",
		 "PSPE_on_colorv_change_desc" : "调整\"总计值\"的显示颜色。",
		 "PSPE_on_colorv2_change_title" : "\"基础面板值\"显示颜色",
		 "PSPE_on_colorv2_change_desc" : "调整\"基础面板值\"的显示颜色。",
		 "PSPE_on_colorv3_change_title" : "\"技能加成值\"显示颜色",
		 "PSPE_on_colorv3_change_desc" : "调整\"技能加成值\"的显示颜色。",
		 "PSPE_on_colorv4_change_title" : "状态名称显示颜色",
		 "PSPE_on_colorv4_change_desc" : "调整状态名称的显示颜色。",
		 "PSPE_on_colorv5_change_title" : "增益显示颜色",
		 "PSPE_on_colorv5_change_desc" : "调整被增益的状态效果的显示颜色。",
		 "PSPE_on_colorv6_change_title" : "减益显示颜色",
		 "PSPE_on_colorv6_change_desc" : "调整被减益的状态效果的显示颜色。",
		 "PSPE_on_color_lines2_change_title" : "短线条显示颜色",
		 "PSPE_on_color_lines2_change_desc" : "调整显示在数据/状态旁短线条的显示颜色。",
		 "PSPE_on_color_lines_change_title" : "长线条显示颜色",
		 "PSPE_on_color_lines_change_desc" : "调整显示在数据/状态旁长线条的显示颜色。",
		 "PSPE_on_cosmetic_split_change_title" : "分割线显示颜色",
		 "PSPE_on_cosmetic_split_change_desc" : "调整玩家面板状态显示上的装饰性分割线的显示颜色",
		 "PSPE_disable_cosmetic_split_title" : "禁用分割线",
		 "PSPE_disable_cosmetic_split_desc" : "禁用玩家面板状态显示上的装饰性分割线。",
		 "PSPE_vanillafont_title" : "修复原版字库的文字偏移",
		 "PSPE_vanillafont_desc" : "修复原版字库带来的文字偏移和显示错位问题。\n当你在使用原版字库并注意到文本偏移或显示错位时使用。",
		 "PSPE_disable_cosmetic_lines_title" : "禁用装饰线",
		 "PSPE_disable_cosmetic_lines_desc" : "禁用显示在数据/状态旁用于好看的线。",
		 "vanilla_buff_PSPE" : "原版颜色",
		 "vanilla_nerf_PSPE" : "原版颜色",
		 "FOverhaul_def_debuff_title" : "显示防御力减益图标",
		 "FOverhaul_def_debuff_desc" : "当敌人将你的防御力降低时，在你的血量圈旁显示一个图标。",
		 "FOverhaul_newVersion_title" : "禁用新版本弹窗",
		 "FOverhaul_newVersion_desc" : "禁用一个在更新后提示你配置文件已经重载的弹窗。"
}