{
    "st_menu_skill_owned": "POSEÍDO",
    "st_menu_skill_aced": "MAESTRÍA",
    "st_menu_point": "$points PUNTO",
    "st_menu_point_plural": "$points PUNTOS",
    
    "menu_deck16_1_desc": "Cada vez que tú o tu equipo hagan una baja, ganarás salud y armadura.\n\nCada vez que tú hagas una baja, ganarás ##5## de salud y ##10%## de armadura. Obtienes ##50%## de estos valores por las bajas realizadas por tu equipo.\n\nEsto no puede ocurrir más de ##8## veces cada ##8## segundos.",
    "menu_deck16_3_desc": "Por cada ##10%## de salud que falte, aumentará la cantidad de armadura obtenida por bajas en ##10%##.",
    "menu_deck16_5_desc": "Por cada ##10%## de salud que falte, se reducirá el tiempo de reutilización de ##8## segundos para regenerar por baja en ##0.5## segundos.",
    "menu_deck16_9_desc": "Por cada ##10%## de armadura que falte, se reducirá el tiempo de reutilización de ##8## segundos para regenerar por baja en ##0.5## segundos.\n\nObtienes ##10%## de reducción de daño cuando alcanzas el máximo de ocurrencias.\n\nBonificación por completar mazo: Tu probabilidad de obtener un objeto de mayor calidad durante un Payday aumenta en ##10%##.",
    "menu_deck12_1_desc": "Cuanta menos salud tengas, mayor será tu tasa de recuperación de armadura. Cuando tu salud esté por debajo del ##50%##, obtendrás hasta ##10%## de tasa de recuperación de armadura.\n\nTambién entras en estado de ##Berserker##.",
    "menu_deck12_3_desc": "Cuanta menos salud tengas, mayor será tu velocidad de movimiento. Cuando tu salud esté por debajo del ##50%##, obtendrás hasta ##20%## de velocidad de movimiento.",
    "menu_deck12_5_desc": "Obtendrás hasta un ##15%## adicional de tasa de recuperación de armadura, para un total de ##25%##.",
    "menu_deck12_7_desc": "Obtendrás hasta un ##15%## adicional de tasa de recuperación de armadura, para un total de ##40%##.",
    "menu_deck12_9_desc": "Todos los efectos de este mazo comenzarán cuando tu salud esté por debajo del ##100%## en lugar del ##50%##.\n\nBonificación por completar mazo: Tu probabilidad de obtener un objeto de mayor calidad durante un Payday aumenta en ##10%##.",
    "menu_deck15_9_desc": "Hacer daño a un enemigo regenera ##30## de armadura. Esto no puede ocurrir más de una vez cada ##1.5## segundos.\n\nBonificación por completar mazo: Tu probabilidad de obtener un objeto de mayor calidad durante un Payday aumenta en ##10%##.",
    "menu_deck15_3_desc": "##50%## de tu salud se convierte en ##100%## de armadura.\n\nTu armadura ahora absorbe el ##100%## del daño recibido.",
    "menu_deck15_3_short": "##50%## de tu salud se convierte en ##100%## de armadura.\n\nTu armadura ahora absorbe el ##100%## del daño recibido.",
    "menu_deck15_9_short": "Hacer daño te otorgará ##30## de armadura, pero solo puede ocurrir una vez cada ##1.5## segundos.",
    "menu_deck5_9_desc": "Tu tasa de recuperación de armadura aumenta un ##10%## adicional.\n\nTu armadura se recuperará ##8## segundos después de romperse, sin importar la situación.\n\nBonificación por completar mazo: Tu probabilidad de obtener un objeto de mayor calidad durante un Payday aumenta en ##10%##.",
    "menu_deck5_9_short": "Tu tasa de recuperación de armadura aumenta un ##10%## adicional.\n\nTu armadura se recuperará ##8## segundos después de romperse, sin importar la situación.",
    "menu_deck16_1_short": "Cada vez que tú o tu equipo hagan una baja, ganarás ##4## de salud y ##4## de armadura. Se reduce en ##50%## para las bajas de tu equipo. Esto no puede ocurrir más de ##6## veces cada ##8## segundos.",
    "menu_deck16_5_short": "Por cada ##10%## de salud que falte, se reducirá el tiempo de reutilización de ##8## segundos para regenerar por baja en ##0.5## segundos.",
    "menu_deck16_9_short": "Por cada ##10%## de armadura que falte, se reducirá el tiempo de reutilización de ##8## segundos para regenerar por baja en ##0.5## segundos.",
    "menu_deckall_2": "Amuleto Afortunado y Mortal",
    "menu_deckall_8": "Manos Rápidas",
    "menu_deckall_2_desc": "Obtienes un ##5%## de probabilidad de golpe crítico.\n\nTu daño crítico aumenta en ##10%##.",
    "menu_deckall_4_desc": "Obtienes ##1## de ocultamiento.\n\nLa penalización de velocidad de movimiento por usar armadura se reduce en ##15%##.\n\nObtienes ##45%## más experiencia al completar días y trabajos.",
    "menu_deckall_6_desc": "Desbloquea un equipo de ##bolsa de armadura## para usar.\n\nTu recogida de munición aumenta en ##15%##.",
    "menu_deckall_8_desc": "Interactúas con bolsas médicas un ##20%## más rápido.\n\nCambias de arma un ##15%## más rápido.",
    "menu_deck2_9_desc": "Obtienes un ##60%## adicional de salud.\n\nRegeneras un ##2%## de salud cada ##5## segundos.\n\nBonificación por completar mazo: Tu probabilidad de obtener un objeto de mayor calidad durante un Payday aumenta en ##10%##.",
    "menu_deck2_9_short": "Obtienes un ##60%## adicional de salud.\nRegeneras un ##2%## de salud cada ##5## segundos.",
    "menu_st_spec_24": "Perfil Bajo",
    "menu_st_spec_25": "Reparación Rápida",
    "menu_st_spec_26": "Veterano",
    "menu_st_spec_27": "Temerario",
    "menu_st_spec_28": "Arquero",
    "menu_st_spec_29": "Sangrado",
    "menu_st_spec_30": "Espectro",
    "bm_wraith_form": "Forma de Espectro",
    "bm_wraith_form_desc": "Libera al demonio interno que te poseyó hace tiempo... Debes saciar su hambre de nuevas víctimas.",
    "bm_quick_fix_stymulant": "Estimulante",
    "bm_quick_fix_stymulant_desc": "Estimulante militar que cauteriza heridas de combate y da un repentino impulso de adrenalina.",
    "bm_menu_skill_locked_quick_fix_stymulant": "REQUIERE EL MAZO DE HABILIDAD DE REPARACIÓN RÁPIDA EQUIPADO",
    "bm_bite_the_bullet_ability": "Aguanta el Dolor",
    "bm_bite_the_bullet_ability_desc": "Obtén el poder de asustar y dañar a quienes te lastiman.",
    "bm_archer_ability": "Jeringa Herbal",
    "bm_archer_ability_desc": "Jeringa que otorga agilidad sobrenatural. Algunos dicen que tiene extrañas interacciones con arcos y ballestas, pero quién sabe... ¿Por qué no usarla y descubrirlo tú mismo?",
    "bm_menu_skill_locked_bite_the_bullet_ability": "REQUIERE EL MAZO DE HABILIDAD DE VETERANO EQUIPADO",
    "bm_menu_skill_locked_archer_ability": "REQUIERE EL MAZO DE HABILIDAD DE ARQUERO EQUIPADO",
    "bm_menu_skill_locked_bleed_ability": "REQUIERE EL MAZO DE HABILIDAD DE SANGRADO EQUIPADO",
    "bm_bleed_ability": "Eviscerar",
    "bm_bleed_ability_desc": "Úsalo en enemigos que estén sangrando.",
    "menu_crew_evasive_desc": "Los jugadores obtienen un 5% adicional de probabilidad de esquivar.",
    "hud_equipment_equipping_armor_kit": "PONIÉNDOSE LA PLACA DE ARMADURA",
    "bm_equipment_armor_kit_desc": "Mantén [G] para colocarte 4 placas de armadura pesada. Cada placa tiene 35 de durabilidad.\n\nLas placas absorben el 50% del daño recibido por tu armadura. Si la durabilidad de las placas llega a 0, se romperán.\n\nLa munición perforante destruye instantáneamente todas las placas, pero las placas reducirán el daño entrante en la cantidad de su durabilidad actual antes de romperse.\n\nLa Bolsa de Armadura tiene 3 usos. Si la usas mientras aún tienes placas, las reemplazarás.\n\nRecuperas 1 uso de la Bolsa de Armadura por cada 30 bajas que realices.",
    "menu_crew_dmgmul": "Aumenta el Ritmo",
    "menu_crew_dmgmul_desc": "Tu equipo controlado por IA inflige un 10% más de daño. Este bono aumenta un +15% por cada otra IA presente.",
    "menu_crew_bag_movement": "Apúrate",
    "menu_crew_bag_movement_desc": "La velocidad de movimiento de los jugadores al cargar bolsas aumenta un 10%. Este bono aumenta un +10% por cada otra IA presente.",



        "crimson_perk": "Perfil Bajo",
        "crimson_perk_desc": "Sabes perfectamente dónde golpear para hacer más daño.",
        "crimson_deck1": "Sobrecrecimiento I",
        "crimson_deck_desc1": "Tu salud máxima aumenta un ##30%## de tu probabilidad de golpe crítico.\n\nObtienes un daño adicional con armas equivalente al ##15%## de tu probabilidad de golpe crítico.\n\n&&No aplica a lanzagranadas, armas cuerpo a cuerpo, lanzacohetes ni arrojadizos.&&",
        "crimson_deck2": "Vampirismo",
        "crimson_deck_desc2": "Te curas un ##5%## del daño infligido por golpes críticos, hasta un máximo de ##20## puntos de salud por disparo.\n\nEsto no puede ocurrir más de ##3## veces cada ##2## segundos.",
        "crimson_deck3": "Sobrecrecimiento II",
        "crimson_deck_desc3": "Tu salud máxima aumenta un ##20%## adicional de tu probabilidad de golpe crítico, para un total de ##50%##.\n\nObtienes un daño adicional con armas equivalente al ##25%## de tu probabilidad de golpe crítico.\n\n&&No aplica a lanzagranadas, armas cuerpo a cuerpo, lanzacohetes ni arrojadizos.&&",
        "crimson_deck4": "Golpe de Gracia",
        "crimson_deck_desc4": "Los golpes críticos tienen una probabilidad de ##0.5% + 5% de tu probabilidad de golpe crítico## de ejecutar enemigos. Una ejecución exitosa mata instantáneamente al enemigo alcanzado.\n\n&&No aplica a daño explosivo, de veneno o de fuego, ni a lanzallamas.&&",
        "crimson_deck5": "Vicioso",
        "crimson_deck_desc5": "Obtienes un ##20%## de probabilidad de golpe crítico.\n\nTu salud máxima aumenta un ##20%## adicional de tu probabilidad de golpe crítico, para un total de ##70%##.\n\nLa probabilidad de ejecución por golpes críticos aumenta a ##2% + 10% de tu probabilidad de golpe crítico##. Una ejecución exitosa te otorga ##90%## de reducción de daño durante ##1.5## segundos.\n\nBonus por completar la baraja: Aumenta en un ##10%## la probabilidad de obtener un objeto de mayor calidad durante un Día de Pago.",

        "lust_name": "Curación Rápida",
        "lust_name_desc": "Utiliza el más reciente estimulante militar para curar tus heridas.",
        "lust_deck1": "Estimulante",
        "lust_deck_desc1": "Desbloquea y equipa el ##Estimulante##.\nCambiar a otra baraja hará que el Estimulante deje de estar disponible. El Estimulante reemplaza tu objeto arrojadizo actual, se equipa en la ranura de objetos arrojadizos y puede ser cambiado si lo deseas.\n\nEn el juego, puedes usar la tecla de objeto arrojadizo ##$BTN_ABILITY## para activar el Estimulante.\n\nActivar el Estimulante te hace inmune al daño de salud por ##0.5## segundos y te otorga un ##20%## de velocidad de movimiento adicional durante ##1.25## segundos. Si caes derribado en cualquier momento después de activarlo, todos los efectos terminan prematuramente.\n\nDespués de ##0.5## segundos desde la activación, comenzarás a regenerar salud durante ##4## segundos. Regeneras un ##1.5%## de tu salud + ##4%## de tu salud faltante cada ##0.25## segundos.\n\nEl Estimulante tiene ##2## cargas con un tiempo de recarga de ##60## segundos.",
        "lust_deck2": "Adrenalina",
        "lust_deck_desc2": "Tu velocidad de movimiento después de usar el Estimulante aumenta un ##20%## adicional, para un total de ##40%##.\n\nLa velocidad de movimiento adicional puede extenderse ##0.75## segundos más si matas a un enemigo en los primeros ##1.25## segundos tras activarlo. Esto puede ocurrir solo una vez por uso.\n\nUsar el Estimulante restaura instantáneamente un ##50%## de tu resistencia.",
        "lust_deck3": "Morfina",
        "lust_deck_desc3": "La duración de la invulnerabilidad aumenta en ##0.025## segundos por cada ##1%## de tu salud faltante antes de usar el Estimulante, hasta un máximo de ##1.5## segundos. El bono máximo se otorga si tienes un ##30%## de salud o menos.",
        "lust_deck4": "Robusto",
        "lust_deck_desc4": "Tu salud máxima aumenta en un ##30%##.",
        "lust_deck5": "Sobredosis",
        "lust_deck_desc5": "La duración del periodo de curación se extiende ##0.5## segundos cada vez que matas a un enemigo mientras este efecto está activo, hasta un máximo adicional de ##5## segundos.\n\nInteractuar con objetos durante al menos ##0.5## segundos comienza a reducir lentamente el tiempo de recarga del Estimulante mientras interactúas con el objeto.\n\nBonus por completar la baraja: Aumenta en un ##10%## la probabilidad de obtener un objeto de mayor calidad durante un Día de Pago.",


        "toxin_name": "Veterano",
        "toxin_desc": "Devuelve el daño mientras te hieren.",
        "toxin_deck1": "Morder la Bala",
        "toxin_deck_desc1": "Desbloquea y equipa la habilidad ##Morder la Bala## en la ranura de objetos arrojadizos.\nCambiar a otra baraja hará que ##Morder la Bala## deje de estar disponible.\n\nEn el juego, puedes usar la tecla de objeto arrojadizo ##$BTN_ABILITY## para activar ##Morder la Bala##.\n\nActivarlo convierte el ##100%## de tu armadura en salud máxima, curándote por el mismo valor, y te otorga un ##40%## de reducción de daño durante ##8## segundos. Una vez que el efecto termina, tu salud máxima y armadura vuelven a sus valores previos. El daño que hayas recibido que reduzca tu salud por debajo de tu máximo base se conserva. Si caes derribado, el efecto termina prematuramente.\n\nRecibir daño mientras ##Morder la Bala## está activo libera una onda de choque que inflige daño a todos los enemigos dentro de un radio de ##12## metros, equivalente al ##30%## del daño recibido antes de mitigaciones.\n\n##Morder la Bala## tiene ##1## carga con un tiempo de recarga de ##80## segundos.\n\n&&Daño previo a mitigaciones: El daño antes de aplicar reducciones y absorciones.&&",
        "toxin_deck2": "Quitar",
        "toxin_deck_desc2": "Mientras ##Morder la Bala## está activo, se almacena el ##4%## del daño previo a mitigaciones recibido. Cuando ##Morder la Bala## termina, te curas por la cantidad de daño almacenado.",
        "toxin_deck3": "Aprovechar",
        "toxin_deck_desc3": "Matar enemigos reduce el tiempo de recarga de ##Morder la Bala## en un ##8%## del tiempo restante. Esto solo funciona cuando ##Morder la Bala## no está activo.",
        "toxin_deck4": "Adoptar",
        "toxin_deck_desc4": "Se almacena un ##4%## adicional del daño previo a mitigaciones recibido, para un total de ##8%##.\n\nLa duración de ##Morder la Bala## aumenta en ##4## segundos.",
        "toxin_deck5": "Presencia Impactante",
        "toxin_deck_desc5": "El daño de la onda de choque aumenta al ##50%## del daño previo a mitigaciones recibido. Ahora te curas un ##15%## del daño infligido por la onda de choque a cada enemigo.\n\nCuando ##Morder la Bala## termina, se libera una última onda de choque con un rango reducido de ##8 metros##. Esta onda aturde a los enemigos durante ##3## segundos y no inflige daño. Terminar el efecto cayendo derribado no activa esta onda final.\n\nBonus por completar la baraja: Aumenta en un ##10%## la probabilidad de obtener un objeto de mayor calidad durante un Día de Pago.",

        "daredevil_name": "Temerario",
        "daredevil_desc": "Un guerrero imparable que adora correr y disparar. Al hacerlo, crece en poder, lo que le permite superar a los enemigos que se interponen en su camino.",
        "daredevil_deck1": "Estilo",
        "daredevil_deck_desc1": "Al eliminar a un enemigo, obtienes una acumulación de ##Estilo## por ##8## segundos, hasta un máximo de ##6## acumulaciones. Cada acumulación aumenta tu velocidad de movimiento en un ##3.5%## y te otorga ##8## de daño adicional con todas las armas.\n\nLa cantidad de acumulaciones de ##Estilo## se representa con letras: E, D, C, B, A, S, respectivamente.\n\n&&La duración de las acumulaciones se reinicia al eliminar a un enemigo. Si no eliminas a ningún enemigo dentro de los ##8## segundos posteriores al último, perderás todas las acumulaciones actuales.&&",
        "daredevil_deck2": "Reto",
        "daredevil_deck_desc2": "Ahora obtienes ##50## de defensa por acumulación, lo que te da un total de ##300## con el máximo de acumulaciones.\n\nTambién obtienes @@0.5% de robo de vida@@ por acumulación, alcanzando un total de @@3%@@ con el máximo de acumulaciones.\n\n@@El robo de vida@@ te cura por la cantidad de daño base que haya infligido tu arma. Esta cantidad no puede ser mayor al ##2.5%## de tu salud máxima.",
        "daredevil_deck3": "Ineludible",
        "daredevil_deck_desc3": "Tus ##armas de fuego## ahora tienen un ##5%## de probabilidad por acumulación de perforar la armadura de los enemigos, alcanzando un total de ##30%## con el máximo de acumulaciones.",
        "daredevil_deck4": "Delicia Malvada",
        "daredevil_deck_desc4": "La cadencia de fuego de tus armas aumenta un ##3.33%## por acumulación, alcanzando un total de ##20%## con el máximo de acumulaciones.",
        "daredevil_deck5": "S+",
        "daredevil_deck_desc5": "Mientras tienes el máximo de acumulaciones de ##Estilo##, tus armas infligen daño adicional equivalente al ##2%## de la salud máxima de los enemigos y la curación por @@robo de vida@@ aumenta en un ##50%## (el límite también aumenta en el mismo porcentaje).\n\nAdemás, al alcanzar el máximo de acumulaciones de ##Estilo##, el arma que tengas equipada se recargará automáticamente. Esto no puede ocurrir más de una vez cada ##15## segundos.\n\nBonus por completar la baraja: Tu probabilidad de obtener un objeto de mayor calidad durante un Día de Pago aumenta en un ##10%##.\n\n&&El bono de daño no se aplica a lanzadores, objetos arrojadizos ni daño cuerpo a cuerpo.&&",

        "archer_name": "Arquero",
        "archer_desc": "¿Siempre quisiste ser un arquero en el campo de batalla?",
        "archer_deck1": "Rápido",
        "archer_deck_desc1": "Cada vez que golpeas a un enemigo con un ##Arco## o ##Ballesta##, obtienes un ##8%## de velocidad de recarga adicional durante ##8## segundos. Esto se acumula hasta ##5## veces, alcanzando un máximo de ##40%## de velocidad de recarga adicional. La duración se reinicia ##al impactar##.\n\nCambiar a un arma que no sea ##Arco## o ##Ballesta## elimina todas las acumulaciones actuales.",
        "archer_deck2": "Esquivo I",
        "archer_deck_desc2": "Obtienes un ##20%## de probabilidad de esquivar.",
        "archer_deck3": "Cabeza Flecha AOE",
        "archer_deck_desc3": "Obtienes un ##20%## adicional de probabilidad de esquivar, alcanzando un total de ##40%##.\n\nLos enemigos dentro de un radio de ##5 metros## de un enemigo impactado reciben un daño equivalente al ##20%## del daño infligido. Esto solo puede activarse con ##Arcos## y ##Ballestas##.",
        "archer_deck4": "Esquivo II",
        "archer_deck_desc4": "Obtienes un ##20%## adicional de probabilidad de esquivar, alcanzando un total de ##60%##.",
        "archer_deck5": "Jeringa Herbal",
        "archer_deck_desc5": "Desbloquea y equipa la ##Jeringa Herbal##.\nCambiar a otra baraja hará que la ##Jeringa Herbal## no esté disponible nuevamente. La Jeringa Herbal reemplaza tu objeto arrojadizo actual, está equipada en la ranura de arrojadizo y puede intercambiarse si lo deseas.\n\nMientras estás en el juego y sosteniendo un ##Arco## o ##Ballesta##, puedes usar la tecla de objeto arrojadizo ##$BTN_ABILITY## para usar la Jeringa Herbal.\n\nDurante los siguientes ##8## segundos tras usar la Jeringa Herbal, tus ##Arcos## y ##Ballestas## se recargan automáticamente, obtienen un ##500%## de velocidad de disparo y atraviesan la armadura enemiga. Cada enemigo eliminado mientras el efecto está activo extiende la duración en ##1.25## segundos, hasta un máximo adicional de ##5## segundos.\n\nGolpear la cabeza de un enemigo bajo este efecto también te cura por ##10## puntos de salud, aumentados a ##20## si tienes menos del ##30%## de salud.\n\nLa Jeringa Herbal tiene ##1## carga con ##40## segundos de enfriamiento.\n\nBonus por completar la baraja: Tu probabilidad de obtener un objeto de mayor calidad durante un Día de Pago aumenta en un ##10%##.",

        "bleed_name": "Sangrado",
        "bleed_desc": "Causa sangrado a los enemigos que disparas.",
        "bleed_deck1": "Hemorragia",
        "bleed_deck_desc1": "Tus disparos infligen a los enemigos @@Sangrado@@ durante ##10## segundos.\n@@Los enemigos sangrantes@@ reciben ##5 + 1% de la salud máxima del enemigo## como daño cada ##0.5## segundos.\n\nEl mismo enemigo no puede ser afectado por @@Sangrado@@ durante los próximos ##20## segundos.\n\n&&Esto no se activa con escopetas.&&",
        "bleed_deck2": "Debilitados",
        "bleed_deck_desc2": "Los @@enemigos sangrantes@@ infligen un ##10%## menos de daño a ti.\n\nCada vez que @@Sangrado@@ causa daño a un enemigo, te curas un ##5%## del daño infligido.",
        "bleed_deck3": "Vulnerables",
        "bleed_deck_desc3": "Cuando los @@enemigos sangrantes@@ tienen menos del ##50%## de su salud máxima, reciben un ##10%## más de daño de ti.\n\n&&No aumenta el daño de Sangrado.&&",
        "bleed_deck4": "Comodín",
        "bleed_deck_desc4": "Obtienes un ##10%## de probabilidad de golpe crítico.\n\n@@Sangrado@@ ahora tiene una probabilidad de golpe crítico (basada en tu probabilidad de golpe crítico, hasta un ##50%##), infligiendo ##150%## de su daño normal.",
        "bleed_deck5": "Destripar",
        "bleed_deck_desc5": "Desbloquea y equipa la habilidad ##Destripar## en la ranura de objeto arrojadizo.\nCambiar a otra baraja hará que ##Destripar## no esté disponible nuevamente.\n\nMientras estás en el juego, puedes usar la tecla de objeto arrojadizo ##$BTN_ABILITY## para activar ##Destripar##.\n\nActivar ##Destripar## hace que todos los @@enemigos sangrantes@@ reciban instantáneamente todo el daño que normalmente recibirían con el tiempo y termina el @@Sangrado@@ en ellos. También te curas un ##10%## del daño infligido por esta habilidad a cada enemigo, pudiendo sobrecurarte y aumentando tu salud máxima hasta en un ##50%## durante ##30## segundos.\n\nAdemás, si disparas a un enemigo que fue afectado por ##Destripar## en los últimos ##4## segundos, el enfriamiento de @@Sangrado@@ para este enemigo se reduce a ##1.75## segundos.\n\n##Destripar## tiene ##1## carga con ##60## segundos de enfriamiento.\n\nBonus por completar la baraja: Tu probabilidad de obtener un objeto de mayor calidad durante un Día de Pago aumenta en un ##10%##.",

        "demon_name": "Espectro",
        "demon_desc": "Hay algo dentro de ti... siempre estuvo ahí. Deberías dejarlo libre...",
        "demon_deck1": "Origen",
        "demon_deck_desc1": "Tras eliminar a un enemigo, entras en ##Forma Semi-Espectral## durante ##4.25## segundos. Mientras estás en ##Forma Semi-Espectral##, obtienes un ##20%## de velocidad de movimiento, no pierdes resistencia al correr o saltar, y tu defensa aumenta en un ##100%##.\n\nNo puedes entrar en ##Forma Semi-Espectral## más de una vez cada ##8## segundos.",
        "demon_deck2": "Danza de la Muerte",
        "demon_deck_desc2": "Mientras estás en ##Forma Semi-Espectral##, existe un ##50%## de probabilidad de que una bala que te iba a golpear te cure en lugar de hacerte daño.\n\nLa curación es igual al ##40%## del daño que esa bala habría infligido, hasta un máximo de ##100## puntos de salud.",
        "demon_deck3": "Vínculo Profundo",
        "demon_deck_desc3": "Tu salud máxima aumenta en un ##20%##.\n\nLa duración de ##Forma Semi-Espectral## se incrementa a ##6.5## segundos.",
        "demon_deck4": "Línea de Vida",
        "demon_deck_desc4": "Cuando recibes daño letal, en su lugar entras en ##Forma Semi-Espectral## e ignoras este daño. Al entrar en ##Forma Semi-Espectral## de esta manera, tu salud se establece en ##10## puntos.\n\nEste efecto tiene un tiempo de reutilización de ##60## segundos.\n\n&&Esto no funciona con la habilidad \"Forma Espectral\".&&",
        "demon_deck5": "Desatado",
        "demon_deck_desc5": "Desbloquea y equipa la habilidad ##Forma Espectral## en la ranura de objeto arrojadizo.\nCambiar a otra baraja hará que ##Forma Espectral## no esté disponible nuevamente.\n\nMientras estás en el juego, puedes usar la tecla de objeto arrojadizo ##$BTN_ABILITY## para activar ##Forma Espectral## y la tecla de ataque cuerpo a cuerpo para atacar a un enemigo (##0.3## segundos de enfriamiento).\n\nActivar ##Forma Espectral## te otorga la mayoría de los efectos de la ##Forma Semi-Espectral## y duran mientras esta habilidad esté activa. Además, eres invisible para los enemigos y marcas a todos los enemigos dentro de un radio de ##20## metros.\n\nMientras estás en esta forma, si estás cerca de un enemigo y tienes suficiente energía, puedes atacarlo, eliminándolo instantáneamente y desmembrándolo. Matar a tus víctimas te otorga un ##40%## de velocidad de movimiento adicional durante ##1.25## segundos y absorbe su esencia vital. Una vez que esta habilidad termina, serás curado por un ##4%## de tu salud máxima por cada esencia vital obtenida.\n\nTu energía se consume con el tiempo y también al realizar un ataque. Una vez que la energía se agota, ##Forma Espectral## termina. Matar enemigos más fuertes consume más energía.\n\n##Forma Espectral## tiene un tiempo de reutilización de ##60## segundos, que comienza después de que termina.\n\nBonus por completar la baraja: Tu probabilidad de obtener un objeto de mayor calidad durante un Día de Pago aumenta en un ##10%##.",

   
   
   
            "menu_single_shot_ammo_return_beta": "Eficiencia de Munición",
            "menu_martial_arts_beta": "Imparable",
            "menu_frenzy": "Frenesí",
            "menu_wolverine_beta": "Rompe Mentes",
            "menu_iron_man_beta": "Tipo Duro",
            "menu_dire_need_beta": "Astuto",
            "menu_scavenger_beta_SVUP": "Segundo Aliento",
            "menu_more_fire_power_CET": "Más Poder de Fuego",
            "menu_combat_engineering_CET": "Ingeniería de Combate",
            "menu_jail_workout_beta": "Cleptómano",
            "menu_feign_death": "Duro de Matar",
            "menu_running_from_death_beta": "Engañar a la Muerte",
            "menu_spotter_teamwork_beta": "Objetivo de Alto Valor",
            "menu_unseen_strike_beta": "Profesional",
            "menu_scavenging_beta": "Carroñero",
            "menu_triathlete_beta_toidi": "Amistad Forzada",
            "menu_shock_and_awe_beta": "Experto en Armas",
            "menu_eco_sentry_beta": "Ofensiva",
            "menu_show_of_force_beta": "Resistencia",
            "menu_combat_medic_beta": "Autocuidado",
            "menu_bloodthirst": "Maestro",
            "menu_steroids_beta": "Fuerza Interior",
            "menu_drill_expert_beta_DTE": "Taladro Experto",
            "menu_oppressor_beta_RSLC": "Resiliencia",
            "menu_spotter_teamwork_beta_SKL": "Asesino",
            "menu_drop_soap_beta": "Berserker",
            "menu_heavy_impact_beta": "Anticipación",
            "menu_black_marketeer_beta": "Líder",
            "menu_expert_handling": "Equilibrio",
            "menu_equilibrium_beta": "Práctico",
            "menu_trigger_happy_beta": "Talento a Una Mano",
            "menu_gun_fighter_beta": "Feliz al Gatillo",
            "menu_sentry_targeting_package_beta": "Equipo de Primera Clase",
            "menu_prison_wife_beta_desc": "##$básico##\nRestauras ##10## de armadura por cada disparo a la cabeza exitoso.\n\nEste efecto no puede ocurrir más de una vez cada ##2## segundos.\n\n##$pro##\nRestauras ##10## adicionales de armadura, para un total de ##20## de armadura.\n\nReduces el tiempo de recuperación de armadura actual en ##10%## por cada disparo a la cabeza exitoso. Este efecto no puede ocurrir más de una vez cada ##2## segundos.",
            "menu_pack_mule_beta_desc": "##$básico##\nAhora puedes lanzar bolsas ##50%## más lejos y puedes correr con cualquier bolsa.\n\n##$pro##\nTu penalización de velocidad de movimiento al cargar bolsas se reduce en ##1.75%## por cada ##10## puntos de tu armadura.\n\nLa penalización en la altura de salto al cargar bolsas se reduce en ##50%##.",
            "menu_close_by_beta_desc": "##$básico##\nAhora puedes disparar desde la cadera con tus Escopetas mientras corres.\n\n##$pro##\nTu tasa de fuego se incrementa en ##35%## cuando disparas desde la cadera con Escopetas de un solo disparo.\n\nLas Escopetas con cargadores aumentan su capacidad en ##15## cartuchos.",
            "menu_shotgun_cqb_beta_desc": "##$básico##\nTu velocidad de recarga con Escopetas se incrementa en ##15%##.\n\n##$pro##\nTu velocidad de recarga con Escopetas se incrementa en un ##20%## adicional.\n\nApuntas hacia los objetivos ##125%## más rápido con Escopetas.",
            "menu_ammo_2x_beta_desc": "##$básico##\nAhora puedes colocar ##1## más Bolsa de Munición.\n\n##$pro##\nLa capacidad de tus Bolsas de Munición se incrementa en ##50%##.",
            "menu_ammo_reservoir_beta_desc": "##$básico##\nTú y los demás que usen tu Bolsa de Munición no consumirán munición durante ##3## segundos. La duración puede extenderse hasta un máximo de ##5## segundos, dependiendo de la cantidad de munición repuesta.\n\n##$pro##\nLa duración base se incrementa a ##5## segundos. La duración ahora puede extenderse hasta un máximo de ##10## segundos.",
            "menu_sharpshooter_beta_desc": "##$básico##\nObtienes ##8## de precisión con tus armas cuando estás en modo de disparo único.\n\nEste efecto solo se aplica a SMGs, Rifles de Asalto y Rifles de Francotirador.\n\n##$pro##\nCuando estás en modo de disparo único, obtienes ##20%## más de precisión mientras apuntas hacia los objetivos.\n\nEste efecto solo se aplica a SMGs, Rifles de Asalto y Rifles de Francotirador.",
            "menu_rifleman_beta_desc": "##$básico##\nApuntas hacia los objetivos ##100%## más rápido con todas las armas.\n\nApuntar hacia los objetivos ya no afecta tu velocidad de movimiento.\n\n##$pro##\nTu precisión mientras te mueves con SMGs, Rifles de Asalto y Rifles de Francotirador se incrementa en ##16##.",
            "menu_stable_shot_beta_desc": "##$básico##\nObtienes ##4## de precisión con tus armas.\n\n##$pro##\nObtienes ##8## de precisión con tus armas.",
            "menu_tea_time_beta_desc": "##$básico##\nEl tiempo de despliegue de tu Botiquín de Primeros Auxilios y Bolsa Médica se reduce en ##50%##.\n\n##$pro##\nLos miembros de la tripulación que usen tu Bolsa Médica obtienen una reducción de daño de ##10%## durante ##120## segundos.",
            "menu_tea_cookies_beta_desc": "##$básico##\nAhora puedes llevar ##7## más Botiquines de Primeros Auxilios.\n\n##$pro##\nAhora puedes llevar ##3## más Botiquines de Primeros Auxilios.\n\nTu Botiquín de Primeros Auxilios desplegado se usará automáticamente si un jugador va a caer dentro de un radio de ##5 metros## del Botiquín. Esto no puede ocurrir más de una vez cada ##20## segundos.",
            "menu_medic_2x_beta_desc": "##$básico##\nAhora puedes desplegar ##1## más Bolsa Médica.\n\n##$pro##\nLa capacidad de tus Bolsas Médicas se incrementa en ##2##.",
            "menu_tower_defense_beta_desc": "##BONO DE NIVEL##\nTu velocidad de interacción se incrementa en ##10%## más ##1%## por cada ##5º## rango de infamia, hasta un total de ##30%##.\n\n##$básico##\nAhora puedes llevar ##1## más torreta contigo.\n\n##$pro##\nAhora puedes llevar ##2## más torretas contigo.",
            "menu_fire_trap_beta_desc": "##BONO DE NIVEL##\nTu velocidad de interacción se incrementa en ##10%## más ##1%## por cada ##5º## rango de infamia, hasta un total de ##30%##.\n\n##$básico##\nTus Minas Tripwire ahora dispersan fuego alrededor del área de detonación en un radio de ##4 metros## durante ##10## segundos.\n\n##$pro##\nLa duración del efecto de fuego de las Minas Tripwire se incrementa en ##10## segundos adicionales. El radio del efecto de fuego también se incrementa en ##50%##.",
            "menu_steady_grip_beta_desc": "##$básico##\nObtienes ##4## de estabilidad con tus armas.\n\n##$pro##\nObtienes ##8## de estabilidad con tus armas.",
            "menu_akimbo_skill_beta_desc": "##$básico##\nLa penalización de estabilidad de tus armas ##Akimbo## se reduce en ##8##.\n\n##$pro##\nLa penalización de estabilidad de tus armas ##Akimbo## se reduce en ##8## adicionales.\n\nTu capacidad de munición con armas ##Akimbo## se incrementa en ##50%##.",
            "menu_dance_instructor_desc": "##$básico##\nEl tamaño de tus cargadores de Pistolas aumenta en ##5##.\n\n\n##$pro##\nEl tamaño de tus cargadores de Pistolas aumenta en ##10## adicionales, para un total de ##15##.",
            "menu_equilibrium_beta_desc": "##$básico##\nCambias de Pistolas ##33%## más rápido.\n\n\n##$pro##\nApuntas con las Pistolas ##100%## más rápido.",
            "menu_ecm_2x_beta_desc": "##BONO DE NIVEL##\nGanas un ##2%## adicional de velocidad de movimiento y tu resistencia aumenta en ##15%##. Estos bonos se incrementan en ##0.5%## por cada ##10º## rango de infamia, hasta un bono de ##5%##.\n\n##$básico##\nAhora puedes colocar ##1## jammer ECM adicional.\n\n\n##$pro##\nLa duración de tu jammer ECM y retroalimentación aumenta en ##25%## adicionales.\n\nLos pagers ahora pueden ser retrasados mientras el ECM jammer esté activo.",
            "menu_ecm_booster_beta_desc": "##$básico##\nLa duración de tu jammer ECM y retroalimentación aumenta en ##25%##.\n\n\n##$pro##\nAhora tu jammer ECM puede ser usado para abrir ciertas puertas de seguridad.",
            "menu_cleaner_beta_desc": "##$básico##\nGanas ##1## Body Bag adicional en tu inventario. Además, tu espacio de inventario para Body Bags aumenta a ##3##.\n\n\n##$pro##\nAhora puedes colocar ##1## Body Bag case adicional.",
            "menu_thick_skin_beta_desc": "##$básico##\nLa ocultación de tus ##armas cuerpo a cuerpo## aumenta en ##2##.\n\n\n##$pro##\nLa ocultación de tus ##chalecos balísticos## aumenta en ##4##.",
            "menu_jail_diet_beta_desc": "##BONO DE NIVEL##\nGanas un ##2%## adicional de velocidad de movimiento y tu resistencia aumenta en ##15%##. Estos bonos se incrementan en ##0.5%## por cada ##10º## rango de infamia, hasta un bono de ##5%##.\n\n##$básico##\nGanas un ##1%## de probabilidad de esquivar por cada ##3## puntos de riesgo de detección por debajo de ##35##, hasta un ##10%##.\n\n\n##$pro##\nGanas un ##1%## de probabilidad de esquivar por cada ##1## punto de riesgo de detección por debajo de ##35##, hasta un ##10%##.",
            "menu_awareness_beta_desc": "##$básico##\nGanas un ##10%## adicional de velocidad de movimiento. También subes escaleras ##20%## más rápido.\n\n\n##$pro##\nAhora puedes correr en cualquier dirección. También puedes recargar tus armas mientras corres.",
            "menu_sprinter_beta_desc": "##$básico##\nTu resistencia comienza a regenerarse ##25%## antes y ##25%## más rápido. Además, corres ##10%## más rápido.\n\n\n##$pro##\nTienes un ##10%## de probabilidad de esquivar mientras corres.",
            "menu_optic_illusions_desc": "##$básico##\nGanas ##35%## más de camuflaje.\n\nEl camuflaje determina qué tan probable es que los enemigos prioricen otros objetivos sobre ti.\n\n\n##$pro##\nGanas ##1## de ocultación por cada arma silenciada que tengas equipada. La penalización de ocultación de los silenciadores se reduce en ##2##.",
            "menu_gun_fighter_beta_desc": "##$básico##\nLa tasa de fuego de tus Pistolas aumenta en ##50%##.\n\n\n##$pro##\nEl daño base de tus Pistolas aumenta en ##15##.",
            "menu_far_away_beta_desc": "##$básico##\nTu rango efectivo con Escopetas aumenta en ##50%##.\n\n\n##$pro##\nGanas ##60%## de precisión adicional con Escopetas al apuntar.",
            "menu_carbon_blade_beta_desc": "##$básico##\nEl desgaste de tu sierra portátil OVE9000 sobre los enemigos se reduce en ##66%##.\n\nLa sierra también tiene un ##8%## de probabilidad (aumentado a ##24%## contra enemigos) de no perder durabilidad mientras corta.\n\n\n##$pro##\nAhora puedes cortar a través de los escudos enemigos con tu sierra portátil OVE9000.",
            "menu_portable_saw_beta_desc": "##$básico##\nDesbloquea la sierra portátil OVE9000 para usarla como arma secundaria.\n\n\n##$pro##\nGanas ##1## hoja de sierra extra para la sierra portátil OVE9000. La eficiencia de tu sierra contra cerraduras y cajas fuertes también aumenta en ##60%##.",
            "menu_shotgun_impact_beta_desc": "##$básico##\nLa estabilidad de tu arma con Escopetas aumenta en ##8##.\n\nHaces ##5%## más daño con Escopetas.\n\n\n##$pro##\nHaces un ##5%## más de daño adicional con Escopetas.\n\nTus Escopetas tienen un ##30%## de probabilidad de atravesar la armadura enemiga.",
            "menu_underdog_beta_desc": "##$básico##\nCuando tres o más enemigos dentro de ##18 metros## te estén apuntando, recibes un bono de daño de ##8%## que dura ##10## segundos.\n\nNo se aplica al daño cuerpo a cuerpo, lanzadores de granadas ni lanzacohetes.\n\n\n##$pro##\nCuando tres o más enemigos dentro de ##18 metros## te estén apuntando, también recibes una reducción de daño de ##8%## que dura ##10## segundos.",
            "menu_overkill_beta_desc": "##BONO DE NIVEL##\nLa tasa de recuperación de tu armadura aumenta en ##5%## más ##2.5%## por cada ##5º## rango de infamia, hasta un total de ##15%##.\n\n##$básico##\nCuando mates a un enemigo con una Escopeta o la Sierra, recibirás un bono de daño de ##35%## que dura ##20## segundos. Este bono de daño solo se aplica a tus Escopetas y la Sierra. La duración se refresca ##al matar## un enemigo.\n\n\n##$pro##\nEl bono de daño aumenta a ##65%##. Cada vez que dispares con una Escopeta mientras este efecto esté activo, tienes un ##15%## de probabilidad de que las municiones no se agoten.",
            "menu_nine_lives_beta_desc": "##$básico##\nTu salud al desangrarse aumenta en ##40%##.\n\n\n##$pro##\nPuedes caerte ##1## vez más antes de ser puesto en custodia.",
            "menu_expert_handling_desc": "##$básico##\nCada vez que golpees a un enemigo con una Pistola, ganarás ##10%## de precisión adicional y velocidad de recarga con Pistolas. Se apila hasta ##3## veces, para un total de ##30%##. Este efecto dura ##5## segundos. La duración se refresca ##al golpear##.\n\nCambiar de Pistola a cualquier otra arma que no sea una Pistola elimina todas las pilas actuales.\n\n\n##$pro##\nTus Pistolas tienen un ##30%## de probabilidad de atravesar la armadura enemiga.\n\nTu rango efectivo con Pistolas aumenta en ##25%##.",
            "menu_stockholm_syndrome_beta_desc": "##$basic##\nLos civiles se sienten intimidados por el ruido que haces.\n\n\n##$pro##\nTus rehenes no huirán cuando sean rescatados por las fuerzas del orden. Siempre que seas detenido, tus rehenes se intercambiarán por tu regreso seguro. Este efecto puede ocurrir durante los asaltos, pero solo ##1## vez durante un atraco.",
            "menu_joker_beta_desc": "##$basic##\nPuedes convertir a un enemigo no especial para que luche a tu lado. Esto no se puede hacer durante sigilo y el enemigo debe haberse rendido para que lo conviertas.\nSolo puedes convertir ##1## enemigo no especial a la vez.\n\n\n##$pro##\nAhora puedes tener ##2## enemigos no especiales convertidos a la vez.\n\nTener un enemigo convertido aumenta tu salud máxima en ##20%##, lo que también aumenta la salud máxima de tus enemigos convertidos en el mismo valor.",
            "menu_cable_guy_beta_desc": "##$basic##\nEl rango de tu intimidación aumenta en ##50%##. Los civiles permanecen intimidados ##50%## más tiempo.\n\n\n##$pro##\nEl tiempo que tardas en convertir a un enemigo se reduce en ##65%##.",
            "menu_chameleon_beta_desc": "##$basic##\nPuedes recoger objetos y pequeños botines mientras estás en modo de reconocimiento. También obtienes un ##15%## más de valor por los pequeños botines que recojas.\n\n\n##$pro##\nObtienes un ##20%## adicional de valor por los pequeños botines que recojas.",
            "menu_jail_workout_beta_desc": "##$basic##\nTienes acceso a todos los recursos de Insider. Los costos de limpieza después de matar a un civil se reducen en ##75%##.\n\n\n##$pro##\nMarcas automáticamente a los enemigos dentro de un radio de ##10 metros## alrededor de ti después de estar quieto durante ##3.5## segundos mientras estás en sigilo. También puedes marcar a los enemigos mientras estás en modo de reconocimiento.",
            "menu_more_fire_power_desc_CET": "##$basic##\nObtienes ##2## cargas formadas más y ##5## minas de tripa más.\n\n\n##$pro##\nObtienes ##4## cargas formadas más y ##13## minas de tripa más.",
            "menu_combat_engineering_desc_CET": "##$basic##\nEl radio de la explosión de tus minas de tripa aumenta en ##20%##.\n\nEl tiempo de despliegue de las minas de tripa se reduce en un ##30%## adicional.\n\n\n##$pro##\nEl daño de tus minas de tripa se aumenta en ##100%##.",
            "menu_spotter_teamwork_beta_desc_SKL": "##BONO DE NIVEL##\nObtienes un ##2%## adicional de velocidad de movimiento y tu resistencia aumenta en ##15%##. Estos bonos aumentan en ##0.5%## por cada ##10º## rango de infamia, hasta un bono de ##5%##.\n\n##$basic##\nObtienes un ##25%## de daño crítico adicional, que aumenta a ##50%## con armas silenciadas.\n\n\n##$pro##\nObtienes un ##40%## de daño crítico adicional, que aumenta a ##100%## con armas silenciadas.",
            "menu_oppressor_beta_desc_RSLC": "##$basic##\nTu tasa de recuperación de armadura aumenta en ##5%##.\n\nLa duración del efecto visual de las granadas aturdidoras se reduce en ##20%##.\n\n\n##$pro##\nTu eficiencia defensiva aumenta en ##25%##.\n\nLa duración del efecto visual de las granadas aturdidoras se reduce en un ##55%## adicional, para un total de ##75%## de reducción.",
            "menu_scavenger_beta_desc_SVUP": "##$basic##\nCuando se rompe tu armadura, tu velocidad de movimiento aumenta en ##15%## durante ##5## segundos.\n\n\n##$pro##\nCuando se rompe tu armadura, la defensa aumenta en ##20%##. Esto dura hasta que tu armadura se reponga y por ##3## segundos más.\n\nEl efecto de aumento de velocidad ahora también se aplica a tu equipo.",
            "menu_drill_expert_beta_desc_DTE": "##$basic##\nLos tiempos de tus taladros y sierras se reducen en ##15%##.\n\n\n##$pro##\nLos tiempos de tus taladros y sierras se reducen en un ##25%## adicional.",
            "menu_kick_starter_beta_desc": "##$basic##\nTus taladros y sierras ganan un ##35%## adicional de probabilidad de reiniciarse automáticamente después de romperse.\n\n\n##$pro##\nHay un ##50%## de probabilidad de que reinicies un taladro o sierra rota con un ataque de ##cuerpo a cuerpo##.\n\nSolo tienes un intento para cada taladro o sierra rota, cada vez que se rompa.",
            "menu_hardware_expert_beta_desc": "##$basic##\nReparas los taladros y sierras ##25%## más rápido.\nTu tiempo de despliegue de minas de tripa se reduce en ##20%##.\n\nLos taladros y sierras ahora también son silenciosos.\n\n\n##$pro##\nReparas los taladros y sierras ##50%## más rápido. Tus taladros y sierras también ganan un ##20%## de probabilidad de reiniciarse automáticamente después de romperse.",
            "menu_feign_death_desc": "##$basic##\nTu tiempo de desangrado aumenta en ##10## segundos.\nTu salud de desangrado aumenta en un ##40%## adicional.\n\n\n##$pro##\nMientras estás caído, obtienes un ##80%## de reducción fija de daño y tus disparos tienen un ##10%## de probabilidad de ejecutar a los enemigos.\n\nLa ejecución exitosa mata instantáneamente al enemigo alcanzado. La ejecución solo funciona con balas.",
            "menu_sniper_graze_damage_desc": "##BONO DE NIVEL##\nEl tiempo necesario para revivir a un compañero de equipo se reduce en ##25%## más ##2%## por cada ##3º## rango de infamia, hasta un total de ##50%##.\n\n##$basic##\nCuando golpeas a un enemigo con un rifle de francotirador, el ##40%## del daño infligido a ese enemigo se repetirá a todos los enemigos en un radio de ##120cm## alrededor de la trayectoria de la bala. Este porcentaje se incrementa a ##60%## si una bala fuera de ejecución sería fatal para un enemigo.\n\n\n##$pro##\nCuando golpeas a un enemigo con un rifle de francotirador, el ##60%## del daño infligido a ese enemigo se repetirá a todos los enemigos en un radio de ##350cm## alrededor de la trayectoria de la bala. Este porcentaje se incrementa a ##100%## si una bala fuera de ejecución sería fatal para un enemigo.\n\nEsta habilidad ahora tiene una probabilidad de golpear críticamente a un enemigo (basado en tu probabilidad de golpe crítico, hasta un ##50%##), infligiendo ##135%## de su daño normal.",
            "menu_body_expertise_beta_desc": "##BONO DE NIVEL##\nTu velocidad de interacción aumenta en ##10%## más ##1%## por cada ##5º## rango de infamia, hasta un total de ##30%##.\n\n##$basic##\nEl ##40%## del daño adicional por disparos a la cabeza ahora se aplica a los disparos al cuerpo. El bono de daño se reduce a la mitad contra Bulldozers y Traid Boss.\n\nEsto solo puede activarse con SMGs, LMGs, Rifles de asalto o armas especiales disparadas en modo automático.\n\n\n##$pro##\nEl ##75%## del daño adicional por disparos a la cabeza ahora se aplica a los disparos al cuerpo. El bono de daño se reduce a la mitad contra Bulldozers y Traid Boss.\n\nEsto solo puede activarse con SMGs, LMGs, Rifles de asalto o armas especiales disparadas en modo automático.",
            "menu_pistol_beta_messiah_desc": "##BONO DE NIVEL##\nTu velocidad de recarga con todas las armas aumenta en ##5%## más ##1%## por cada ##10º## rango de infamia, hasta un total de ##15%##.\n\n##$basic##\nMientras estés desangrándote, puedes revivir a ti mismo si matas a un enemigo. Solo tienes ##1## carga.\n\n\n##$pro##\nAhora tienes ##2## cargas de Mesías. Siempre que uses una bolsa de médico, se recarga ##1## carga de Mesías.",
            "menu_up_you_go_beta_desc": "##$basic##\nObtienes un ##30%## de velocidad de movimiento adicional durante ##5## segundos después de ser revivido.\n\n\n##$pro##\nObtienes un ##40%## de reducción de daño durante ##5## segundos después de ser revivido. También restauras un ##20%## más de salud después de ser revivido.",
            "menu_running_from_death_beta_desc": "##$basic##\nCuando te caes, tienes un ##25%## de probabilidad de ser revivido instantáneamente.\n\n\n##$pro##\nObtienes un ##20%## adicional de probabilidad de ser revivido instantáneamente. Ser revivido por esta habilidad restaura ##30%## más salud.",
            "menu_bandoliers_beta_desc": "##BONO DE NIVEL##\nTu tasa de recuperación de armadura aumenta en ##5%## más ##2.5%## por cada ##5º## rango de infamia, hasta un total de ##15%##.\n\n##$basic##\nTu capacidad total de munición aumenta en ##30%## y tu recolección de munición aumenta en ##20%##.\n\n\n##$pro##\nTu recolección de munición aumenta en un ##20%## adicional, para un total de ##40%## de aumento en la recolección de munición.\n\nObtienes un ##5%## base de probabilidad de obtener un arrojable de una caja de munición. Esta probabilidad aumenta en ##1%## por cada caja de munición que recojas que no contenga un arrojable. Cuando se haya encontrado un arrojable, la probabilidad se restablece a su valor base.",
            "menu_jack_of_all_trades_beta_desc": "##$basic##\nDespliegas e interactúas con todos los desplegables un ##50%## más rápido.\n\n\n##$pro##\nAhora puedes equipar un desplegable secundario para llevar contigo. Equipar un desplegable como secundario reduce su cantidad a la mitad.",
            "menu_unseen_strike_beta_desc": "##$basic##\nGanas ##8## de estabilidad en armas y un aumento del ##125%## en la velocidad de zoom con armas silenciadas.\n\n\n##$pro##\nGanas ##8## de precisión con armas silenciadas.\n\nHaces ##10%## más de daño con armas silenciadas.",
            "menu_frenzy_desc": "##BONO DE NIVEL##\nTu velocidad de recarga con todas las armas aumenta en ##5%## más ##1%## por cada ##10º## rango de infamia, hasta un total de ##15%##.\n\n##$basic##\nSolo obtienes ##30%## de tu salud máxima y no puedes sanar por encima de ese límite, pero obtienes una reducción de daño del ##15%##.\n\nCualquier sanación que recibas se reduce en ##75%##.\n\nTambién entras en el estado ##Berserker##.\n\n\n##$pro##\nSolo obtienes ##15%## de tu salud máxima y no puedes sanar por encima de ese límite, pero obtienes una reducción de daño del ##25%##.\n\nCualquier sanación que recibas ahora se reduce en ##100%##.",
            "menu_single_shot_ammo_return_beta_desc": "##$basic##\nCada ##4º## disparo a la cabeza reembolsa ##1## bala a tu cargador actual.\n\nSolo puede ser activado por SMGs, rifles de asalto y rifles de francotirador disparados en modo de disparo único.\n\n\n##$pro##\nAhora reembolsas ##1## bala por cada ##3º## disparo a la cabeza.\n\nTu primer disparo contra el enemigo después de reembolsar una bala hará ##150%## de su daño normal. Esto solo aplica al arma con la que reembolsaste una bala.",
            "menu_spotter_teamwork_beta_desc": "##$basic##\nLos enemigos que marques reciben ##15%## más daño. Los enemigos permanecen marcados durante ##50%## más tiempo.\n\n\n##$pro##\nLos enemigos que marques reciben un ##40%## más de daño si están a más de ##10 metros## de distancia.\n\nLos enemigos permanecen marcados durante ##50%## más tiempo.\n\nAhora también puedes marcar enemigos especiales apuntando a ellos con cualquier arma.",
            "menu_trigger_happy_beta_desc": "##BONO DE NIVEL##\nTu velocidad de recarga con todas las armas aumenta en ##5%## más ##1%## por cada ##10º## rango de infamia, hasta un total de ##15%##.\n\n##$basic##\nCada vez que golpeas a un enemigo con una pistola, ganas un bono de daño del ##14%##. Se acumula hasta ##3## veces, con un bono total de ##42%##. Este efecto dura ##5## segundos. La duración se restablece al golpear a un enemigo.\n\nCambiar de pistola a cualquier otra arma que no sea una pistola elimina todas las acumulaciones actuales.\n\n\n##$pro##\nEl bono de daño por acumulación se incrementa a ##20%##, lo que te otorga un bono de ##60%## de daño con las acumulaciones al máximo.\n\nEl daño crítico de tus pistolas se incrementa en ##40%##.",
            "menu_triathlete_beta_desc_toidi": "##$basic##\nGanas ##4## bridas adicionales. Colocas bridas a los rehenes ##75%## más rápido.\n\n\n##$pro##\nTú y tu equipo ganan ##4## absorción de daño por cada rehén que tengas. Este efecto se acumula con un máximo de ##5## rehenes, dándote a ti y a tu equipo un total de ##20## de absorción de daño.\n\nNo se acumula con la habilidad de Amistad Forzada de otros jugadores.",
            "menu_scavenging_beta_desc": "##$basic##\nTu rango de recogida de munición aumenta en ##35%##.\n\n\n##$pro##\nCada ##4º## enemigo que mates dejará una caja de munición extra.",
            "menu_shock_and_awe_beta_desc": "##$basic##\nLas LMGs, SMGs y rifles de asalto tienen su tamaño de cargador aumentado en ##15##.\n\nLas armas DMR también hacen un daño extra de ##3%## de la salud máxima del enemigo.\n\n\n##$pro##\nMatar a ##2## enemigos aumentará la velocidad de recarga de tu siguiente recarga.\n\nSi tu cargador actual:\n- Tiene más de la mitad de munición, gana un ##10%## de velocidad extra al recargar.\n- Tiene la mitad o menos de munición, gana un ##30%## de velocidad extra al recargar.\n- Está vacío, gana un ##60%## de velocidad extra al recargar.\n\nEste efecto solo puede ser activado por SMGs, LMGs, rifles de asalto, lanzallamas y miniguns.",
            "menu_fire_control_beta_desc": "##$basic##\nAhora puedes disparar desde la cadera con tus armas mientras corres.\n\n\n##$pro##\nGanas ##12## de precisión al disparar desde la cadera. Tu penalización de precisión mientras te mueves también se reduce en ##20%##.",
            "menu_fast_fire_beta_desc": "##$basic##\nTus ##armas a distancia## tienen un ##25%## de probabilidad de aturdir a los enemigos.\n\nEl efecto de aturdimiento no aplica a Bulldozers y Capitán Winters.\n\n\n##$pro##\nTus ##armas a distancia## tienen un ##35%## de probabilidad de atravesar la armadura del enemigo.",
            "menu_sentry_targeting_package_beta_desc": "##$basic##\nLa precisión de tus torretas aumenta en ##50%##.\n\n\n##$pro##\nLa velocidad de rotación de tus torretas aumenta en ##125%##.\nTus torretas también tienen un ##70%## más de munición.",
            "menu_engineering_beta_desc": "##$basic##\nAhora puedes seleccionar una versión menos ruidosa de las torretas, lo que las hace mucho menos propensas a ser objetivo de los enemigos.\n\n\n##$pro##\nPuedes activar rondas AP en tus torretas, reduciendo la tasa de fuego en ##50%## pero aumentando el daño en ##65%## y permitiéndoles atravesar a los enemigos y escudos.",
            "menu_eco_sentry_beta_desc": "##$basic##\nTus torretas hacen ##15%## más daño y tienen ##50%## más salud.\n\n\n##$pro##\nTus torretas hacen ##25%## más daño y tienen ##100%## más salud.",
            "menu_defense_up_beta_desc": "##$basic##\nEl costo de desplegar una torreta se reduce en ##5%##.\n\n\n##$pro##\nEl costo de desplegar una torreta se reduce en un ##10%## adicional. Tus torretas también ganan un escudo protector.",
            "menu_speedy_reload_beta_desc": "##$basic##\nTu velocidad de recarga con SMGs, rifles de asalto y rifles de francotirador aumenta en ##15%##.\n\n\n##$pro##\nCada vez que mates a un enemigo con un disparo a la cabeza, tu velocidad de recarga aumenta en ##50%## durante ##4## segundos.\n\nEsto solo puede ser activado por SMGs, rifles de asalto y rifles de francotirador disparados en modo de disparo único.",
            "menu_juggernaut_beta_desc": "##BONO DE NIVEL##\nTu tasa de recuperación de armadura aumenta en ##5%## más ##2.5%## por cada ##5º## rango de infamia, hasta un total de ##15%##.\n\n##$basic##\nTu armadura total aumenta en ##40%## y la penalización a la velocidad de movimiento por llevar armadura se reduce en ##10%##.\n\n\n##$pro##\nDesbloqueas el ##Improved Combined Tactical Vest##, este kit de armadura absorbe ##10%## más daño.",
            "menu_perseverance_beta_desc": "##$basic##\nAl recibir daño letal, te ralentizas momentáneamente durante la cual eres inmune al daño de salud. Luego restauras el ##100%## de tu salud máxima, la cual decae a una tasa de ##-5%## de salud cada ##0.35## segundos hasta ser derribado.\n\nMientras decae:\n- No puedes recibir ninguna curación.\n- No puedes usar la habilidad/perk de los decks.\n- Obtienes una reducción de daño del ##95%##.\n\nEste efecto tiene un tiempo de recarga de ##20## segundos. El tiempo de recarga comienza después de que termine Swan Song. La salud decreciente sobrescribe tu salud real e ignora la reducción de salud máxima por Frenzy.\n\n##$pro##\nAl obtener una baja mientras estás en Swan Song, la decadencia se pausará durante ##0.5## segundos.\n\nMatar a ##5## enemigos mientras estás en Swan Song te permitirá seguir con vida. Esto ajustará tu salud al ##20%##, restaurará tu armadura y terminará Swan Song prematuramente. La reducción de daño durará ##0.75## segundos después de esto.",
            "menu_black_marketeer_beta_desc": "##TIER BONUS##\nEl tiempo necesario para revivir a un compañero de equipo se reduce en ##25%## más ##2%## por cada ##3°## rango de infamia, hasta un total de ##50%##.\n\n##$basic##\nTener al menos un enemigo convertido te permite regenerar ##2%## de salud cada ##5## segundos. Cuando estés por debajo del ##50%## de salud, la curación aumenta mientras más baja esté tu salud, hasta un máximo del ##100%## de aumento.\n\n##$pro##\nAhora esta habilidad también regenera salud para tus enemigos convertidos.\n\nLos enemigos convertidos restauran un porcentaje de su salud máxima igual al ##75%## de la curación que recibes por esta habilidad.",
            "menu_control_freak_beta_desc": "##$basic##\nTu enemigo convertido recibe una reducción de daño del ##40%## y hace un ##25%## más de daño.\n\n##$pro##\nTu enemigo convertido recibe una reducción de daño del ##80%## y hace un ##50%## más de daño.",
            "menu_heavy_impact_beta_desc": "##$basic##\nCambias de arma ##66%## más rápido.\n\n##$pro##\nCada baja que consigas incrementará el daño de tu siguiente ataque ##cuerpo a cuerpo## en un ##80%##, hasta un máximo de ##1500%##. Este efecto se restablece al matar a un enemigo con un ##arma cuerpo a cuerpo##.",
            "menu_combat_medic_beta_desc": "##$basic##\nObtienes una reducción de daño del ##20%## mientras revives a otro jugador.\n\n##$pro##\nReviviendo exitosamente a otro jugador obtienes un ##5%## de reducción de daño durante ##60## segundos.\n\nCualquier curación que recibas ahora se incrementa en un ##40%##. Esto no aplica a la regeneración de salud base.",
            "menu_inspire_beta_desc": "##TIER BONUS##\nEl tiempo necesario para revivir a un compañero de equipo se reduce en ##25%## más ##2%## por cada ##3°## rango de infamia, hasta un total de ##50%##.\n\n##$basic##\nGritar a tus compañeros de equipo aumentará su velocidad de movimiento y de recarga en un ##15%## durante ##20## segundos.\n\nEste efecto tiene un tiempo de recarga de ##8## segundos.\n\n##$pro##\nAhora tienes un ##100%## de chance de revivir a los compañeros de equipo dentro de ##9 metros## de ti al gritarles. Cada revivida exitosa reduce esta probabilidad en un ##5%##, hasta un mínimo del ##60%##.\n\nEste efecto tiene un tiempo de recarga de ##15## segundos.",
            "menu_fast_learner_beta_desc": "##$basic##\nLos miembros de tu equipo que revivas obtienen una reducción de daño del ##30%## durante ##5## segundos.\n\n##$pro##\nLa reducción de daño aumenta en un ##30%## adicional, para un total de ##60%##. La duración también se incrementa a ##10## segundos.",
            "menu_show_of_force_beta_desc": "##$basic##\nObtienes una reducción de daño del ##20-70% (según tu salud faltante)## mientras interactúas con objetos.\n\n##$pro##\nAumenta la armadura de todos los ##chalecos balísticos## en un ##20##.",
            "menu_insulation_beta_desc": "##$basic##\nCuando te electrocutan, tienes un ##35%## de probabilidad de liberarte. Si te liberas con éxito, obtendrás un ##8%## de velocidad de movimiento durante ##4## segundos.\n\n##$pro##\nCuando te electrocutan, puedes liberarte del taser interactuando con él dentro de los ##2## segundos después de ser electrocutado. Si te liberas exitosamente, el efecto de taser se redirige hacia el taser y a todos los demás enemigos dentro de un radio de ##3 metros##, aturdiéndolos durante ##3## segundos.\n\nAún obtienes la velocidad de movimiento bonus si te liberas de esta manera.",
            "menu_dire_need_beta_desc": "##$basic##\nEsquivar dos veces seguidas activa la habilidad Sly durante ##8## segundos.\nMientras esté activa, tu primer disparo obtiene un ##100%## de probabilidad de golpe crítico y hará retroceder al enemigo golpeado.\n\nEl efecto de retroceso no aplica a Bulldozers ni a Captain Winters. Los bonificaciones aplican a tu ##primer disparo## independientemente de si aciertas o no.\n\n##$pro##\nAl esquivar exitosamente comenzarás a regenerar tu salud durante ##2## segundos.\n\nRegeneras ##0.5%## de salud cada ##0.4## segundos. Cuando tu salud está por debajo del ##30%##, regeneras ##1%## de salud en su lugar.\n\nEste efecto tiene un tiempo de recarga de ##5## segundos. El tiempo de recarga solo se aplica si te has curado por este efecto.",
            "menu_martial_arts_beta_desc": "##$basic##\nTus ataques ##cuerpo a cuerpo## hacen un ##25%## más de daño contra todos los enemigos.\n\n##$pro##\nTienes un ##50%## más de probabilidad de derribar a los enemigos con tus ataques ##cuerpo a cuerpo##.",
            "menu_bloodthirst_desc": "##$basic##\nTus ataques ##cuerpo a cuerpo## tienen un tiempo de carga un ##50%## más corto y un tiempo de enfriamiento un ##25%## más corto entre ataques consecutivos.\n\n##$pro##\nMatar a un enemigo con un ##arma cuerpo a cuerpo## restaura ##10%## de tu armadura y reduce el tiempo de recuperación de la armadura actual en ##20%##.",
            "menu_wolverine_beta_desc": "##$basic##\nAl matar a un enemigo, existe un ##20%## de probabilidad de esparcir pánico entre los enemigos que estén dentro de un radio de ##8 metros## del enemigo muerto.\n\nEsto no puede ocurrir más de una vez cada ##1## segundo.\n\nEl pánico aturde a los enemigos durante algunos segundos.\n\n##$pro##\nLa probabilidad de esparcir pánico se incrementa a ##35%##.\n\nSi tiene éxito, esos enemigos ahora también reciben daño igual al ##3%## de su salud máxima.",
            "menu_drop_soap_beta_desc": "##$basic##\nCuando tu salud está por debajo del ##50%##, harás más daño mientras más baja esté tu salud.\n\nHarás hasta un ##180%## más de daño con ##armas cuerpo a cuerpo## y hasta un ##60%## más de daño con ##armas a distancia##.\n\n##$pro##\nHarás hasta un ##225%## más de daño con ##armas cuerpo a cuerpo## y hasta un ##80%## más de daño con ##armas a distancia##.",
            "menu_steroids_beta_desc": "##$basic##\nTus ataques ##cuerpo a cuerpo## hacen un ##100%## más de daño contra enemigos no especiales.\n\n##$pro##\nTus ataques ##cuerpo a cuerpo## hacen un ##100%## más de daño contra enemigos especiales.",
            "menu_second_chances_beta_desc": "##$basic##\nDesbloqueas cerraduras normales ##20%## más rápido.\n\nDespués de desbloquear con éxito una cerradura normal, obtienes un ##10%## de velocidad de movimiento durante ##8## segundos.\n\nAhora también puedes desactivar ##1## cámara para que no detecte a ti y a tu equipo durante ##20## segundos.\n\n##$pro##\nDesbloqueas cerraduras normales ##50%## más rápido y ahora puedes desbloquear cajas fuertes.\n\nSi empiezas a desbloquear otra cerradura normal dentro de los ##8## segundos después de desbloquear la anterior, lo desbloquearás instantáneamente. Desbloquear una cerradura de esta manera no actualiza este efecto.",
            "menu_backstab_beta_desc": "##$basic##\nObtienes un ##6%## de probabilidad de golpe crítico por cada ##2## puntos de riesgo de detección por debajo de ##40## hasta un máximo de ##60%##.\n\n##$pro##\nObtienes un ##10%## de probabilidad de golpe crítico por cada ##1## punto de riesgo de detección por debajo de ##40## hasta un máximo de ##80%##.\n\nEsto no aplica a lanzagranadas, lanzacohetes ni objetos arrojadizos.",
            "menu_iron_man_beta_desc": "##$basic##\nLa tasa de recuperación de tu armadura aumenta en ##20%## para ti y tu equipo.\n\nEl daño que recibe tu armadura se reduce en ##20%##. No reduce el daño de municiones perforantes.\n\n##$pro##\nTus armas tienen una probabilidad de empujar a los enemigos con escudo al atacarlos.\n\nLas ##armas a distancia## tienen un ##50% + 20% de daño## de probabilidad de empujar los escudos. Esto está limitado a una probabilidad máxima de ##90%##.\n\nLas ##armas cuerpo a cuerpo## siempre empujan los escudos.",
            
            "FOverhaul_title": "Reajuste de Habilidades de Freyah",
            "FOverhaul_desc": "",
            "FOverhaul_Exec_indi_title": "habilitar indicador de ejecución",
            "FOverhaul_Exec_indi_desc": "habilita un indicador que aparece al ejecutar a un enemigo con ciertas habilidades",
            "FOverhaul_on_style_exec_indi_title": "estilo del indicador de ejecución",
            "FOverhaul_on_style_exec_indi_desc": "cambia el estilo del indicador de ejecución\nnúmeros - muestra 9999; texto - muestra \"¡EJECUTADO!\"",
            "numbers_foverhaul": "números",
            "text_foverhaul": "texto",
            "text_dur_exec_state_change_desc": "cambia la duración del efecto visual",
            "text_dur_exec_state_change_title": "duración",
            "FOverhaul_rainbow_color_exec_desc": "habilita color arcoíris (es animado)",
            "FOverhaulrainbow_color_exec_title": "habilitar color arcoíris",
            "rainbow_speed_exec_state_change_desc": "cambia la velocidad del arcoíris (qué tan rápido cambian los colores)",
            "rainbow_speed_exec_state_change_title": "velocidad del arcoíris",
            "exec_FOverhaul_title": "Indicador de ejecución",
            "exec_FOverhaul_desc": "",
            "daredevil_FOverhaul_title": "Indicadores de Daredevil",
            "daredevil_FOverhaul_desc": "",
            "FOverhaul_daredevil_absorb_bar_desc": "habilita la barra de absorción de Daredevil",
            "FOverhaul_daredevil_absorb_bar_title": "habilitar barra de absorción",
            "SwanSong_FOverhaul_title": "Indicadores de Swan Song",
            "SwanSong_FOverhaul_desc": "",
            "FOverhaul_SwanSong_fod_title": "habilitar texto \"¡lucha o muere!\"",
            "FOverhaul_SwanSong_fod_desc": "habilita el texto que aparece al activar Swan Song, cuando tienes Swan Song ACED",
            "FOverhaul_on_swan_song_style_indi_title": "estilo del indicador",
            "FOverhaul_on_swan_song_style_indi_desc": "cambia el estilo del texto \"¡lucha o muere!\"\npersonalizado - muestra texto personalizado; pista - muestra una pista regular",
            "vfx_fod": "personalizado",
            "hint_fod": "pista",
            "FOverhaul_ammo_return_title": "habilitar indicador de eficiencia de munición (aced)",
            "FOverhaul_ammo_return_desc": "habilita un indicador de eficiencia de munición que muestra cuando reembolsas una bala\nhabilita el número dorado de munición y el efecto de desvanecimiento amarillo que aparece y desaparece",
            "FOverhaul_ammo_return_rainbow_title": "color arcoíris",
            "FOverhaul_ammo_return_rainbow_desc": "habilita el color arcoíris para la eficiencia de munición (solo para balas)",
            "ammo_return_FOverhaul_desc": "",
            "ammo_return_FOverhaul_title": "Indicador de Eficiencia de Munición",
            "FOverhaul_reset_updator_title": "LIMPIAR ACTUALIZADOR",
            "FOverhaul_reset_updator_desc": "elimina la memoria del actualizador, lo que detiene todas las actualizaciones actuales de ciertas funciones\nesta es una nueva característica (v3.7.2) por lo que existe un botón en caso de que algo salga mal y tu juego se laguee",
            "dire_need_FOverhaul_title": "Indicador de Sly",
            "dire_need_FOverhaul_desc": "",
            "FOverhaul_dire_need_vfx_title": "habilitar indicador sly (básico)",
            "FOverhaul_dire_need_vfx_desc": "habilita un indicador sutil de sly que aparece al activar la oportunidad de golpe crítico y el efecto de aturdimiento",
            "menu_incompatibility_f_overhaul": "[Reajuste de Habilidades de Freyah] - MOD INCOMPATIBLE",
            "menu_incompatibility_f_overhaul_desc": "\n\"Mejoras del Panel de Estadísticas del Jugador\" es incompatible con este reajuste.\nLos cambios en el panel de estadísticas del jugador hechos por este reajuste han sido desactivados para prevenir fallos.\n\n¡Por favor elimina \"Mejoras del Panel de Estadísticas del Jugador\" - TODAS LAS CARACTERÍSTICAS DE ESTE MOD YA ESTÁN INCLUIDAS EN ESTE REAJUSTE!\n\nNo eliminar \"Mejoras del Panel de Estadísticas del Jugador\" podría causar que las estadísticas del jugador muestren números incorrectos y hará que este mensaje aparezca cada vez que abras el inventario.",
            "menu_incompatibility_f_overhaul_ok": "CERRAR",
            "FOverhaul_go_to_propostion_page_title": "¿Quieres proponer cambios al reajuste?",
            "FOverhaul_go_to_propostion_page_desc": "Enlace a formularios de Google donde puedes dejar cualquier sugerencia sobre el reajuste",
            "FOverhaul_enemy_plate_title": "Indicador de placas de armadura reforzada",
            "FOverhaul_enemy_plate_desc": "Habilita un hitmarker que aparece al golpear a un enemigo con placas de armadura reforzada\ny marcará al enemigo con color blanco durante unos segundos al romperlas",
            "FOverhaul_error_logger_title": "Registrador de errores",
            "FOverhaul_error_logger_desc": "Habilita un registrador que guarda cualquier error que pueda haber ocurrido en mi reajuste mientras juegas\ny te notifica más tarde cuando estés en el menú principal, si sucedió",
            "FOverhaul_force_save_and_load_title": "OPCIONES DE CORRECCIÓN (Guardar y Recargar)",
            "FOverhaul_force_save_and_load_desc": "Esto guardará todas las opciones y las recargará en el juego\nDebería solucionar cualquier problema con el juego no detectando las opciones predeterminadas o nuevas",
            "FOverhaul_life_line_wraith_cooldown_enabled_title": "Habilitar enfriamiento visual de la carta de línea de vida",
            "FOverhaul_wraith_energy_enabled_title": "Habilitar barra de energía visual",
            "FOverhaul_wraith_hint_enabled_title": "Habilitar pista cuando se activa la línea de vida",
            "FOverhaul_wraith_heal_bullet_enabled_title": "Habilitar visuales para la carta de Death Dance",
            "FOverhaul_wraith_energy_enabled_desc": "",
            "FOverhaul_wraith_heal_bullet_enabled_desc": "",
            "FOverhaul_wraith_hint_enabled_desc": "",
            "FOverhaul_life_line_wraith_cooldown_enabled_desc": "",
            "wraith_FOverhaul_title": "Indicadores de Wraith",
            "wraith_FOverhaul_desc": "",
   
   
            "bm_menu_dmg_red": "Reducción de Daño",
            "bm_menu_stats_reduction_basic": "BÁSICO",
            "bm_menu_stats_reduction_highest": "MÁXIMO POSIBLE",
            "bm_menu_dmg_red_ds_example": "resultado de daño (150)",
            "bm_menu_health_per_kill_stat": "HP POR MUERTE",
            "bm_menu_health_per_second_stat": "HP/5seg",
            "bm_menu_stats_health_per_kill": "FIJO",
            "bm_menu_stats_health_per_kill_percentage": "PORCENTAJE",
            "bm_menu_reputation_progress": "Progreso de Reputación: ",
            "bm_menu_infamy_pool": "Progreso del Pozo de Infamia: ",
            "bm_menu_player_stats": "estadísticas del jugador",
            "bm_menu_bonus_crit_dmg": "DAÑO CRÍTICO",
            "bm_menu_damage_shake": "DEFENSA",
            "black_PSPE": "NEGRO",
            "pastel_pink_PSPE": "ROSADO PASTEL",
            "pink_PSPE": "ROSADO FUERTE",
            "aqua_PSPE": "AQUA",
            "orange_PSPE": "NARANJA",
            "navy_PSPE": "AZUL OSCURO",
            "purple_PSPE": "MORADO",
            "blue_violet_PSPE": "MORADO CLARO",
            "strawb_PSPE": "FRESA",
            "lilac_PSPE": "LILA",
            "white_PSPE": "BLANCO",
            "red_PSPE": "ROJO",
            "green_PSPE": "VERDE",
            "dark_green_PSPE": "VERDE OSCURO",
            "light_orange_PSPE": "NARANJA CLARO",
            "PSPE_title": "Mejoras del PANEL DEL JUGADOR",
            "PSPE_desc": "",
            "PSPE_on_color_change_title": "\"MÁXIMO POSIBLE\" COLOR",
            "PSPE_on_color_change_desc": "CAMBIA EL COLOR DE LA COLUMNA \"MÁXIMO POSIBLE\".",
            "PSPE_on_color2_change_title": "\"BÁSICO\" COLOR",
            "PSPE_on_color2_change_desc": "CAMBIA EL COLOR DE LA COLUMNA \"BÁSICO\".",
            "PSPE_on_color3_change_title": "COLOR DE REDUCCIÓN DE DAÑO",
            "PSPE_on_color3_change_desc": "CAMBIA EL COLOR DE \"REDUCCIÓN DE DAÑO\" Y \"RESULTADO DE DAÑO\".",
            
            "PSPE_on_colorh_change_title": "\"PORCENTAJE\" COLOR",
            "PSPE_on_colorh_change_desc": "CAMBIA EL COLOR DE LA COLUMNA \"PORCENTAJE\".",
            "PSPE_on_colorh2_change_title": "\"PLANO\" COLOR",
            "PSPE_on_colorh2_change_desc": "CAMBIA EL COLOR DE LA COLUMNA \"PLANO\".",
            "PSPE_on_colorh3_change_title": "COLOR DE CURACIÓN",
            "PSPE_on_colorh3_change_desc": "CAMBIA EL COLOR DE \"HP POR MUERTE/TIRO\" Y \"HP/5seg\".",
            
            "PSPE_on_colorv_change_title": "\"TOTAL\" COLOR",
            "PSPE_on_colorv_change_desc": "CAMBIA EL COLOR DE LA COLUMNA \"TOTAL\".",
            "PSPE_on_colorv2_change_title": "\"BASE\" COLOR",
            "PSPE_on_colorv2_change_desc": "CAMBIA EL COLOR DE LA COLUMNA \"BASE\".",
            "PSPE_on_colorv3_change_title": "\"HABILIDAD\" COLOR",
            "PSPE_on_colorv3_change_desc": "CAMBIA EL COLOR DE LA COLUMNA \"HABILIDAD\".",
            "PSPE_on_colorv4_change_title": "COLOR DE NOMBRES DE ESTADÍSTICAS",
            "PSPE_on_colorv4_change_desc": "CAMBIA EL COLOR DE LOS NOMBRES DE ESTADÍSTICAS.",
            "PSPE_on_colorv5_change_title": "COLOR DE BUFF",
            "PSPE_on_colorv5_change_desc": "CAMBIA EL COLOR DE LAS ESTADÍSTICAS QUE ESTÁN AUMENTADAS (BUFFED).",
            "PSPE_on_colorv6_change_title": "COLOR DE NERF",
            "PSPE_on_colorv6_change_desc": "CAMBIA EL COLOR DE LAS ESTADÍSTICAS QUE ESTÁN DISMINUIDAS (NERFED).",
            "PSPE_on_color_lines2_change_title": "Color de Línea Corta",
            "PSPE_on_color_lines2_change_desc": "CAMBIA EL COLOR DE LAS LÍNEAS CORTAS COSMÉTICAS QUE APARECEN JUNTO AL NOMBRE DE LAS ESTADÍSTICAS.",
            "PSPE_on_color_lines_change_title": "Color de Línea Larga",
            "PSPE_on_color_lines_change_desc": "CAMBIA EL COLOR DE LAS LÍNEAS LARGAS COSMÉTICAS QUE APARECEN JUNTO AL NOMBRE DE LAS ESTADÍSTICAS.",
            "PSPE_on_cosmetic_split_change_title": "Color de Línea Dividida",
            "PSPE_on_cosmetic_split_change_desc": "CAMBIA EL COLOR DE LA LÍNEA DIVIDIDA COSMÉTICA EN EL PANEL DE ESTADÍSTICAS DEL JUGADOR.",
            "PSPE_disable_cosmetic_split_title": "Deshabilitar Línea Dividida Cosméctica",
            "PSPE_disable_cosmetic_split_desc": "DESACTIVA LA LÍNEA DIVIDIDA COSMÉTICA EN EL PANEL DE ESTADÍSTICAS DEL JUGADOR.",
            "PSPE_vanillafont_title": "ARREGLO DE DESVIACIÓN [PARA FUENTE VANILLA]",
            "PSPE_vanillafont_desc": "ARREGLO DE LA DESVIACIÓN DE LAS ADICIONES COSMÉTICAS PARA LA FUENTE VANILLA\nÚSELO SI LOS ELEMENTOS SE SOLAPAN O NO ESTÁN CENTRADOS Y ESTÁ UTILIZANDO LA FUENTE VANILLA.",
            "PSPE_disable_cosmetic_lines_title": "Deshabilitar Líneas Cosmécticas",
            "PSPE_disable_cosmetic_lines_desc": "DESACTIVA LAS LÍNEAS COSMÉTICAS QUE APARECEN JUNTO A LAS ESTADÍSTICAS.",
            "vanilla_buff_PSPE": "color vanilla",
            "vanilla_nerf_PSPE": "color vanilla",
            "FOverhaul_def_debuff_title": "Mostrar icono de debuff de defensa",
            "FOverhaul_def_debuff_desc": "ACTIVA/DESACTIVA EL ICONO JUNTO A TU CÍRCULO DE SALUD QUE APARECE CUANDO UN ENEMIGO REDUCE TU DEFENSA.",
            "FOverhaul_newVersion_title": "Deshabilitar popup de nueva versión",
            "FOverhaul_newVersion_desc": "DESACTIVA EL POPUP QUE APARECE DESPUÉS DE ACTUALIZAR A LA VERSIÓN MÁS RECIENTE, QUE TE INFORMA QUE TUS CONFIGURACIONES HAN SIDO RECARGADAS."
}