{
	"exec_EXPOK_title" : "Experience On Kill",
	"exec_EXPOK_desc" : "",
	"EXPOK_show_announcer_title" : "ENABLE multi kill",
	"EXPOK_show_announcer_desc" : "Enables texts which shows up next to Experience when you perform multi kill",
	"kln_duration_change_title" : "multi kill texts duration",
	"kln_duration_change_desc" : "changes duration of multi kill texts",
	"kln_font_size_change_title" : "multi kill font size",
	"kln_font_size_change_desc" : "changes font size of multi kill texts",
	"kln_adjust_x_change_title" : "multi kill horizontal position",
	"kln_adjust_x_change_desc" : "",
	"kln_adjust_y_change_title" : "multi kill vertical position",
	"kln_adjust_y_change_desc" : "",
	"exp_text_duration_change_title" : "Experience text duration",
	"exp_text_duration_change_desc" : "changes duration of Experience text, this will also increase the time during which you can multi kill",
	"exp_font_size_change_title" : "Experience font size",
	"exp_font_size_change_desc" : "changes font size of Experience text",
	"exp_adjust_x_change_title" : "Experience horizontal position",
	"exp_adjust_y_change_title" : "Experience vertical position",
	"exp_adjust_y_change_desc" : "",
	"exp_adjust_x_change_desc" : "",
	"EXPOK_gain_exp_on_kills_title" : "gain Experience on kill",
	"EXPOK_gain_exp_on_kills_desc" : "enables Experience gain on kills, disabling this will only show cosmetic effect but will not actually give you any Experience on kills",
	"shortcut_choice_exp_desc" : "choose the type of \"Experience\" shortcut",
	"shortcut_choice_exp_title" : "shortcut style",
	"OLD_EXP" : "\"EXP\"",
	"NEW_XP" : "\"»XP\"",
	"exp_fade_out_style_desc" : "changes the direction of fade out for Experience",
	"exp_fade_out_style_title" : "fade out direction",
	"OLD_FADEOUT_EXP" : "UP",
	"NEW_FADEOUT_XP" : "RIGHT",
	"pastel_pink_lai" : "PINK",
	"purple_lai" : "PURPLE",
	"aqua_lai" : "AQUA",
	"strawb_lai" : "STRAWBERRY",
	"orange_lai" : "ORANGE",
	"red_lai" : "RED",
	"navy_lai" : "DARK BLUE",
	"pink_lai" : "HOT PINK",
	"lilac_lai" : "LILAC",
	"black_lai" : "BLACK",
	"blue_violet_lai" : "LIGHT PURPLE",
	"white_lai" : "WHITE",
	"green_lai" : "GREEN",
	"yellow_lai" : "YELLOW",
	"specialkilled_color_change_title" : "BONUS XP GAINED COLOR",
	"specialkilled_color_change_desc" : "COLOR OF BONUS XP GAINED AFTER KILLING SPECIAL ENEMY",
	"exp_color_change_title" : "XP GAINED COLOR",
	"exp_color_change_desc" : "COLOR OF REGULAR XP GAINED"
}