{
    "menu_id": "ultrawide_fix",
    "parent_menu_id": "blt_options",
    "title": "ultrawide_fix_title",
    "description": "ultrawide_fix_desc",
    "back_callback": "ultrawide_fix_back_callback",
    "items": [
        {
            "type": "slider",
            "id": "ultrawide_fix_base_res_scale",
            "title": "ultrawide_fix_base_res_scale_title",
            "description": "ultrawide_fix_base_res_scale_desc",
            "callback": "ultrawide_fix_base_res_scale_callback",
            "value": "base_res_scale",
            "default_value": 1,
            "max": 2,
            "min": 0.5,
            "step": 0.01
        },
        {
            "type": "slider",
            "id": "ultrawide_fix_saferect_border_scale_x",
            "title": "ultrawide_fix_saferect_border_scale_x_title",
            "description": "ultrawide_fix_saferect_border_scale_x_desc",
            "callback": "ultrawide_fix_saferect_border_scale_x_callback",
            "value": "saferect_border_scale_x",
            "default_value": 3.2,
            "max": 40,
            "min": 0,
            "step": 0.01
        },
        {
            "type": "slider",
            "id": "ultrawide_fix_saferect_border_scale_y",
            "title": "ultrawide_fix_saferect_border_scale_y_title",
            "description": "ultrawide_fix_saferect_border_scale_y_desc",
            "callback": "ultrawide_fix_saferect_border_scale_y_callback",
            "value": "saferect_border_scale_y",
            "default_value": 3.2,
            "max": 10,
            "min": 0,
            "step": 0.01
        },
        {
            "type": "divider",
            "size": 16
        },
        {
            "type": "button",
            "id": "ultrawide_fix_default",
            "title": "ultrawide_fix_default_title",
            "description": "ultrawide_fix_default_desc",
            "callback": "ultrawide_fix_default_callback"
        }
    ]
}
