<?xml version="1.0"?>
<tweaks>
    <!-- Loot -->
    <tweak version="2" name="units/payday2/props/bnk_prop_vault_loot/bnk_prop_vault_loot_special_money" extension="unit">
        <search>
            <?xml version="1.0"?>
            <unit type="bnk" slot="1"/>
            <extensions/>
        </search>
        <target mode="attach">
            <extension name="ehi" class="EHICarryData"/>
        </target>
    </tweak>
    <!-- Loot in Armored Transport -->
    <tweak version="2" name="units/pd2_dlc1/vehicles/str_vehicle_truck_gensec_transport/spawn_deposit/spawn_money" extension="unit">
        <search>
            <unit type="spawn" slot="1"/>
            <extensions/>
        </search>
        <target mode="attach">
            <extension name="ehi" class="EHIATCarryData"/>
        </target>
    </tweak>
    <tweak version="2" name="units/pd2_dlc1/vehicles/str_vehicle_truck_gensec_transport/spawn_deposit/spawn_gold" extension="unit">
        <search>
            <unit type="spawn" slot="1"/>
            <extensions/>
        </search>
        <target mode="attach">
            <extension name="ehi" class="EHIATCarryData"/>
        </target>
    </tweak>
    <tweak version="2" name="units/pd2_dlc1/vehicles/str_vehicle_truck_gensec_transport/spawn_deposit/spawn_jewelry" extension="unit">
        <search>
            <unit type="spawn" slot="1"/>
            <extensions/>
        </search>
        <target mode="attach">
            <extension name="ehi" class="EHIATCarryData"/>
        </target>
    </tweak>
    <!-- Small loot (no lootbag) -->
    <tweak version="2" name="units/payday2/props/bnk_prop_vault_loot/bnk_prop_vault_loot_value_a" extension="unit">
        <search>
            <unit type="bnk" slot="1"/>
            <extensions/>
        </search>
        <target mode="attach">
            <extension name="ehi" class="EHINoCarryData"/>
        </target>
    </tweak>
    <tweak version="2" name="units/payday2/props/bnk_prop_vault_loot/bnk_prop_vault_loot_value_b" extension="unit">
        <search>
            <unit type="bnk" slot="1"/>
            <extensions/>
        </search>
        <target mode="attach">
            <extension name="ehi" class="EHINoCarryData"/>
        </target>
    </tweak>
    <tweak version="2" name="units/payday2/props/bnk_prop_vault_loot/bnk_prop_vault_loot_value_c" extension="unit">
        <search>
            <unit type="bnk" slot="1"/>
            <extensions/>
        </search>
        <target mode="attach">
            <extension name="ehi" class="EHINoCarryData"/>
        </target>
    </tweak>
    <tweak version="2" name="units/payday2/props/bnk_prop_vault_loot/bnk_prop_vault_loot_value_d" extension="unit">
        <search>
            <unit type="bnk" slot="1"/>
            <extensions/>
        </search>
        <target mode="attach">
            <extension name="ehi" class="EHINoCarryData"/>
        </target>
    </tweak>
    <tweak version="2" name="units/payday2/props/bnk_prop_vault_loot/bnk_prop_vault_loot_value_e" extension="unit">
        <search>
            <unit type="bnk" slot="1"/>
            <extensions/>
        </search>
        <target mode="attach">
            <extension name="ehi" class="EHINoCarryData"/>
        </target>
    </tweak>
    <!-- Crap (no loot) -->
    <tweak version="2" name="units/payday2/props/bnk_prop_vault_loot/bnk_prop_vault_loot_crap_a" extension="unit">
        <search>
            <unit type="bnk" slot="1"/>
            <extensions/>
        </search>
        <target mode="attach">
            <extension name="ehi" class="EHINoCarryData"/>
        </target>
    </tweak>
    <tweak version="2" name="units/payday2/props/bnk_prop_vault_loot/bnk_prop_vault_loot_crap_b" extension="unit">
        <search>
            <unit type="bnk" slot="1"/>
            <extensions/>
        </search>
        <target mode="attach">
            <extension name="ehi" class="EHINoCarryData"/>
        </target>
    </tweak>
    <tweak version="2" name="units/payday2/props/bnk_prop_vault_loot/bnk_prop_vault_loot_crap_c" extension="unit">
        <search>
            <unit type="bnk" slot="1"/>
            <extensions/>
        </search>
        <target mode="attach">
            <extension name="ehi" class="EHINoCarryData"/>
        </target>
    </tweak>
    <tweak version="2" name="units/payday2/props/bnk_prop_vault_loot/bnk_prop_vault_loot_crap_d" extension="unit">
        <search>
            <unit type="bnk" slot="1"/>
            <extensions/>
        </search>
        <target mode="attach">
            <extension name="ehi" class="EHINoCarryData"/>
        </target>
    </tweak>
    <!-- War documents -->
    <tweak version="2" name="units/pd2_dlc_jfr/pickups/spawn_german_folder/spawn_german_folder" extension="unit">
        <search>
            <unit type="spawn" slot="1"/>
            <extensions/>
        </search>
        <target mode="attach">
            <extension name="ehi" class="EHIATNoCarryData"/>
        </target>
    </tweak>
    <!-- Crap / Small loot / No loot (Armored Transport) -->
    <tweak version="2" name="units/pd2_dlc1/vehicles/str_vehicle_truck_gensec_transport/str_vehicle_truck_gensec_transport_deposit_box" extension="unit">
        <search>
            <unit type="spawn" slot="1"/>
            <extensions/>
        </search>
        <target mode="attach">
            <extension name="ehi" class="EHIATNoCarryData"/>
        </target>
    </tweak>
    <!-- Train document -->
    <tweak version="2" name="units/pd2_dlc1/vehicles/str_vehicle_truck_gensec_transport/str_vehicle_truck_gensec_transport_deposit_box_intel" extension="unit">
        <search>
            <unit type="spawn" slot="1"/>
            <extensions/>
        </search>
        <target mode="attach">
            <extension name="ehi" class="EHIATNoCarryData"/>
        </target>
    </tweak>
    <!-- Armored Transport Exploded -->
    <tweak version="2" name="units/pd2_dlc1/vehicles/str_vehicle_truck_gensec_transport/spawn_gensec_doors/spawn_gensec_doors" extension="unit">
        <search>
            <unit type="spawn" slot="18"/>
            <extensions/>
        </search>
        <target mode="attach">
            <extension name="ehi" class="EHIATExplosionData"/>
        </target>
    </tweak>
    <!-- Fixes -->
    <!-- Reservoir Dogs Day 2 (Warehouse) / Buluc's Mansion -->
    <tweak version="2" name="units/pd2_dlc_rvd/equipment/rvd_interactable_saw_no_jam/rvd_interactable_saw_no_jam" extension="unit">
        <search>
            <?xml version="1.0"?>
            <unit type="apa" slot="1"/>
            <extensions/>
            <extension name="base" class="Drill"/>
        </search>
        <target mode="attach">
            <var name="_disable_upgrades" value="true" />
        </target>
    </tweak>
</tweaks>