<?xml version="1.0"?>
<mod>
    <tweak definition="ehi_units.xml"/>
    <hooks script_path="lua/">

        <!-- Main code -->
        <pre hook_id="core/lib/utils/coreapp" :script_path="core.lua"/>
        <pre hook_id="core/lib/utils/coreapp" :script_path="core_utils.lua"/>
        <pre hook_id="core/lib/utils/coreapp" :script_path="core_mod_utils.lua"/>

        <post hook_id="core/lib/managers/coreworldinstancemanager" :script_path="CoreWorldInstanceManager.lua"/>

        <group hook_id="lib/managers/">
            <post :hook_id="criminalsmanager" :script_path="CriminalsManager.lua" />
            <post :hook_id="group_ai_states/groupaistatebase" :script_path="GroupAIStateBase.lua" />
            <post :hook_id="group_ai_states/groupaistatebesiege" :script_path="GroupAIStateBesiege.lua" />
            <post :hook_id="hudmanager" :script_path="HUDManager.lua" />
            <post :hook_id="hudmanagerpd2" :script_path="HUDManagerPD2.lua" />
            <post :hook_id="hud/hudchallengenotification" :script_path="HudChallengeNotification.lua" />
            <post :hook_id="hud/hudmissionbriefing" :script_path="HUDMissionBriefing.lua" />
            <post :hook_id="gameplaycentralmanager" :script_path="GamePlayCentralManager.lua"/>
            <post :hook_id="gageassignmentmanager" :script_path="GageAssignmentManager.lua" />
            <post :hook_id="enemymanager" :script_path="EnemyManager.lua" />

            <post :hook_id="experiencemanager" :script_path="ExperienceManager.lua" />

            <post :hook_id="jobmanager" :script_path="JobManager.lua" />

            <post :hook_id="lootmanager" :script_path="LootManager.lua" />

            <group :hook_id="mission/" :script_path="elements/">
                <post :hook_id="elementaiglobalevent" :script_path="ElementAiGlobalEvent.lua" />
                <post :hook_id="elementdifficulty" :script_path="ElementDifficulty.lua" />
                <post :hook_id="elementexperience" :script_path="ElementExperience.lua" />
                <post :hook_id="elementheisttimer" :script_path="ElementHeistTimer.lua" />
                <post :hook_id="elementjobvalue" :script_path="ElementJobValue.lua" />
                <post :hook_id="elementlasertrigger" :script_path="ElementLaserTrigger.lua" />
                <post :hook_id="elementspawngageassignment" :script_path="ElementSpawnGageAssignment.lua" />
                <post :hook_id="elementspecialobjective" :script_path="ElementSpecialObjective.lua" />
                <post :hook_id="elementterminateassault" :script_path="ElementTerminateAssault.lua" />
                <post :hook_id="elementwaypoint" :script_path="ElementWaypoint.lua" />
            </group>

            <post :hook_id="missionassetsmanager" :script_path="MissionAssetsManager.lua" />
    
            <!-- Menu code -->
            <post :hook_id="menumanager" :script_path="menu/FakeEHITrackerManager.lua" />
            <post :hook_id="menumanager" :script_path="menu/FakeEHIBuffManager.lua" />
            <post :hook_id="menumanager" :script_path="menu/EHIMenu.lua" />
            <post :hook_id="menumanager" :script_path="menu/EHIMenuCallbacks.lua" />
            <post :hook_id="menumanager" :script_path="MenuManager.lua" />
            <group :hook_id="menu/">
                <post :hook_id="blackmarketgui" :script_path="BlackMarketGui.lua" />
                <post :hook_id="menunodegui" :script_path="MenuNodeMainGui.lua" />
                <post :hook_id="missionbriefinggui" :script_path="MissionBriefingGui.lua" />
                <post :hook_id="walletguiobject" :script_path="WalletGuiObject.lua" />
            </group>

            <post :hook_id="modifiersmanager" :script_path="ModifiersManager.lua" />
            <post :hook_id="playermanager" :script_path="PlayerManager.lua" />
            <post :hook_id="player/smokescreeneffect" :script_path="SmokeScreenEffect.lua" />
            <post :hook_id="preplanningmanager" :script_path = "PrePlanningManager.lua" />
            <post :hook_id="trademanager" :script_path="TradeManager.lua" />
        </group>

        <post hook_id="lib/modifiers/modifiercivilianalarm" :script_path="ModifierCivilianAlarm.lua" />
        <post hook_id="lib/modifiers/modifierlesspagers" :script_path="ModifierLessPagers.lua" />
        <post hook_id="lib/modifiers/boosts/gagemodifierlifesteal" :script_path="GageModifierLifeSteal.lua" />
        <post hook_id="lib/modifiers/boosts/gagemodifiermeleeinvincibility" :script_path="GageModifierMeleeInvincibility.lua" />

        <post hook_id="lib/mutators/mutatorpiggybank" :script_path="MutatorPiggyBank.lua" />
        <post hook_id="lib/mutators/mutatorpiggyrevenge" :script_path="MutatorPiggyRevenge.lua" />

        <post hook_id="lib/network/base/basenetworksession" :script_path="BaseNetworkSession.lua" />
        <post hook_id="lib/network/base/networkpeer" :script_path="NetworkPeer.lua" />

        <group hook_id="lib/setups/">
            <post :hook_id="setup" :script_path="CallbackEventHandler.lua" />
            <post :hook_id="setup" :script_path="EHIExperienceManager.lua" />
            <post :hook_id="setup" :script_path="Setup.lua" />
            <post :hook_id="gamesetup" :script_path="GameSetup.lua" />
        </group>

        <post hook_id="lib/states/ingamewaitingforplayers" :script_path="IngameWaitingForPlayers.lua" />
        <post hook_id="lib/states/ingamewaitingforrespawn" :script_path="IngameWaitingForRespawn.lua" />
        <post hook_id="lib/states/missionendstate" :script_path="MissionEndState.lua" />

        <post hook_id="lib/player_actions/skills/playeractionammoefficiency" :script_path="PlayerActionAmmoEfficiency.lua" />
        <post hook_id="lib/player_actions/skills/playeractionexperthandling" :script_path="PlayerActionExpertHandling.lua" />
        <post hook_id="lib/player_actions/skills/playeractiontriggerhappy" :script_path="PlayerActionTriggerHappy.lua" />

        <group hook_id="lib/units/">
            <post :hook_id="beings/player/playerdamage" :script_path="PlayerDamage.lua" />
            <post :hook_id="beings/player/playerinventory" :script_path="PlayerInventory.lua" />
            <post :hook_id="beings/player/playermovement" :script_path="PlayerMovement.lua" />
            <post :hook_id="beings/player/states/playerstandard" :script_path="PlayerStandard.lua" />
            <post :hook_id="civilians/logics/civilianlogicsurrender" :script_path="CivilianLogicSurrender.lua" />
            <post :hook_id="civilians/civiliandamage" :script_path="CivilianDamage.lua" />
            <post :hook_id="civilians/huskciviliandamage" :script_path="HuskCivilianDamage.lua" />
            <post :hook_id="interactions/interactionext" :script_path="InteractionExt.lua" />
            <post :hook_id="enemies/cop/huskcopbrain" :script_path="HuskCopBrain.lua" />
            <group :hook_id="equipment/">
                <post :hook_id="ammo_bag/ammobagbase" :script_path="AmmoBagBase.lua" />
                <post :hook_id="bodybags_bag/bodybagsbagbase" :script_path="BodyBagsBagBase.lua" />
                <post :hook_id="doctor_bag/doctorbagbase" :script_path="DoctorBagBase.lua" />
                <post :hook_id="ecm_jammer/ecmjammerbase" :script_path="ECMJammerBase.lua" />
                <post :hook_id="grenade_crate/grenadecratebase" :script_path="GrenadeCrateBase.lua" />
                <post :hook_id="first_aid_kit/firstaidkitbase" :script_path="FirstAidKitBase.lua" />
                <!--<post :hook_id="sentry_gun/sentrygundamage" :script_path="SentryGunDamage.lua" />-->
                <post :hook_id="sentry_gun/sentrygunmovement" :script_path="SentryGunMovement.lua" />
            </group>
            <post :hook_id="player_team/teamaibase" :script_path="TeamAIBase.lua" />
            <group :hook_id="props/">
                <post :hook_id="drill" :script_path="Drill.lua" />
                <post :hook_id="digitalgui" :script_path="DigitalGui.lua" />
                <post :hook_id="missiondoor" :script_path="MissionDoor.lua" />
                <post :hook_id="securitycamera" :script_path="SecurityCamera.lua" />
                <post :hook_id="timergui" :script_path="TimerGui.lua" />
                <post :hook_id="securitylockgui" :script_path="SecurityLockGui.lua" />
                <post :hook_id="waypointext" :script_path="WaypointExt.lua" />
                <post :hook_id="zipline" :script_path="Zipline.lua" />
            </group>
            <post :hook_id="vehicles/vehicledrivingext" :script_path="VehicleDrivingExt.lua" />
            <post :hook_id="weapons/grenades/quickcsgrenade" :script_path="QuickCsGrenade.lua" />
        </group>

        <post hook_id="lib/utils/dev/editor/worlddefinition" :script_path="WorldDefinition.lua" />

        <group hook_id="lib/tweak_data/">
            <post :hook_id="tweakdata" :script_path="tweak_data.lua"/>
            <post :hook_id="achievementstweakdata" :script_path="AchievementsTweakData.lua"/>
            <post :hook_id="carrytweakdata" :script_path="CarryTweakData.lua"/>
            <post :hook_id="groupaitweakdata" :script_path="GroupAITweakData.lua"/>
            <post :hook_id="levelstweakdata" :script_path="LevelsTweakData.lua"/>
            <post :hook_id="skirmishtweakdata" :script_path="SkirmishTweakData.lua"/>
        </group>
    </hooks>

    <!-- Textures -->
    <:include src="assets/assets.xml"/>
</mod>