{
	"menu_id" : "chat",
	"parent_menu" : "options",
	"title" : "VoidUI_chat_title",
	"priority" : 8,
	"items" : [
		{
			"type" : "label",
			"title"	: "VoidUI_text_chat"
		},
		{
			"type" : "toggle",
			"id" : "enable_chat",
			"title" : "VoidUI_enable_chat_title",
			"description" : "VoidUI_enable_chat_decs",
			"is_parent" : true,
			"default_value" : true
		},
		{
			"type" : "slider",
			"id" : "hud_chat_scale",
			"parent" : "enable_chat",
			"title" : "VoidUI_chat_scale_title",
			"description" : "VoidUI_chat_scale_desc",
			"percentage" : true,
			"default_value" : 1,
			"max" : 2,
			"min" : 0.65,
			"step" : 2
		},
		{
			"type" : "toggle",
			"id" : "show_charactername",
			"title" : "VoidUI_charactername_title",
			"description" : "VoidUI_charactername_desc",
			"parent" : "enable_chat",
			"default_value" : true
		},
		{
			"type" : "multiple_choice",
			"id" : "chattime",
			"parent" : "enable_chat",
			"title" : "VoidUI_chattime_title",
			"description" : "VoidUI_chattime_desc",
			"items" : [
				"VoidUI_disabled", 
				"VoidUI_gametime", 
				"VoidUI_realtime"
			],
			"default_value" : 1
		},
		{
			"type" : "toggle",
			"id" : "chat_mouse",
			"title" : "VoidUI_chat_mouse_title",
			"description" : "VoidUI_chat_mouse_desc",
			"parent" : "enable_chat",
			"is_parent" : true,
			"default_value" : true
		},
		{
			"type" : "multiple_choice",
			"id" : "chat_copy",
			"title" : "VoidUI_chat_copy_title",
			"description" : "VoidUI_chat_copy_desc",
			"parent" : ["enable_chat", "chat_mouse"],
			"items" : [
				"VoidUI_disable", 
				"VoidUI_chat_message",
				"VoidUI_chat_name", 
				"VoidUI_chat_character",
				"VoidUI_chat_name_character"
			],
			"default_value" : 5
		},
		{
			"type" : "divider"
		},
		{
			"type" : "label",
			"title"	: "VoidUI_voice_chat"
		},
		{
			"type" : "toggle",
			"id" : "enable_voice",
			"title" : "VoidUI_enable_voice_title",
			"description" : "VoidUI_enable_voice_decs",
			"is_parent" : true,
			"default_value" : true
		},
		{
			"type" : "slider",
			"id" : "voice_scale",
			"parent" : "enable_voice",
			"title" : "VoidUI_voice_scale_title",
			"description" : "VoidUI_voice_scale_desc",
			"percentage" : true,
			"default_value" : 1,
			"max" : 2,
			"min" : 0.65,
			"step" : 2
		},
		{
			"type" : "toggle",
			"id" : "voice_name",
			"title" : "VoidUI_voice_name_title",
			"description" : "VoidUI_voice_name_desc",
			"parent" : "enable_voice",
			"is_parent" : true,
			"default_value" : true
		}
		
	]
}
