{
	"menu_id" : "options",
	"title" : "VoidUI_options_title",
	"priority" : 1,
	"items" : [
		{
			"type" : "label",
			"title"	: "VoidUI_ingame_hud"
		},
		{
			"type" : "button",
			"id" : "hudteammate",
			"title" : "VoidUI_hudteammate_title",
			"description" : "VoidUI_hudteammate_desc",
			"next_menu" : "hudteammate"
		},
		{
			"type" : "button",
			"id" : "assault",
			"title" : "VoidUI_assault_title",
			"description" : "VoidUI_assault_desc",
			"next_menu" : "assault"
		},
		{
			"type" : "button",
			"id" : "objectives",
			"title" : "VoidUI_objectives_title",
			"description" : "VoidUI_objectives_desc",
			"next_menu" : "objectives"
		},
		{
			"type" : "button",
			"id" : "presenter",
			"title" : "VoidUI_presenter_title",
			"description" : "VoidUI_presenter_desc",
			"next_menu" : "presenter"
		},
		{
			"type" : "button",
			"id" : "interact",
			"title" : "VoidUI_interact_title",
			"description" : "VoidUI_interact_desc",
			"next_menu" : "interact"
		},
		{
			"type" : "button",
			"id" : "label",
			"title" : "VoidUI_label_title",
			"description" : "VoidUI_label_desc",
			"next_menu" : "label"
		},
		{
			"type" : "button",
			"id" : "scoreboard",
			"title" : "VoidUI_stats_title",
			"description" : "VoidUI_stats_desc",
			"next_menu" : "scoreboard"
		},
		{
			"type" : "button",
			"id" : "chat",
			"title" : "VoidUI_chat_title",
			"description" : "VoidUI_chat_desc",
			"next_menu" : "chat"
		},
		{
			"type" : "button",
			"id" : "subtitles",
			"title" : "VoidUI_subtitles_title",
			"description" : "VoidUI_subtitles_desc",
			"next_menu" : "subtitles"
		},
		{
			"type" : "button",
			"id" : "joining",
			"title" : "VoidUI_joining_title",
			"description" : "VoidUI_joining_desc",
			"next_menu" : "joining"
		},
		{
			"type" : "slider",
			"id" : "hud_scale",
			"title" : "VoidUI_hud_scale_title",
			"description" : "VoidUI_hud_scale_desc",
			"callback" : "SetGlobalHudscale",
			"percentage" : true,
			"default_value" : 1,
			"max" : 2,
			"min" : 0.65,
			"step" : 2
		},
		{
			"type" : "divider"
		},
		{
			"type" : "label",
			"title"	: "VoidUI_interface"
		},
		{
			"type" : "button",
			"id" : "loadingscreen",
			"title" : "VoidUI_blackscreen_title",
			"description" : "VoidUI_blackscreen_desc",
			"next_menu" : "loadingscreen"
		},
		{
			"type" : "divider"
		},
		{
			"type" : "label",
			"title"	: "VoidUI_extras"
		},
		{
			"type" : "toggle",
			"id" : "outlines",
			"title" : "VoidUI_outlines_title",
			"description" : "VoidUI_outlines_desc",
			"default_value" : true
		},
		{
			"type" : "multiple_choice",
			"id" : "assault_lines",
			"title" : "VoidUI_assault_lines_title",
			"description" : "VoidUI_assault_lines_desc",
			"items" : [
				"VoidUI_disable",
				"VoidUI_assault_lines_30sec",
				"VoidUI_assault_lines_every10sec"
			],
			"default_value" : 3
		},
		{
			"type" : "button",
			"id" : "reset_options",
			"title" : "VoidUI_reset_title",
			"description" : "VoidUI_reset_desc",
			"callback" : "ResetOptions"
		}

	]
}
