<mod name="Freyah's Skills Overhaul (+ CatLib)" author="Freyah" color="Color(0,0,0)">
	<AssetUpdates id="32323" version="3.8.2.3" provider="modworkshop"/>

	<Localization directory="loc" default="english.json">
		<loc file="schinese.json" language="schinese"/>
		<loc file="spanish.json" language="spanish"/>
	</Localization>

	<AddFiles directory="assets/">
        <texture path="guis/textures/pd2/skilltree_2/ace_symbol"/>
        <texture path="guis/textures/pd2/skilltree_2/icons_atlas_2"/>
        <texture path="guis/textures/pd2/skilltree_2/lines_blue"/>
        <texture path="guis/textures/pd2/skilltree_2/subtree_fill"/>
		<texture path="guis/dlcs/berserk/textures/pd2/specialization/icons_atlas"/>
		<texture path="guis/textures/pd2/specialization/perk_icon_card"/>
		<texture path="guis/textures/pd2/specialization/skills_background"/>
		<texture path="guis/dlcs/berserk/textures/pd2/blackmarket/icons/grenades/quick_fix_stymulant"/>
		<texture path="guis/dlcs/berserk/textures/pd2/blackmarket/icons/grenades/bite_the_bullet_ability"/>
		<texture path="guis/dlcs/bleed/textures/pd2/blackmarket/icons/grenades/bleed_ability"/>
		<texture path="guis/dlcs/wraith/textures/pd2/blackmarket/icons/grenades/wraith_form"/>
		<texture path="guis/dlcs/toxin/textures/pd2/specialization/icons_atlas"/>
		<texture path="guis/dlcs/daredevil/textures/pd2/specialization/icons_atlas"/>
		<texture path="guis/dlcs/archer/textures/pd2/specialization/icons_atlas"/>
		<texture path="guis/dlcs/bleed/textures/pd2/specialization/icons_atlas"/>
		<texture path="guis/dlcs/wraith/textures/pd2/specialization/icons_atlas"/>
		<texture path="guis/textures/pd2/specialization/icons_atlas"/>
		<texture path="guis/textures/pd2/shared_lines"/>
		<texture path="guis/textures/pd2/shared_tab_box"/>
		<texture path="guis/textures/full_screen_effect_1"/>
		<texture path="guis/textures/full_screen_effect_2"/>
		<texture path="guis/textures/full_screen_effect_3"/>
		<texture path="guis/textures/full_screen_effect_4"/>
		<texture path="guis/textures/full_screen_effect_5"/>
		<texture path="guis/textures/full_screen_effect_6"/>
		<texture path="guis/dlcs/mom/textures/pd2/ai_abilities_new_dmgmul"/>
		<texture path="guis/dlcs/mom/textures/pd2/ai_abilities_new_bagms"/>
		<texture path="guis/dlcs/berserk/textures/pd2/hud_bite_the_bullet_ability"/>
		<texture path="guis/dlcs/bleed/textures/pd2/bleed_ability"/>
		<texture path="guis/dlcs/wraith/textures/pd2/wraith_form"/>
		<texture path="guis/textures/pd2/hud_immunity"/>
		<texture path="guis/textures/pd2/cracked-shield-left"/>
		<texture path="guis/textures/pd2/cracked-shield-right"/>
		<texture path="guis/textures/pd2/enemy-shield"/>
		<texture path="guis/textures/pd2/def_debuff"/>
		<texture path="guis/textures/hud_uniq"/>
		<texture path="guis/textures/hud_platings"/>
		<texture path="guis/dlcs/berserk/textures/pd2/blackmarket/icons/grenades/archer_ability"/>

    </AddFiles>
    <assets base_path="assets/" load="startup">
		<group name="guis/textures/" path="assets/guis/textures/">
			<file :name="Rank_E.texture" :path="Rank_E.texture"/>
			<file :name="Rank_D.texture" :path="Rank_D.texture"/>
			<file :name="Rank_C.texture" :path="Rank_C.texture"/>
			<file :name="Rank_B.texture" :path="Rank_B.texture"/>
			<file :name="Rank_A.texture" :path="Rank_A.texture"/>
		    <file :name="Rank_S.texture" :path="Rank_S.texture"/>
		</group>
	</assets>
</mod>